0,-383.625
1,-385.425
2,-388.025
3,-390.275
4,-382.425
5,-385.075
6,-387.150
7,-389.325
8,-391.875
9,-393.625
10,-385.675
11,-388.075
12,-390.725
13,-392.675
14,-395.275
15,-386.925
16,-389.225
17,-391.875
18,-393.475
19,-395.925
20,-398.075
21,-390.225
22,-393.075
23,-395.275
24,-397.625
25,-399.825
26,-401.900
27,-394.075
28,-396.225
29,-398.625
30,-400.700
31,-402.950
32,-404.975
33,-397.475
34,-399.850
35,-401.525
36,-404.500
37,-406.375
38,-398.375
39,-400.650
40,-403.050
41,-405.400
42,-382.175
43,-384.675
44,-401.625
45,-404.375
46,-406.425
47,-383.200
48,-385.225
49,-387.400
50,-405.525
51,-381.750
52,-384.400
53,-386.525
54,-389.250
55,-391.050
56,-382.975
57,-385.650
58,-387.875
59,-389.975
60,-392.325
61,-384.150
62,-386.725
63,-389.125
64,-390.800
65,-393.650
66,-395.325
67,-388.000
68,-389.625
69,-392.375
70,-394.750
71,-397.075
72,-399.175
73,-391.600
74,-393.775
75,-395.775
76,-397.925
77,-400.450
78,-402.900
79,-394.925
80,-396.725
81,-399.275
82,-401.650
83,-403.875
84,-405.850
85,-398.250
86,-400.450
87,-402.525
88,-404.925
89,-381.550
90,-398.825
91,-401.050
92,-404.050
93,-406.325
94,-382.825
95,-384.950
96,-402.250
97,-405.075
98,-381.775
99,-383.875
100,-385.925
101,-388.150
102,-406.375
103,-382.525
104,-385.075
105,-387.050
106,-389.825
107,-391.700
108,-384.150
109,-386.025
110,-388.325
111,-390.925
112,-393.275
113,-385.175
114,-387.500
115,-389.475
116,-391.550
117,-394.125
118,-396.375
119,-388.625
120,-390.925
121,-393.275
122,-395.150
123,-397.775
124,-399.650
125,-391.975
126,-394.350
127,-396.125
128,-398.975
129,-401.100
130,-403.525
131,-395.375
132,-397.625
133,-399.750
134,-402.150
135,-404.075
136,-406.500
137,-399.025
138,-400.850
139,-403.225
140,-405.650
141,-382.600
142,-399.925
143,-401.900
144,-404.700
145,-381.250
146,-383.250
147,-385.925
148,-403.250
149,-405.750
150,-382.050
151,-384.275
152,-386.975
153,-388.850
154,-381.050
155,-383.400
156,-385.225
157,-388.225
158,-390.550
159,-392.275
160,-384.875
161,-386.600
162,-388.925
163,-391.500
164,-393.775
165,-385.575
166,-388.225
167,-390.325
168,-392.725
169,-394.650
170,-397.275
171,-389.100
172,-391.200
173,-393.775
174,-396.175
175,-398.575
176,-400.650
177,-392.775
178,-395.125
179,-396.725
180,-399.125
181,-401.250
182,-403.850
183,-396.200
184,-398.525
185,-400.075
186,-403.100
187,-405.075
188,-397.025
189,-399.725
190,-401.450
191,-403.700
192,-406.175
193,-382.975
194,-400.175
195,-402.525
196,-404.925
197,-381.625
198,-384.150
199,-386.475
200,-403.900
201,-406.175
202,-383.200
203,-385.400
204,-387.725
205,-389.950
206,-381.775
207,-383.900
208,-386.400
209,-388.275
210,-390.875
211,-393.025
212,-385.125
213,-387.300
214,-389.850
215,-391.800
216,-393.975
217,-386.600
218,-388.900
219,-390.900
220,-393.025
221,-395.375
222,-397.375
223,-389.750
224,-392.050
225,-394.075
226,-396.600
227,-399.100
228,-401.500
229,-393.100
230,-395.750
231,-397.750
232,-400.375
233,-402.575
234,-404.725
235,-396.575
236,-398.850
237,-401.325
238,-403.700
239,-405.525
240,-398.075
241,-400.500
242,-401.950
243,-405.125
244,-381.500
245,-383.775
246,-401.350
247,-403.950
248,-405.800
249,-382.875
250,-384.550
251,-387.050
252,-405.050
253,-380.975
254,-383.900
255,-385.600
256,-388.450
257,-390.600
258,-382.550
259,-385.125
260,-387.300
261,-389.125
262,-391.600
263,-383.725
264,-385.750
265,-388.175
266,-390.625
267,-392.525
268,-394.925
269,-387.325
270,-389.425
271,-391.225
272,-393.875
273,-396.475
274,-398.350
275,-390.625
276,-392.975
277,-395.125
278,-397.525
279,-399.975
280,-402.025
281,-393.775
282,-396.275
283,-398.825
284,-400.750
285,-403.150
286,-405.300
287,-397.350
288,-399.475
289,-401.925
290,-404.550
291,-406.275
292,-398.875
293,-400.375
294,-403.450
295,-405.700
296,-382.450
297,-384.475
298,-402.100
299,-404.650
300,-406.375
301,-383.525
302,-385.750
303,-387.850
304,-405.700
305,-381.750
306,-384.500
307,-386.525
308,-388.575
309,-390.725
310,-383.125
311,-385.750
312,-387.975
313,-390.325
314,-392.450
315,-384.250
316,-386.850
317,-388.525
318,-391.200
319,-393.525
320,-395.425
321,-387.375
322,-390.275
323,-392.525
324,-394.650
325,-396.875
326,-399.075
327,-391.300
328,-393.850
329,-395.975
330,-397.675
331,-400.575
332,-402.425
333,-394.650
334,-397.075
335,-399.350
336,-401.650
337,-404.050
338,-395.425
339,-398.325
340,-400.075
341,-402.500
342,-404.975
343,-382.050
344,-399.425
345,-401.150
346,-403.850
347,-405.800
348,-382.900
349,-384.775
350,-402.625
351,-404.575
352,-381.675
353,-383.350
354,-386.400
355,-388.100
356,-406.125
357,-383.025
358,-385.000
359,-387.325
360,-389.225
361,-391.925
362,-384.000
363,-386.125
364,-388.675
365,-390.625
366,-393.075
367,-384.800
368,-387.275
369,-389.125
370,-391.825
371,-394.400
372,-396.125
373,-388.625
374,-390.725
375,-393.150
376,-395.325
377,-397.375
378,-399.425
379,-392.050
380,-394.025
381,-396.525
382,-398.850
383,-401.200
384,-403.550
385,-395.000
386,-397.975
387,-399.750
388,-402.225
389,-404.600
390,-396.225
391,-398.650
392,-400.900
393,-403.100
394,-405.500
395,-382.450
396,-400.000
397,-402.125
398,-403.975
399,-381.175
400,-383.675
401,-385.900
402,-403.550
403,-405.875
404,-382.600
405,-384.475
406,-387.100
407,-388.825
408,-381.175
409,-383.775
410,-385.575
411,-387.775
412,-389.850
413,-382.300
414,-384.850
415,-386.975
416,-388.700
417,-391.025
418,-393.950
419,-385.325
420,-387.650
421,-390.025
422,-392.775
423,-395.075
424,-397.225
425,-389.050
426,-391.250
427,-393.550
428,-396.075
429,-398.550
430,-400.425
431,-392.675
432,-395.050
433,-396.775
434,-399.425
435,-401.850
436,-404.200
437,-396.275
438,-397.975
439,-400.750
440,-402.675
441,-404.775
442,-397.325
443,-399.075
444,-401.350
445,-404.250
446,-406.650
447,-383.250
448,-400.825
449,-403.050
450,-404.875
451,-381.550
452,-383.900
453,-385.975
454,-403.650
455,-406.125
456,-382.900
457,-385.225
458,-387.375
459,-389.975
460,-381.625
461,-384.300
462,-386.175
463,-388.275
464,-391.075
465,-382.825
466,-385.425
467,-387.325
468,-389.800
469,-391.725
470,-393.975
471,-386.700
472,-388.475
473,-391.300
474,-393.400
475,-395.275
476,-397.850
477,-389.475
478,-392.225
479,-394.200
480,-396.575
481,-399.350
482,-401.550
483,-393.075
484,-395.575
485,-398.075
486,-400.175
487,-402.275
488,-394.400
489,-396.600
490,-398.925
491,-401.450
492,-403.450
493,-405.700
494,-398.125
495,-400.325
496,-402.675
497,-404.650
498,-381.725
499,-383.550
500,-401.000
501,-403.375
502,-405.750
503,-382.900
504,-384.250
505,-386.850
506,-405.125
507,-381.500
508,-383.725
509,-385.925
510,-388.475
511,-390.175
512,-382.900
513,-384.450
514,-386.975
515,-389.350
516,-391.825
517,-383.625
518,-386.075
519,-388.350
520,-390.775
521,-393.100
522,-395.000
523,-387.300
524,-389.425
525,-391.725
526,-393.925
527,-396.125
528,-398.850
529,-390.900
530,-392.725
531,-395.275
532,-397.225
533,-399.850
534,-401.900
535,-393.950
536,-396.575
537,-398.625
538,-401.100
539,-403.325
540,-395.375
541,-397.275
542,-399.775
543,-401.950
544,-404.250
545,-406.700
546,-398.575
547,-400.700
548,-403.350
549,-405.700
550,-382.125
551,-384.600
552,-402.450
553,-404.350
554,-406.600
555,-383.075
556,-385.575
557,-387.500
558,-405.700
559,-382.050
560,-383.950
561,-386.700
562,-389.250
563,-381.075
564,-383.075
565,-385.475
566,-387.875
567,-389.675
568,-391.875
569,-384.625
570,-386.625
571,-388.700
572,-391.175
573,-393.100
574,-395.425
575,-387.775
576,-390.375
577,-392.525
578,-394.300
579,-396.775
580,-399.325
581,-390.900
582,-393.575
583,-395.550
584,-398.025
585,-400.450
586,-402.375
587,-394.950
588,-397.175
589,-399.350
590,-401.650
591,-404.000
592,-395.750
593,-397.675
594,-400.500
595,-402.500
596,-405.225
597,-381.925
598,-399.625
599,-401.800
600,-403.350
601,-405.900
602,-382.700
603,-385.000
604,-402.650
605,-405.225
606,-381.950
607,-384.200
608,-386.400
609,-388.575
610,-405.900
611,-382.600
612,-384.600
613,-387.175
614,-389.525
615,-381.775
616,-384.150
617,-386.475
618,-388.100
619,-390.875
620,-393.350
621,-385.200
622,-387.200
623,-389.525
624,-392.250
625,-393.925
626,-396.525
627,-388.575
628,-390.675
629,-392.925
630,-395.275
631,-397.775
632,-400.150
633,-391.625
634,-394.075
635,-396.675
636,-399.075
637,-401.050
638,-392.975
639,-395.550
640,-397.850
641,-399.975
642,-402.250
643,-404.500
644,-396.025
645,-398.275
646,-400.900
647,-403.000
648,-405.800
649,-382.325
650,-400.125
651,-402.050
652,-404.500
653,-381.450
654,-383.650
655,-385.925
656,-403.650
657,-405.525
658,-382.450
659,-384.150
660,-386.850
661,-388.925
662,-381.500
663,-383.725
664,-385.850
665,-388.225
666,-390.375
667,-382.500
668,-384.750
669,-387.100
670,-388.925
671,-391.250
672,-393.975
673,-385.975
674,-387.775
675,-390.625
676,-392.650
677,-395.050
678,-397.425
679,-388.850
680,-391.550
681,-393.925
682,-395.900
683,-398.550
684,-400.175
685,-392.675
686,-394.500
687,-397.225
688,-399.375
689,-402.125
690,-393.650
691,-396.175
692,-398.225
693,-400.900
694,-402.675
695,-405.500
696,-397.325
697,-399.825
698,-402.050
699,-403.750
700,-406.125
701,-382.800
702,-400.550
703,-403.025
704,-405.425
705,-381.500
706,-384.150
707,-386.700
708,-403.850
709,-406.550
710,-383.125
711,-384.900
712,-387.375
713,-379.350
714,-381.675
715,-383.775
716,-386.475
717,-388.850
718,-390.775
719,-382.550
720,-384.975
721,-387.375
722,-389.750
723,-391.725
724,-394.475
725,-386.475
726,-388.675
727,-390.975
728,-393.550
729,-395.125
730,-397.575
731,-389.875
732,-392.375
733,-394.375
734,-396.975
735,-398.875
736,-401.450
737,-392.975
738,-395.925
739,-397.875
740,-400.225
741,-402.500
742,-394.600
743,-396.350
744,-399.150
745,-401.400
746,-403.525
747,-405.575
748,-398.175
749,-400.375
750,-402.275
751,-404.925
752,-381.550
753,-383.775
754,-401.500
755,-403.425
756,-405.525
757,-382.925
758,-384.900
759,-387.325
760,-404.375
761,-381.550
762,-383.900
763,-386.050
764,-388.100
765,-405.850
766,-382.575
767,-384.950
768,-386.900
769,-389.525
770,-391.725
771,-384.000
772,-385.750
773,-388.575
774,-390.775
775,-392.800
776,-395.025
777,-386.800
778,-388.925
779,-391.925
780,-393.775
781,-395.975
782,-398.625
783,-390.700
784,-393.200
785,-395.225
786,-397.675
787,-399.575
788,-402.250
789,-393.750
790,-396.275
791,-398.925
792,-401.125
793,-403.300
794,-394.650
795,-397.475
796,-399.925
797,-401.650
798,-404.150
799,-406.850
800,-398.675
801,-401.150
802,-403.475
803,-405.800
804,-382.250
805,-384.275
806,-401.625
807,-404.300
808,-406.275
809,-382.900
810,-385.400
811,-387.725
812,-404.950
813,-382.225
814,-384.625
815,-386.400
816,-388.325
817,-406.600
818,-382.975
819,-385.075
820,-388.150
821,-389.975
822,-392.675
823,-384.175
824,-386.675
825,-388.675
826,-391.500
827,-393.500
828,-395.925
829,-387.850
830,-390.075
831,-392.425
832,-394.650
833,-397.075
834,-398.850
835,-390.825
836,-393.750
837,-395.750
838,-398.125
839,-400.550
840,-392.325
841,-394.650
842,-397.175
843,-399.525
844,-401.350
845,-404.100
846,-396.075
847,-398.350
848,-400.575
849,-402.950
850,-405.225
851,-381.950
852,-399.425
853,-401.375
854,-403.850
855,-406.325
856,-382.500
857,-385.325
858,-402.500
859,-405.225
860,-381.950
861,-383.775
862,-386.125
863,-388.625
864,-406.200
865,-382.875
866,-384.700
867,-386.900
868,-389.425
869,-381.675
870,-384.000
871,-386.150
872,-388.175
873,-390.975
874,-392.825
875,-385.000
876,-387.500
877,-389.475
878,-391.825
879,-394.025
880,-396.475
881,-388.425
882,-390.425
883,-392.925
884,-395.350
885,-397.325
886,-399.675
887,-392.250
888,-393.975
889,-396.475
890,-398.650
891,-401.000
892,-393.075
893,-395.250
894,-397.775
895,-399.825
896,-402.250
897,-404.575
898,-396.500
899,-398.850
900,-400.650
901,-403.350
902,-405.500
903,-382.300
904,-400.375
905,-401.850
906,-404.850
907,-381.300
908,-383.575
909,-385.750
910,-403.125
911,-405.450
912,-382.450
913,-384.600
914,-386.775
915,-404.300
916,-381.075
917,-383.725
918,-385.475
919,-388.175
920,-390.075
921,-382.425
922,-384.875
923,-387.175
924,-389.225
925,-391.450
926,-393.925
927,-386.075
928,-388.175
929,-390.400
930,-392.800
931,-394.825
932,-397.525
933,-389.425
934,-391.500
935,-393.500
936,-395.675
937,-398.225
938,-400.750
939,-392.925
940,-395.175
941,-397.450
942,-399.575
943,-402.050
944,-393.575
945,-396.075
946,-398.575
947,-400.175
948,-403.000
949,-405.125
950,-397.325
951,-399.375
952,-401.900
953,-404.200
954,-406.325
955,-382.725
956,-400.750
957,-402.900
958,-405.500
959,-382.300
960,-384.400
961,-386.325
962,-404.100
963,-406.225
964,-383.200
965,-385.225
966,-387.650
967,-404.950
968,-382.225
969,-384.375
970,-386.325
971,-388.925
972,-390.700
973,-383.300
974,-384.975
975,-387.175
976,-389.775
977,-392.200
978,-394.175
979,-386.700
980,-388.750
981,-390.675
982,-393.475
983,-395.225
984,-397.625
985,-390.250
986,-392.150
987,-394.350
988,-396.500
989,-399.175
990,-391.450
991,-393.375
992,-395.250
993,-397.450
994,-400.075
995,-402.550
996,-394.650
997,-396.650
998,-399.200
999,-401.700
1000,-403.800
1001,-405.700
1002,-398.175
1003,-399.875
1004,-402.125
1005,-404.700
1006,-381.350
1007,-383.575
1008,-401.300
1009,-403.225
1010,-405.700
1011,-382.650
1012,-384.775
1013,-387.150
1014,-405.025
1015,-381.675
1016,-383.900
1017,-386.125
1018,-388.575
1019,-405.875
1020,-382.925
1021,-384.750
1022,-387.200
1023,-389.200
1024,-391.600
1025,-383.850
1026,-385.925
1027,-387.775
1028,-390.525
1029,-392.625
1030,-394.825
1031,-387.400
1032,-389.475
1033,-391.550
1034,-393.650
1035,-395.850
1036,-398.850
1037,-390.925
1038,-392.500
1039,-395.350
1040,-397.375
1041,-399.675
1042,-391.325
1043,-393.825
1044,-396.100
1045,-398.825
1046,-400.900
1047,-402.850
1048,-395.225
1049,-397.475
1050,-399.650
1051,-401.550
1052,-404.200
1053,-406.700
1054,-398.325
1055,-400.450
1056,-403.525
1057,-405.700
1058,-382.300
1059,-384.525
1060,-401.850
1061,-404.575
1062,-406.550
1063,-383.125
1064,-385.175
1065,-403.550
1066,-405.650
1067,-381.625
1068,-384.650
1069,-386.450
1070,-389.050
1071,-406.775
1072,-383.075
1073,-385.375
1074,-387.725
1075,-390.150
1076,-392.325
1077,-384.550
1078,-386.925
1079,-388.775
1080,-391.025
1081,-393.375
1082,-395.750
1083,-387.700
1084,-390.125
1085,-392.050
1086,-394.650
1087,-396.875
1088,-399.475
1089,-390.975
1090,-393.950
1091,-395.875
1092,-398.325
1093,-400.450
1094,-392.725
1095,-395.000
1096,-396.975
1097,-399.125
1098,-401.500
1099,-403.950
1100,-395.525
1101,-398.150
1102,-400.275
1103,-402.375
1104,-405.175
1105,-381.725
1106,-399.250
1107,-401.800
1108,-403.550
1109,-406.000
1110,-383.025
1111,-385.000
1112,-402.550
1113,-405.050
1114,-382.075
1115,-384.175
1116,-386.150
1117,-403.375
1118,-405.900
1119,-383.025
1120,-384.700
1121,-387.000
1122,-389.875
1123,-382.075
1124,-383.675
1125,-386.175
1126,-388.175
1127,-391.150
1128,-392.725
1129,-385.325
1130,-387.500
1131,-389.700
1132,-392.150
1133,-394.500
1134,-396.825
1135,-388.500
1136,-391.025
1137,-392.925
1138,-395.675
1139,-397.725
1140,-389.975
1141,-391.500
1142,-394.450
1143,-396.225
1144,-399.175
1145,-400.950
1146,-393.500
1147,-395.225
1148,-398.025
1149,-400.000
1150,-402.225
1151,-404.775
1152,-396.825
1153,-398.975
1154,-400.750
1155,-403.550
1156,-405.350
1157,-382.600
1158,-399.725
1159,-402.525
1160,-404.450
1161,-381.175
1162,-383.775
1163,-385.925
1164,-403.425
1165,-405.700
1166,-382.200
1167,-384.550
1168,-386.725
1169,-404.950
1170,-381.375
1171,-383.175
1172,-385.500
1173,-388.050
1174,-390.075
1175,-382.450
1176,-384.550
1177,-386.525
1178,-389.150
1179,-391.800
1180,-393.625
1181,-386.000
1182,-388.250
1183,-390.075
1184,-392.625
1185,-395.075
1186,-397.250
1187,-388.700
1188,-391.775
1189,-393.475
1190,-396.125
1191,-398.275
1192,-390.225
1193,-392.400
1194,-395.225
1195,-396.975
1196,-399.125
1197,-401.700
1198,-393.750
1199,-395.925
1200,-398.575
1201,-400.950
1202,-403.000
1203,-404.825
1204,-397.625
1205,-399.325
1206,-402.025
1207,-404.375
1208,-406.375
1209,-383.175
1210,-400.275
1211,-402.775
1212,-404.925
1213,-382.250
1214,-383.975
1215,-375.800
1216,-403.950
1217,-405.875
1218,-383.300
1219,-385.200
1220,-387.850
1221,-405.425
1222,-382.175
1223,-384.200
1224,-386.700
1225,-389.025
1226,-390.650
1227,-383.125
1228,-385.425
1229,-387.650
1230,-389.600
1231,-392.275
1232,-394.475
1233,-386.175
1234,-388.700
1235,-391.225
1236,-393.400
1237,-395.125
1238,-397.375
1239,-390.025
1240,-392.200
1241,-394.450
1242,-396.825
1243,-399.075
1244,-391.300
1245,-392.975
1246,-395.425
1247,-397.775
1248,-400.450
1249,-402.050
1250,-394.350
1251,-396.725
1252,-398.950
1253,-401.575
1254,-403.650
1255,-405.750
1256,-398.125
1257,-399.925
1258,-402.775
1259,-404.600
1260,-381.375
1261,-383.975
1262,-401.000
1263,-403.300
1264,-406.375
1265,-382.400
1266,-384.400
1267,-402.850
1268,-405.225
1269,-381.400
1270,-383.975
1271,-386.175
1272,-388.475
1273,-405.850
1274,-382.700
1275,-385.175
1276,-387.000
1277,-389.575
1278,-392.150
1279,-383.675
1280,-386.000
1281,-388.225
1282,-390.875
1283,-392.925
1284,-395.225
1285,-387.525
1286,-389.775
1287,-391.425
1288,-393.850
1289,-396.650
1290,-388.400
1291,-390.250
1292,-392.800
1293,-394.850
1294,-397.250
1295,-399.425
1296,-391.400
1297,-393.750
1298,-396.650
1299,-398.475
1300,-400.750
1301,-402.775
1302,-395.525
1303,-397.325
1304,-399.625
1305,-401.575
1306,-404.550
1307,-406.825
1308,-398.250
1309,-400.800
1310,-402.950
1311,-405.575
1312,-381.975
1313,-384.675
1314,-402.050
1315,-404.200
1316,-380.725
1317,-383.175
1318,-385.325
1319,-402.850
1320,-405.750
1321,-382.225
1322,-384.700
1323,-386.550
1324,-388.500
1325,-406.550
1326,-383.300
1327,-385.925
1328,-387.575
1329,-390.450
1330,-392.550
1331,-384.675
1332,-386.775
1333,-388.950
1334,-391.600
1335,-393.650
1336,-396.025
1337,-387.825
1338,-389.675
1339,-392.375
1340,-394.750
1341,-396.825
1342,-389.000
1343,-391.625
1344,-393.825
1345,-396.125
1346,-397.775
1347,-400.725
1348,-392.425
1349,-395.000
1350,-397.150
1351,-399.350
1352,-401.500
1353,-404.050
1354,-396.125
1355,-398.075
1356,-400.150
1357,-402.725
1358,-404.925
1359,-381.600
1360,-399.075
1361,-401.700
1362,-403.950
1363,-406.225
1364,-382.825
1365,-385.125
1366,-402.750
1367,-404.700
1368,-381.650
1369,-383.950
1370,-386.550
1371,-404.100
1372,-406.500
1373,-382.925
1374,-384.975
1375,-386.775
1376,-389.575
1377,-382.075
1378,-383.875
1379,-385.850
1380,-388.700
1381,-391.075
1382,-393.175
1383,-385.200
1384,-387.250
1385,-389.725
1386,-392.375
1387,-394.450
1388,-396.050
1389,-388.275
1390,-390.725
1391,-393.150
1392,-395.125
1393,-397.725
1394,-389.975
1395,-392.050
1396,-394.300
1397,-396.225
1398,-398.950
1399,-400.700
1400,-392.775
1401,-395.675
1402,-397.625
1403,-399.775
1404,-402.325
1405,-404.450
1406,-396.475
1407,-398.575
1408,-401.400
1409,-403.675
1410,-405.500
1411,-382.550
1412,-400.175
1413,-402.650
1414,-404.925
1415,-381.600
1416,-383.900
1417,-400.850
1418,-403.750
1419,-405.625
1420,-382.125
1421,-384.625
1422,-386.775
1423,-404.200
1424,-381.175
1425,-383.375
1426,-385.750
1427,-387.825
1428,-390.250
1429,-382.725
1430,-384.850
1431,-387.150
1432,-389.150
1433,-391.200
1434,-393.475
1435,-385.800
1436,-388.025
1437,-390.625
1438,-392.550
1439,-394.725
1440,-396.975
1441,-389.475
1442,-391.325
1443,-393.675
1444,-395.875
1445,-397.950
1446,-390.775
1447,-392.975
1448,-395.075
1449,-397.450
1450,-399.475
1451,-402.150
1452,-393.525
1453,-396.275
1454,-398.175
1455,-400.250
1456,-402.850
1457,-405.075
1458,-397.550
1459,-399.750
1460,-402.150
1461,-404.500
1462,-406.325
1463,-382.725
1464,-400.650
1465,-402.575
1466,-405.350
1467,-381.825
1468,-383.850
1469,-401.700
1470,-403.950
1471,-406.375
1472,-383.125
1473,-385.325
1474,-387.875
1475,-405.025
1476,-382.050
1477,-383.950
1478,-386.275
1479,-388.575
1480,-390.975
1481,-383.075
1482,-385.600
1483,-387.450
1484,-390.250
1485,-391.825
1486,-394.200
1487,-386.575
1488,-388.575
1489,-391.250
1490,-393.725
1491,-395.450
1492,-387.875
1493,-390.375
1494,-392.325
1495,-394.550
1496,-396.375
1497,-399.275
1498,-390.925
1499,-393.350
1500,-395.825
1501,-398.325
1502,-400.150
1503,-402.675
1504,-394.500
1505,-396.825
1506,-398.975
1507,-401.150
1508,-403.350
1509,-405.850
1510,-397.875
1511,-400.000
1512,-402.775
1513,-404.725
1514,-381.675
1515,-383.775
1516,-401.200
1517,-403.475
1518,-406.325
1519,-382.775
1520,-385.125
1521,-402.325
1522,-405.050
1523,-381.500
1524,-383.775
1525,-385.525
1526,-388.325
1527,-406.000
1528,-382.900
1529,-384.900
1530,-387.325
1531,-389.775
1532,-391.775
1533,-384.075
1534,-385.925
1535,-387.975
1536,-390.275
1537,-393.175
1538,-395.525
1539,-387.450
1540,-389.150
1541,-392.100
1542,-393.850
1543,-396.675
1544,-388.225
1545,-390.600
1546,-393.275
1547,-395.350
1548,-397.375
1549,-399.825
1550,-391.725
1551,-394.175
1552,-396.375
1553,-398.850
1554,-400.450
1555,-403.250
1556,-395.450
1557,-397.650
1558,-400.125
1559,-402.500
1560,-404.600
1561,-406.225
1562,-398.850
1563,-401.250
1564,-403.100
1565,-405.700
1566,-382.450
1567,-400.125
1568,-401.700
1569,-404.400
1570,-380.675
1571,-383.400
1572,-385.400
1573,-403.050
1574,-405.550
1575,-382.350
1576,-384.300
1577,-386.625
1578,-388.450
1579,-381.000
1580,-383.650
1581,-385.825
1582,-387.450
1583,-390.550
1584,-392.725
1585,-384.750
1586,-386.925
1587,-389.100
1588,-391.250
1589,-393.500
1590,-396.175
1591,-387.775
1592,-390.075
1593,-392.375
1594,-394.750
1595,-397.100
1596,-388.850
1597,-391.250
1598,-393.350
1599,-396.075
1600,-398.450
1601,-400.050
1602,-392.875
1603,-394.750
1604,-397.425
1605,-399.425
1606,-401.900
1607,-404.150
1608,-395.875
1609,-398.375
1610,-400.225
1611,-402.950
1612,-404.925
1613,-381.400
1614,-399.275
1615,-401.800
1616,-404.300
1617,-405.800
1618,-383.125
1619,-400.225
1620,-402.750
1621,-404.850
1622,-382.025
1623,-384.200
1624,-386.325
1625,-403.900
1626,-406.075
1627,-383.200
1628,-385.325
1629,-386.925
1630,-389.725
1631,-382.125
1632,-384.150
1633,-386.300
1634,-388.700
1635,-390.725
1636,-392.675
1637,-385.500
1638,-386.925
1639,-389.425
1640,-391.625
1641,-394.250
1642,-385.925
1643,-388.225
1644,-390.600
1645,-392.975
1646,-395.725
1647,-397.775
1648,-389.725
1649,-392.225
1650,-394.650
1651,-396.875
1652,-399.050
1653,-401.325
1654,-393.150
1655,-395.250
1656,-398.025
1657,-399.950
1658,-402.575
1659,-404.550
1660,-397.025
1661,-398.625
1662,-401.200
1663,-403.600
1664,-405.400
1665,-382.300
1666,-399.575
1667,-402.500
1668,-404.450
1669,-381.275
1670,-383.800
1671,-400.750
1672,-403.800
1673,-405.925
1674,-382.600
1675,-384.775
1676,-386.550
1677,-404.850
1678,-381.275
1679,-383.200
1680,-385.700
1681,-388.050
1682,-390.375
1683,-382.825
1684,-384.500
1685,-387.250
1686,-388.850
1687,-391.625
1688,-393.550
1689,-386.050
1690,-388.175
1691,-390.675
1692,-392.375
1693,-394.950
1694,-386.925
1695,-389.050
1696,-391.825
1697,-394.075
1698,-396.025
1699,-398.150
1700,-390.400
1701,-392.550
1702,-394.750
1703,-397.250
1704,-399.425
1705,-401.400
1706,-394.050
1707,-396.325
1708,-398.175
1709,-400.450
1710,-402.900
1711,-405.650
1712,-397.575
1713,-399.475
1714,-402.125
1715,-404.350
1716,-406.875
1717,-398.150
1718,-400.650
1719,-403.050
1720,-405.025
1721,-382.250
1722,-384.075
1723,-401.800
1724,-403.950
1725,-406.700
1726,-383.075
1727,-385.650
1728,-388.025
1729,-405.275
1730,-382.400
1731,-384.400
1732,-386.725
1733,-388.425
1734,-390.800
1735,-383.025
1736,-385.150
1737,-387.500
1738,-390.225
1739,-392.050
1740,-394.650
1741,-386.675
1742,-389.150
1743,-390.975
1744,-393.375
1745,-395.475
1746,-387.625
1747,-390.325
1748,-392.600
1749,-394.850
1750,-396.775
1751,-399.125
1752,-391.450
1753,-393.725
1754,-395.375
1755,-398.350
1756,-399.725
1757,-402.575
1758,-394.600
1759,-397.175
1760,-398.950
1761,-401.350
1762,-404.000
1763,-405.450
1764,-398.050
1765,-400.625
1766,-402.650
1767,-404.875
1768,-381.775
1769,-398.950
1770,-401.525
1771,-403.625
1772,-405.650
1773,-382.600
1774,-385.075
1775,-402.575
1776,-405.200
1777,-381.150
1778,-383.725
1779,-385.575
1780,-387.800
1781,-405.975
1782,-382.800
1783,-384.800
1784,-386.975
1785,-389.725
1786,-391.625
1787,-383.750
1788,-386.400
1789,-388.475
1790,-390.625
1791,-392.975
1792,-385.225
1793,-387.025
1794,-389.350
1795,-391.725
1796,-393.875
1797,-396.175
1798,-388.350
1799,-390.375
1800,-392.500
1801,-395.525
1802,-397.625
1803,-399.925
1804,-391.875
1805,-393.775
1806,-396.325
1807,-398.675
1808,-401.050
1809,-403.475
1810,-395.075
1811,-397.775
1812,-399.975
1813,-401.650
1814,-404.275
1815,-381.275
1816,-398.850
1817,-401.300
1818,-403.000
1819,-405.325
1820,-382.175
1821,-400.050
1822,-401.900
1823,-404.650
1824,-381.050
1825,-383.275
1826,-385.650
1827,-403.525
1828,-405.700
1829,-382.175
1830,-384.850
1831,-386.625
1832,-388.625
1833,-407.000
1834,-383.650
1835,-385.600
1836,-388.050
1837,-390.125
1838,-392.650
1839,-384.600
1840,-387.025
1841,-388.575
1842,-391.550
1843,-393.250
1844,-385.225
1845,-387.525
1846,-390.325
1847,-392.425
1848,-394.750
1849,-397.325
1850,-389.425
1851,-391.675
1852,-393.575
1853,-395.725
1854,-398.225
1855,-400.075
1856,-392.375
1857,-395.050
1858,-397.225
1859,-399.425
1860,-401.850
1861,-404.200
1862,-395.475
1863,-398.550
1864,-400.450
1865,-402.375
1866,-405.350
1867,-371.500
1868,-399.350
1869,-401.525
1870,-403.775
1871,-406.425
1872,-383.075
1873,-400.800
1874,-402.550
1875,-405.450
1876,-381.625
1877,-384.375
1878,-386.475
1879,-404.300
1880,-406.225
1881,-383.025
1882,-385.300
1883,-387.275
1884,-389.525
1885,-381.875
1886,-384.050
1887,-386.350
1888,-388.275
1889,-391.025
1890,-393.500
1891,-385.475
1892,-387.300
1893,-389.475
1894,-391.875
1895,-394.450
1896,-386.375
1897,-388.575
1898,-390.500
1899,-393.250
1900,-395.325
1901,-397.725
1902,-390.075
1903,-391.600
1904,-394.500
1905,-396.425
1906,-399.225
1907,-400.850
1908,-393.450
1909,-395.725
1910,-397.875
1911,-399.975
1912,-401.950
1913,-404.200
1914,-396.475
1915,-398.525
1916,-401.050
1917,-403.800
1918,-405.900
1919,-398.075
1920,-400.175
1921,-402.525
1922,-404.875
1923,-381.550
1924,-383.950
1925,-401.250
1926,-403.450
1927,-405.875
1928,-382.800
1929,-385.000
1930,-387.050
1931,-404.500
1932,-380.900
1933,-383.800
1934,-385.750
1935,-388.450
1936,-390.250
1937,-382.725
1938,-384.750
1939,-386.925
1940,-389.150
1941,-391.825
1942,-383.875
1943,-385.375
1944,-388.475
1945,-390.225
1946,-392.650
1947,-394.925
1948,-386.925
1949,-388.925
1950,-391.625
1951,-393.725
1952,-396.275
1953,-398.825
1954,-390.775
1955,-392.975
1956,-395.325
1957,-397.325
1958,-399.375
1959,-401.750
1960,-394.200
1961,-396.225
1962,-398.450
1963,-401.000
1964,-402.650
1965,-405.225
1966,-397.625
1967,-399.625
1968,-401.950
1969,-403.750
1970,-406.125
1971,-398.750
1972,-400.500
1973,-403.250
1974,-405.550
1975,-381.850
1976,-384.250
1977,-401.450
1978,-404.075
1979,-406.375
1980,-383.200
1981,-385.700
1982,-387.450
1983,-405.125
1984,-381.925
1985,-384.500
1986,-386.850
1987,-388.450
1988,-390.900
1989,-383.125
1990,-385.425
1991,-387.600
1992,-390.400
1993,-392.400
1994,-384.475
1995,-386.125
1996,-389.200
1997,-391.150
1998,-393.300
1999,-396.050
2000,-387.875
2001,-390.225
2002,-392.625
2003,-394.575
2004,-396.725
2005,-399.325
2006,-391.500
2007,-393.550
2008,-395.625
2009,-397.725
2010,-400.125
2011,-402.725
2012,-394.875
2013,-396.775
2014,-399.050
2015,-401.325
2016,-403.750
2017,-405.900
2018,-398.350
2019,-400.075
2020,-402.525
2021,-404.600
2022,-381.550
2023,-398.775
2024,-401.450
2025,-404.075
2026,-406.200
2027,-383.025
2028,-385.175
2029,-402.275
2030,-405.025
2031,-381.875
2032,-383.850
2033,-386.400
2034,-388.675
2035,-406.200
2036,-382.550
2037,-384.800
2038,-387.175
2039,-389.425
2040,-391.875
2041,-383.900
2042,-386.025
2043,-388.225
2044,-390.650
2045,-392.900
2046,-384.950
2047,-387.050
2048,-389.350
2049,-391.625
2050,-394.125
2051,-396.625
2052,-388.700
2053,-390.375
2054,-393.025
2055,-395.225
2056,-397.825
2057,-399.975
2058,-391.725
2059,-394.500
2060,-397.000
2061,-399.050
2062,-400.950
2063,-403.350
2064,-395.125
2065,-397.325
2066,-399.950
2067,-402.375
2068,-404.500
2069,-396.350
2070,-398.975
2071,-400.900
2072,-403.600
2073,-405.500
2074,-381.975
2075,-399.725
2076,-401.925
2077,-404.375
2078,-381.300
2079,-383.350
2080,-385.300
2081,-403.600
2082,-405.600
2083,-382.425
2084,-384.375
2085,-386.925
2086,-388.925
2087,-380.950
2088,-383.175
2089,-385.200
2090,-387.575
2091,-390.400
2092,-392.375
2093,-384.150
2094,-386.700
2095,-389.225
2096,-391.500
2097,-393.300
2098,-385.925
2099,-388.225
2100,-390.575
2101,-392.800
2102,-394.950
2103,-396.975
2104,-388.925
2105,-391.425
2106,-393.775
2107,-395.975
2108,-398.350
2109,-400.900
2110,-392.450
2111,-395.050
2112,-397.025
2113,-399.525
2114,-401.750
2115,-403.950
2116,-395.925
2117,-397.925
2118,-400.375
2119,-403.000
2120,-405.300
2121,-397.175
2122,-399.325
2123,-401.750
2124,-404.250
2125,-406.500
2126,-382.725
2127,-400.650
2128,-402.900
2129,-405.125
2130,-381.725
2131,-384.050
2132,-386.575
2133,-404.350
2134,-406.100
2135,-382.975
2136,-385.125
2137,-387.725
2138,-389.600
2139,-382.175
2140,-384.375
2141,-386.025
2142,-388.450
2143,-390.600
2144,-383.275
2145,-385.475
2146,-386.925
2147,-389.825
2148,-391.950
2149,-394.600
2150,-386.175
2151,-388.500
2152,-390.725
2153,-393.250
2154,-395.775
2155,-397.975
2156,-389.425
2157,-392.250
2158,-394.700
2159,-397.100
2160,-398.875
2161,-401.100
2162,-393.025
2163,-395.275
2164,-397.675
2165,-399.750
2166,-402.375
2167,-404.600
2168,-396.725
2169,-398.875
2170,-401.150
2171,-403.325
2172,-406.075
2173,-398.050
2174,-400.175
2175,-402.375
2176,-404.500
2177,-381.275
2178,-383.575
2179,-401.500
2180,-403.750
2181,-406.125
2182,-382.025
2183,-384.400
2184,-386.475
2185,-404.700
2186,-381.500
2187,-383.475
2188,-385.600
2189,-387.950
2190,-390.450
2191,-382.225
2192,-384.550
2193,-386.475
2194,-389.250
2195,-391.925
2196,-383.950
2197,-386.250
2198,-388.100
2199,-390.700
2200,-392.675
2201,-395.000
2202,-387.275
2203,-389.100
2204,-391.725
2205,-393.575
2206,-396.175
2207,-398.825
2208,-390.550
2209,-393.200
2210,-395.175
2211,-397.025
2212,-399.575
2213,-402.225
2214,-394.125
2215,-396.650
2216,-398.550
2217,-400.700
2218,-402.675
2219,-394.925
2220,-397.375
2221,-399.200
2222,-401.450
2223,-404.400
2224,-406.350
2225,-398.825
2226,-400.750
2227,-402.675
2228,-405.550
2229,-382.450
2230,-384.500
2231,-402.100
2232,-404.075
2233,-406.475
2234,-383.125
2235,-385.150
2236,-387.150
2237,-405.225
2238,-381.675
2239,-384.050
2240,-386.700
2241,-388.575
2242,-391.050
2243,-382.975
2244,-385.800
2245,-387.650
2246,-389.775
2247,-392.200
2248,-384.250
2249,-386.075
2250,-388.750
2251,-391.075
2252,-393.150
2253,-395.750
2254,-387.825
2255,-390.050
2256,-392.150
2257,-394.700
2258,-396.925
2259,-399.425
2260,-391.075
2261,-393.475
2262,-395.350
2263,-397.575
2264,-400.500
2265,-402.500
2266,-395.025
2267,-397.225
2268,-399.225
2269,-401.150
2270,-404.050
2271,-395.825
2272,-398.425
2273,-400.600
2274,-402.525
2275,-404.875
2276,-381.675
2277,-399.175
2278,-401.375
2279,-403.375
2280,-406.125
2281,-383.125
2282,-385.175
2283,-402.500
2284,-404.600
2285,-381.775
2286,-384.150
2287,-386.375
2288,-388.475
2289,-406.100
2290,-382.650
2291,-385.125
2292,-387.100
2293,-389.775
2294,-381.925
2295,-383.975
2296,-386.175
2297,-388.475
2298,-390.975
2299,-392.925
2300,-385.425
2301,-386.775
2302,-389.925
2303,-392.050
2304,-394.400
2305,-396.725
2306,-388.275
2307,-390.600
2308,-392.975
2309,-395.275
2310,-397.625
2311,-399.925
2312,-391.875
2313,-394.050
2314,-396.825
2315,-399.025
2316,-400.650
2317,-403.175
2318,-395.125
2319,-397.675
2320,-399.725
2321,-402.325
2322,-404.050
2323,-396.525
2324,-398.650
2325,-400.750
2326,-402.850
2327,-405.875
2328,-382.550
2329,-399.875
2330,-401.900
2331,-404.450
2332,-381.150
2333,-383.750
2334,-386.025
2335,-403.550
2336,-405.500
2337,-382.600
2338,-384.550
2339,-386.900
2340,-389.300
2341,-381.225
2342,-383.675
2343,-385.225
2344,-387.700
2345,-390.600
2346,-382.350
2347,-384.775
2348,-386.700
2349,-388.625
2350,-391.350
2351,-393.925
2352,-385.925
2353,-387.975
2354,-390.150
2355,-392.525
2356,-394.800
2357,-397.150
2358,-389.200
2359,-391.050
2360,-393.875
2361,-396.225
2362,-397.775
2363,-400.800
2364,-392.400
2365,-395.075
2366,-396.775
2367,-399.650
2368,-401.725
2369,-394.150
2370,-396.125
2371,-397.950
2372,-400.900
2373,-403.025
2374,-405.225
2375,-397.225
2376,-399.775
2377,-401.700
2378,-404.300
2379,-406.175
2380,-382.825
2381,-400.950
2382,-402.550
2383,-404.725
2384,-381.675
2385,-384.050
2386,-386.575
2387,-403.800
2388,-406.650
2389,-383.075
2390,-385.525
2391,-387.000
2392,-389.925
2393,-382.050
2394,-384.175
2395,-386.300
2396,-388.325
2397,-390.825
2398,-383.075
2399,-385.300
2400,-387.325
2401,-390.150
2402,-392.150
2403,-394.200
2404,-386.375
2405,-388.600
2406,-390.900
2407,-392.900
2408,-395.375
2409,-397.525
2410,-389.775
2411,-391.875
2412,-394.650
2413,-396.725
2414,-398.775
2415,-401.650
2416,-393.675
2417,-395.475
2418,-397.875
2419,-400.350
2420,-401.950
2421,-394.450
2422,-396.600
2423,-399.250
2424,-401.450
2425,-403.750
2426,-406.075
2427,-397.675
2428,-399.975
2429,-402.325
2430,-404.700
2431,-381.675
2432,-383.475
2433,-401.500
2434,-403.425
2435,-405.450
2436,-382.800
2437,-384.800
2438,-386.900
2439,-404.600
2440,-381.175
2441,-383.525
2442,-386.075
2443,-388.075
2444,-380.200
2445,-382.225
2446,-384.700
2447,-387.050
2448,-389.125
2449,-391.425
2450,-383.550
2451,-385.925
2452,-388.000
2453,-390.700
2454,-392.800
2455,-394.850
2456,-386.925
2457,-389.225
2458,-391.500
2459,-394.175
2460,-396.175
2461,-398.650
2462,-390.375
2463,-393.150
2464,-394.950
2465,-397.375
2466,-399.850
2467,-401.850
2468,-394.275
2469,-396.475
2470,-398.550
2471,-400.650
2472,-402.625
2473,-395.225
2474,-397.675
2475,-399.950
2476,-402.050
2477,-404.175
2478,-406.350
2479,-398.650
2480,-400.750
2481,-403.250
2482,-405.225
2483,-382.400
2484,-384.200
2485,-402.225
2486,-404.650
2487,-406.600
2488,-383.200
2489,-385.500
2490,-387.775
2491,-405.025
2492,-381.775
2493,-384.400
2494,-386.475
2495,-389.025
2496,-381.350
2497,-382.975
2498,-385.375
2499,-387.325
2500,-389.875
2501,-392.150
2502,-384.200
2503,-386.800
2504,-388.575
2505,-390.900
2506,-393.675
2507,-395.550
2508,-387.875
2509,-390.075
2510,-391.975
2511,-394.925
2512,-397.150
2513,-399.025
2514,-391.075
2515,-393.575
2516,-395.900
2517,-397.975
2518,-400.700
2519,-392.375
2520,-394.800
2521,-396.925
2522,-399.425
2523,-401.100
2524,-404.000
2525,-396.025
2526,-398.525
2527,-400.500
2528,-402.500
2529,-404.500
2530,-381.675
2531,-398.750
2532,-401.525
2533,-404.050
2534,-405.900
2535,-382.650
2536,-385.275
2537,-402.925
2538,-405.350
2539,-381.525
2540,-383.725
2541,-386.075
2542,-388.625
2543,-406.225
2544,-383.025
2545,-384.700
2546,-387.150
2547,-389.950
2548,-381.375
2549,-384.075
2550,-386.475
2551,-388.750
2552,-391.075
2553,-393.075
2554,-385.300
2555,-387.100
2556,-389.500
2557,-392.050
2558,-394.550
2559,-396.475
2560,-388.175
2561,-390.650
2562,-392.925
2563,-395.000
2564,-397.575
2565,-400.000
2566,-392.000
2567,-393.775
2568,-396.775
2569,-398.925
2570,-400.750
2571,-392.925
2572,-395.725
2573,-397.575
2574,-400.225
2575,-402.100
2576,-404.300
2577,-396.675
2578,-398.825
2579,-401.000
2580,-402.950
2581,-405.850
2582,-382.400
2583,-400.150
2584,-402.250
2585,-404.150
2586,-381.275
2587,-383.275
2588,-385.825
2589,-403.175
2590,-405.450
2591,-382.250
2592,-384.850
2593,-386.675
2594,-378.775
2595,-381.275
2596,-383.400
2597,-386.050
2598,-387.775
2599,-390.400
2600,-382.650
2601,-384.600
2602,-387.200
2603,-389.100
2604,-391.425
2605,-393.625
2606,-385.525
2607,-388.275
2608,-390.150
2609,-392.925
2610,-394.500
2611,-396.875
2612,-388.850
2613,-391.775
2614,-393.925
2615,-395.575
2616,-398.250
2617,-400.825
2618,-392.525
2619,-394.800
2620,-397.275
2621,-399.425
2622,-401.800
2623,-393.775
2624,-396.075
2625,-398.250
2626,-400.150
2627,-402.950
2628,-405.175
2629,-396.825
2630,-399.750
2631,-401.575
2632,-404.250
2633,-406.225
2634,-382.925
2635,-400.600
2636,-402.850
2637,-405.550
2638,-382.175
2639,-384.350
2640,-386.625
2641,-404.050
2642,-406.650
2643,-383.350
2644,-385.300
2645,-387.100
2646,-405.350
2647,-382.200
2648,-384.175
2649,-386.575
2650,-388.600
2651,-391.225
2652,-382.975
2653,-385.300
2654,-387.875
2655,-390.175
2656,-392.425
2657,-394.700
2658,-386.475
2659,-388.950
2660,-391.050
2661,-393.300
2662,-395.575
2663,-398.050
2664,-389.850
2665,-392.425
2666,-394.450
2667,-396.600
2668,-399.250
2669,-401.350
2670,-393.575
2671,-395.875
2672,-397.750
2673,-400.375
2674,-402.575
2675,-394.500
2676,-396.900
2677,-398.950
2678,-401.400
2679,-403.300
2680,-406.125
2681,-397.850
2682,-400.075
2683,-402.575
2684,-404.775
2685,-381.375
2686,-383.900
2687,-401.200
2688,-403.525
2689,-405.875
2690,-382.200
2691,-384.750
2692,-387.125
2693,-404.750
2694,-381.450
2695,-383.750
2696,-385.800
2697,-388.050
2698,-405.900
2699,-382.300
2700,-384.850
2701,-387.325
2702,-389.625
2703,-391.975
2704,-383.725
2705,-386.250
2706,-388.425
2707,-390.550
2708,-392.775
2709,-395.150
2710,-387.000
2711,-389.625
2712,-391.500
2713,-394.350
2714,-396.050
2715,-398.850
2716,-390.175
2717,-392.525
2718,-395.125
2719,-397.475
2720,-399.625
2721,-391.875
2722,-394.375
2723,-396.350
2724,-398.725
2725,-400.575
2726,-403.425
2727,-395.250
2728,-397.750
2729,-399.925
2730,-401.850
2731,-404.575
2732,-406.475
2733,-398.475
2734,-400.550
2735,-403.425
2736,-405.075
2737,-382.200
2738,-384.175
2739,-401.725
2740,-404.300
2741,-406.900
2742,-383.575
2743,-385.575
2744,-388.100
2745,-405.350
2746,-382.450
2747,-384.500
2748,-386.850
2749,-389.100
2750,-406.850
2751,-383.400
2752,-385.075
2753,-387.725
2754,-390.450
2755,-392.325
2756,-384.350
2757,-386.575
2758,-388.625
2759,-391.125
2760,-393.075
2761,-395.825
2762,-387.950
2763,-390.325
2764,-392.425
2765,-394.650
2766,-397.325
2767,-399.425
2768,-391.200
2769,-393.550
2770,-396.075
2771,-398.275
2772,-400.700
2773,-392.800
2774,-394.300
2775,-397.075
2776,-399.625
2777,-401.450
2778,-403.750
2779,-396.200
2780,-398.225
2781,-400.725
2782,-402.675
2783,-405.200
2784,-381.975
2785,-399.575
2786,-401.150
2787,-403.475
2788,-406.425
2789,-382.800
2790,-384.650
2791,-402.650
2792,-405.300
2793,-381.550
2794,-383.675
2795,-385.925
2796,-403.425
2797,-406.125
2798,-382.775
2799,-385.000
2800,-387.725
2801,-389.575
2802,-381.825
2803,-383.775
2804,-386.050
2805,-388.050
2806,-391.125
2807,-393.200
2808,-385.075
2809,-387.500
2810,-389.850
2811,-392.225
2812,-394.475
2813,-396.025
2814,-388.525
2815,-390.975
2816,-393.100
2817,-395.175
2818,-397.575
2819,-400.225
2820,-392.150
2821,-393.925
2822,-396.775
2823,-399.050
2824,-401.350
2825,-392.975
2826,-395.275
2827,-397.325
2828,-400.175
2829,-402.525
2830,-404.475
2831,-396.725
2832,-398.750
2833,-401.125
2834,-403.125
2835,-405.700
2836,-382.550
2837,-399.950
2838,-401.850
2839,-404.600
2840,-380.950
2841,-383.675
2842,-385.800
2843,-403.250
2844,-405.500
2845,-382.350
2846,-384.500
2847,-386.675
2848,-405.075
2849,-381.075
2850,-383.775
2851,-385.425
2852,-387.800
2853,-390.275
2854,-382.725
2855,-384.475
2856,-387.100
2857,-389.050
2858,-391.875
2859,-393.375
2860,-386.025
2861,-388.325
2862,-390.450
2863,-392.875
2864,-394.875
2865,-396.825
2866,-389.350
2867,-391.625
2868,-394.025
2869,-395.750
2870,-397.975
2871,-390.325
2872,-392.700
2873,-395.000
2874,-396.775
2875,-399.575
2876,-401.500
2877,-393.775
2878,-395.975
2879,-398.125
2880,-400.950
2881,-402.575
2882,-405.325
2883,-397.375
2884,-399.375
2885,-401.650
2886,-403.875
2887,-406.325
2888,-382.725
2889,-400.175
2890,-402.450
2891,-405.225
2892,-382.075
2893,-383.900
2894,-386.625
2895,-404.500
2896,-406.700
2897,-382.925
2898,-385.225
2899,-387.200
2900,-405.600
2901,-382.200
2902,-384.175
2903,-386.250
2904,-388.525
2905,-391.300
2906,-382.925
2907,-385.425
2908,-387.600
2909,-390.050
2910,-392.200
2911,-394.600
2912,-386.350
2913,-388.900
2914,-390.775
2915,-393.250
2916,-395.225
2917,-397.575
2918,-389.875
2919,-392.425
2920,-394.500
2921,-396.875
2922,-398.925
2923,-391.225
2924,-393.375
2925,-395.625
2926,-397.925
2927,-400.175
2928,-402.450
2929,-394.650
2930,-396.875
2931,-398.750
2932,-401.525
2933,-403.175
2934,-406.100
2935,-398.225
2936,-400.325
2937,-402.275
2938,-405.075
2939,-381.350
2940,-383.850
2941,-401.500
2942,-403.425
2943,-406.100
2944,-382.725
2945,-384.900
2946,-402.750
2947,-404.650
2948,-381.850
2949,-383.400
2950,-385.925
2951,-388.525
2952,-405.875
2953,-382.925
2954,-384.675
2955,-387.300
2956,-389.675
2957,-391.875
2958,-383.675
2959,-385.825
2960,-388.100
2961,-390.500
2962,-392.800
2963,-394.950
2964,-386.825
2965,-389.800
2966,-392.100
2967,-394.150
2968,-396.575
2969,-398.675
2970,-390.500
2971,-393.100
2972,-395.225
2973,-397.375
2974,-399.950
2975,-392.050
2976,-394.400
2977,-396.675
2978,-398.475
2979,-401.150
2980,-403.475
2981,-395.375
2982,-397.775
2983,-400.075
2984,-402.000
2985,-404.175
2986,-381.075
2987,-398.850
2988,-400.825
2989,-403.250
2990,-405.075
2991,-381.725
2992,-384.300
2993,-401.850
2994,-404.350
2995,-406.775
2996,-383.400
2997,-385.750
2998,-402.850
2999,-405.275
3000,-382.225
3001,-384.500
3002,-386.575
3003,-388.925
3004,-407.050
3005,-383.175
3006,-385.725
3007,-387.525
3008,-390.075
3009,-392.725
3010,-384.250
3011,-386.375
3012,-388.950
3013,-391.450
3014,-393.875
3015,-396.225
3016,-387.800
3017,-390.450
3018,-392.275
3019,-394.925
3020,-396.675
3021,-389.200
3022,-391.400
3023,-393.575
3024,-395.875
3025,-398.450
3026,-400.750
3027,-392.725
3028,-394.950
3029,-396.775
3030,-399.075
3031,-401.800
3032,-403.975
3033,-396.125
3034,-398.525
3035,-400.750
3036,-402.925
3037,-404.950
3038,-381.650
3039,-399.375
3040,-401.650
3041,-404.000
3042,-406.175
3043,-382.875
3044,-385.300
3045,-402.750
3046,-405.125
3047,-382.075
3048,-383.875
3049,-386.375
3050,-404.200
3051,-406.425
3052,-382.450
3053,-385.375
3054,-387.300
3055,-390.025
3056,-381.650
3057,-383.725
3058,-386.125
3059,-388.225
3060,-391.175
3061,-392.825
3062,-385.125
3063,-387.625
3064,-389.425
3065,-391.825
3066,-394.300
3067,-396.075
3068,-388.825
3069,-390.600
3070,-393.075
3071,-395.050
3072,-398.025
3073,-389.500
3074,-391.550
3075,-394.550
3076,-396.450
3077,-399.150
3078,-401.000
3079,-393.375
3080,-395.000
3081,-397.250
3082,-399.550
3083,-402.000
3084,-404.550
3085,-396.675
3086,-399.225
3087,-401.250
3088,-403.550
3089,-405.975
3090,-382.225
3091,-400.275
3092,-402.575
3093,-404.450
3094,-381.500
3095,-383.525
3096,-375.325
3097,-403.650
3098,-405.875
3099,-382.225
3100,-385.075
3101,-387.325
3102,-404.700
3103,-381.100
3104,-383.650
3105,-385.725
3106,-387.625
3107,-390.500
3108,-382.400
3109,-384.900
3110,-386.725
3111,-388.825
3112,-391.800
3113,-393.300
3114,-386.175
3115,-388.100
3116,-390.550
3117,-392.425
3118,-394.875
3119,-396.775
3120,-388.825
3121,-391.775
3122,-393.625
3123,-396.275
3124,-398.375
3125,-390.075
3126,-392.325
3127,-395.350
3128,-396.925
3129,-399.475
3130,-401.700
3131,-393.850
3132,-395.775
3133,-398.325
3134,-401.125
3135,-403.050
3136,-404.925
3137,-397.150
3138,-399.825
3139,-401.750
3140,-404.500
3141,-406.375
3142,-382.775
3143,-400.750
3144,-402.675
3145,-404.875
3146,-381.725
3147,-384.200
3148,-401.800
3149,-404.450
3150,-405.925
3151,-383.250
3152,-385.525
3153,-387.450
3154,-405.275
3155,-382.125
3156,-384.100
3157,-386.625
3158,-389.000
3159,-391.250
3160,-383.450
3161,-385.300
3162,-387.825
3163,-389.750
3164,-392.325
3165,-394.750
3166,-386.675
3167,-388.950
3168,-390.975
3169,-393.200
3170,-395.425
3171,-387.725
3172,-390.175
3173,-391.925
3174,-394.600
3175,-397.100
3176,-399.075
3177,-390.900
3178,-393.525
3179,-395.650
3180,-397.775
3181,-400.050
3182,-402.500
3183,-394.300
3184,-397.225
3185,-399.025
3186,-401.150
3187,-403.475
3188,-406.025
3189,-398.175
3190,-400.175
3191,-402.675
3192,-404.750
3193,-381.500
3194,-383.975
3195,-401.000
3196,-403.775
3197,-405.700
3198,-382.425
3199,-385.075
3200,-402.850
3201,-405.325
3202,-381.875
3203,-383.300
3204,-386.300
3205,-388.575
3206,-406.075
3207,-382.725
3208,-384.975
3209,-386.800
3210,-389.775
3211,-391.700
3212,-383.575
3213,-386.175
3214,-387.875
3215,-390.825
3216,-393.075
3217,-395.175
3218,-387.375
3219,-389.650
3220,-392.100
3221,-393.925
3222,-396.325
3223,-388.225
3224,-390.975
3225,-392.825
3226,-395.075
3227,-397.450
3228,-399.425
3229,-392.150
3230,-394.275
3231,-395.925
3232,-398.575
3233,-401.200
3234,-403.375
3235,-395.175
3236,-397.325
3237,-400.175
3238,-401.925
3239,-404.600
3240,-381.175
3241,-399.075
3242,-400.850
3243,-403.375
3244,-405.700
3245,-381.775
3246,-384.450
3247,-401.650
3248,-404.300
3249,-380.875
3250,-383.525
3251,-385.850
3252,-403.550
3253,-405.775
3254,-382.175
3255,-384.350
3256,-386.725
3257,-388.750
3258,-406.700
3259,-383.550
3260,-385.600
3261,-387.500
3262,-390.325
3263,-392.725
3264,-384.050
3265,-386.625
3266,-388.875
3267,-391.425
3268,-393.625
3269,-395.925
3270,-387.975
3271,-390.325
3272,-392.625
3273,-394.875
3274,-396.925
3275,-389.150
3276,-391.250
3277,-393.275
3278,-396.225
3279,-398.075
3280,-400.725
3281,-392.825
3282,-394.925
3283,-397.250
3284,-399.275
3285,-401.725
3286,-403.750
3287,-395.675
3288,-398.325
3289,-400.750
3290,-402.850
3291,-405.300
3292,-381.925
3293,-398.975
3294,-401.525
3295,-403.600
3296,-406.025
3297,-382.925
3298,-400.275
3299,-402.750
3300,-405.350
3301,-381.950
3302,-384.050
3303,-386.250
3304,-403.975
3305,-406.425
3306,-383.075
3307,-385.300
3308,-387.400
3309,-389.250
3310,-381.875
3311,-384.150
3312,-385.925
3313,-388.225
3314,-390.875
3315,-393.525
3316,-385.375
3317,-387.500
3318,-389.675
3319,-391.700
3320,-394.200
3321,-396.875
3322,-388.100
3323,-391.250
3324,-393.500
3325,-395.525
3326,-398.125
3327,-389.350
3328,-391.775
3329,-394.300
3330,-396.450
3331,-399.150
3332,-401.300
3333,-393.075
3334,-395.775
3335,-397.625
3336,-399.975
3337,-402.275
3338,-404.925
3339,-396.725
3340,-399.050
3341,-401.375
3342,-403.750
3343,-405.800
3344,-382.175
3345,-400.275
3346,-402.250
3347,-404.400
3348,-380.900
3349,-383.950
3350,-401.150
3351,-403.175
3352,-406.100
3353,-382.675
3354,-384.350
3355,-386.550
3356,-404.825
3357,-381.625
3358,-383.875
3359,-385.575
3360,-387.950
3361,-390.225
3362,-382.775
3363,-384.650
3364,-387.275
3365,-389.225
3366,-391.600
3367,-394.175
3368,-386.025
3369,-388.000
3370,-390.325
3371,-392.550
3372,-394.850
3373,-387.200
3374,-389.050
3375,-391.400
3376,-393.650
3377,-395.750
3378,-398.725
3379,-390.525
3380,-392.925
3381,-395.175
3382,-397.100
3383,-399.375
3384,-402.100
3385,-393.750
3386,-395.750
3387,-398.750
3388,-400.900
3389,-403.225
3390,-405.400
3391,-397.575
3392,-399.825
3393,-401.750
3394,-404.475
3395,-406.775
3396,-382.800
3397,-401.100
3398,-402.900
3399,-405.325
3400,-381.775
3401,-384.600
3402,-401.850
3403,-404.250
3404,-406.750
3405,-382.975
3406,-385.425
3407,-387.825
3408,-405.175
3409,-382.425
3410,-384.600
3411,-386.475
3412,-389.125
3413,-391.150
3414,-383.125
3415,-385.325
3416,-387.975
3417,-390.125
3418,-392.550
3419,-394.500
3420,-386.625
3421,-389.025
3422,-390.800
3423,-393.825
3424,-395.625
3425,-387.575
3426,-390.075
3427,-392.550
3428,-394.850
3429,-397.125
3430,-399.225
3431,-391.500
3432,-393.275
3433,-395.925
3434,-398.225
3435,-400.175
3436,-402.675
3437,-394.750
3438,-397.100
3439,-399.375
3440,-401.400
3441,-403.425
3442,-406.025
3443,-397.925
3444,-400.075
3445,-402.225
3446,-404.700
3447,-381.550
3448,-399.375
3449,-401.325
3450,-403.325
3451,-406.325
3452,-383.025
3453,-384.750
3454,-403.000
3455,-404.825
3456,-381.825
3457,-383.850
3458,-385.975
3459,-387.875
3460,-406.375
3461,-382.600
3462,-384.850
3463,-387.450
3464,-389.325
3465,-392.125
3466,-383.800
3467,-386.400
3468,-388.675
3469,-390.700
3470,-392.725
3471,-395.525
3472,-387.375
3473,-389.650
3474,-391.775
3475,-394.275
3476,-396.725
3477,-388.225
3478,-390.450
3479,-393.075
3480,-395.275
3481,-397.125
3482,-400.125
3483,-392.150
3484,-394.300
3485,-396.375
3486,-398.725
3487,-401.100
3488,-403.050
3489,-395.575
3490,-397.525
3491,-399.875
3492,-402.100
3493,-404.250
3494,-406.575
3495,-398.575
3496,-400.575
3497,-403.100
3498,-405.975
3499,-382.600
3500,-399.825
3501,-402.050
3502,-404.400
3503,-381.450
3504,-383.575
3505,-385.925
3506,-403.675
3507,-405.275
3508,-382.225
3509,-384.650
3510,-387.150
3511,-388.850
3512,-381.050
3513,-383.075
3514,-385.750
3515,-387.725
3516,-390.425
3517,-392.775
3518,-384.250
3519,-386.900
3520,-388.825
3521,-391.350
3522,-394.025
3523,-385.825
3524,-388.000
3525,-390.500
3526,-392.775
3527,-395.025
3528,-397.450
3529,-389.425
3530,-391.350
3531,-393.625
3532,-395.475
3533,-398.125
3534,-400.275
3535,-392.650
3536,-394.475
3537,-397.375
3538,-399.025
3539,-401.925
3540,-403.850
3541,-396.275
3542,-398.450
3543,-400.575
3544,-402.675
3545,-405.500
3546,-382.175
3547,-399.275
3548,-401.850
3549,-404.275
3550,-406.075
3551,-383.175
3552,-400.150
3553,-402.425
3554,-404.725
3555,-381.675
3556,-384.375
3557,-385.925
3558,-403.775
3559,-406.200
3560,-383.175
3561,-384.850
3562,-387.250
3563,-390.075
3564,-381.400
3565,-384.150
3566,-386.050
3567,-388.475
3568,-390.775
3569,-393.300
3570,-385.325
3571,-387.725
3572,-389.850
3573,-391.550
3574,-394.600
3575,-386.225
3576,-388.375
3577,-391.025
3578,-392.925
3579,-395.650
3580,-397.775
3581,-389.625
3582,-392.100
3583,-394.700
3584,-396.325
3585,-398.575
3586,-401.050
3587,-393.400
3588,-395.275
3589,-397.475
3590,-399.975
3591,-402.375
3592,-404.650
3593,-397.025
3594,-398.850
3595,-401.400
3596,-403.150
3597,-405.900
3598,-397.775
3599,-400.350
3600,-402.150
3601,-404.875
3602,-381.175
3603,-383.725
3604,-401.400
3605,-403.125
3606,-405.975
3607,-382.350
3608,-384.600
3609,-387.025
3610,-405.050
3611,-381.300
3612,-383.800
3613,-386.175
3614,-387.850
3615,-390.650
3616,-382.875
3617,-384.850
3618,-387.050
3619,-389.325
3620,-392.000
3621,-394.125
3622,-385.825
3623,-388.175
3624,-390.700
3625,-392.825
3626,-395.000
3627,-387.050
3628,-389.650
3629,-391.950
3630,-393.825
3631,-396.000
3632,-398.275
3633,-390.700
3634,-393.100
3635,-395.025
3636,-397.275
3637,-399.950
3638,-402.250
3639,-394.350
3640,-396.325
3641,-398.625
3642,-401.000
3643,-403.250
3644,-405.350
3645,-397.350
3646,-399.525
3647,-401.900
3648,-404.500
3649,-406.550
3650,-398.825
3651,-400.425
3652,-403.375
3653,-405.300
3654,-381.775
3655,-384.200
3656,-402.000
3657,-404.475
3658,-406.500
3659,-382.875
3660,-384.875
3661,-387.700
3662,-405.550
3663,-381.650
3664,-384.275
3665,-386.800
3666,-388.850
3667,-391.400
3668,-382.825
3669,-385.300
3670,-387.375
3671,-390.325
3672,-392.250
3673,-384.450
3674,-386.575
3675,-389.150
3676,-390.775
3677,-393.725
3678,-396.175
3679,-387.800
3680,-390.075
3681,-392.050
3682,-394.350
3683,-396.825
3684,-399.075
3685,-391.325
3686,-393.575
3687,-395.525
3688,-398.375
3689,-399.850
3690,-402.450
3691,-394.175
3692,-396.875
3693,-398.875
3694,-401.300
3695,-403.975
3696,-405.850
3697,-398.025
3698,-400.225
3699,-402.450
3700,-405.125
3701,-381.300
3702,-399.425
3703,-401.750
3704,-403.750
3705,-406.225
3706,-382.400
3707,-384.975
3708,-402.450
3709,-404.825
3710,-381.875
3711,-383.725
3712,-385.800
3713,-388.500
3714,-406.200
3715,-383.025
3716,-385.275
3717,-387.300
3718,-389.775
3719,-392.200
3720,-384.000
3721,-386.375
3722,-388.250
3723,-390.425
3724,-393.250
3725,-384.950
3726,-387.375
3727,-389.700
3728,-391.875
3729,-393.875
3730,-396.725
3731,-388.500
3732,-390.525
3733,-392.675
3734,-394.750
3735,-397.925
3736,-400.225
3737,-391.875
3738,-394.075
3739,-396.675
3740,-398.650
3741,-401.375
3742,-403.175
3743,-395.275
3744,-397.625
3745,-400.150
3746,-401.850
3747,-404.000
3748,-370.925
3749,-398.650
3750,-400.600
3751,-403.050
3752,-405.875
3753,-382.300
3754,-399.725
3755,-402.225
3756,-404.600
3757,-381.250
3758,-383.725
3759,-386.000
3760,-403.425
3761,-405.550
3762,-382.350
3763,-384.875
3764,-386.725
3765,-388.975
3766,-380.725
3767,-383.575
3768,-386.025
3769,-387.775
3770,-390.675
3771,-392.700
3772,-384.775
3773,-386.925
3774,-389.350
3775,-391.350
3776,-393.250
3777,-386.025
3778,-388.225
3779,-389.975
3780,-392.200
3781,-394.925
3782,-397.375
3783,-388.750
3784,-391.425
3785,-393.775
3786,-395.925
3787,-398.675
3788,-400.575
3789,-392.225
3790,-394.500
3791,-397.150
3792,-399.325
3793,-401.700
3794,-403.975
3795,-395.825
3796,-398.575
3797,-400.375
3798,-402.900
3799,-404.775
3800,-397.475
3801,-399.225
3802,-401.625
3803,-403.800
3804,-406.275
3805,-383.125
3806,-400.650
3807,-403.175
3808,-405.025
3809,-381.775
3810,-384.000
3811,-386.375
3812,-404.050
3813,-406.475
3814,-382.975
3815,-384.975
3816,-387.600
3817,-389.650
3818,-381.750
3819,-384.100
3820,-386.225
3821,-388.175
3822,-390.550
3823,-382.800
3824,-385.075
3825,-387.725
3826,-389.425
3827,-392.150
3828,-394.600
3829,-386.525
3830,-388.825
3831,-391.200
3832,-393.500
3833,-395.475
3834,-397.625
3835,-389.575
3836,-391.725
3837,-394.550
3838,-396.775
3839,-399.075
3840,-401.100
3841,-393.175
3842,-395.675
3843,-397.450
3844,-400.175
3845,-402.350
3846,-404.350
3847,-396.575
3848,-399.375
3849,-401.575
3850,-403.450
3851,-405.875
3852,-397.850
3853,-400.000
3854,-402.275
3855,-404.925
3856,-381.400
3857,-383.750
3858,-401.150
3859,-403.450
3860,-405.650
3861,-382.675
3862,-384.900
3863,-387.100
3864,-405.025
3865,-381.275
3866,-383.475
3867,-385.525
3868,-387.725
3869,-390.875
3870,-382.125
3871,-384.800
3872,-386.975
3873,-389.700
3874,-391.950
3875,-383.900
3876,-385.925
3877,-388.575
3878,-390.075
3879,-393.075
3880,-394.850
3881,-386.700
3882,-389.425
3883,-391.800
3884,-393.925
3885,-396.025
3886,-398.825
3887,-390.425
3888,-392.650
3889,-395.525
3890,-397.350
3891,-399.925
3892,-401.725
3893,-394.175
3894,-396.200
3895,-398.425
3896,-400.450
3897,-403.425
3898,-405.275
3899,-397.650
3900,-399.675
3901,-401.925
3902,-404.000
3903,-406.650
3904,-398.775
3905,-400.700
3906,-403.450
3907,-405.650
3908,-381.875
3909,-384.450
3910,-401.925
3911,-404.150
3912,-406.375
3913,-383.375
3914,-385.450
3915,-387.300
3916,-405.125
3917,-382.025
3918,-384.050
3919,-386.600
3920,-388.800
3921,-390.900
3922,-383.525
3923,-385.750
3924,-387.450
3925,-390.075
3926,-391.925
3927,-384.175
3928,-386.925
3929,-388.800
3930,-391.250
3931,-393.450
3932,-395.775
3933,-387.575
3934,-389.575
3935,-392.650
3936,-395.025
3937,-396.600
3938,-398.975
3939,-391.550
3940,-393.400
3941,-396.050
3942,-397.975
3943,-400.175
3944,-402.525
3945,-394.850
3946,-396.925
3947,-399.350
3948,-401.500
3949,-403.800
3950,-395.450
3951,-398.025
3952,-400.550
3953,-402.675
3954,-404.875
3955,-381.450
3956,-399.125
3957,-401.500
3958,-403.675
3959,-406.450
3960,-383.175
3961,-385.375
3962,-402.575
3963,-405.275
3964,-381.775
3965,-383.900
3966,-386.175
3967,-388.275
3968,-406.325
3969,-382.450
3970,-384.750
3971,-387.400
3972,-389.950
3973,-391.975
3974,-383.800
3975,-386.300
3976,-388.700
3977,-390.700
3978,-392.925
3979,-385.000
3980,-387.200
3981,-389.200
3982,-391.825
3983,-394.475
3984,-396.800
3985,-388.500
3986,-391.075
3987,-392.675
3988,-395.350
3989,-397.750
3990,-400.175
3991,-392.225
3992,-394.400
3993,-396.675
3994,-398.475
3995,-401.250
3996,-403.525
3997,-395.475
3998,-397.625
3999,-400.050
4000,-402.375
4001,-404.600
4002,-396.875
4003,-398.925
4004,-401.350
4005,-403.625
4006,-405.875
4007,-382.600
4008,-400.250
4009,-402.375
4010,-404.600
4011,-380.950
4012,-383.250
4013,-385.525
4014,-403.775
4015,-405.400
4016,-382.300
4017,-384.500
4018,-386.925
4019,-389.525
4020,-381.600
4021,-383.575
4022,-386.075
4023,-387.925
4024,-389.975
4025,-382.400
4026,-384.900
4027,-386.975
4028,-389.475
4029,-391.400
4030,-394.025
4031,-385.375
4032,-387.575
4033,-390.175
4034,-392.650
4035,-394.925
4036,-396.875
4037,-389.325
4038,-391.150
4039,-393.875
4040,-396.225
4041,-398.225
4042,-400.350
4043,-392.200
4044,-394.825
4045,-397.150
4046,-399.725
4047,-401.500
4048,-403.800
4049,-395.925
4050,-398.350
4051,-400.700
4052,-402.500
4053,-405.300
4054,-397.550
4055,-399.050
4056,-401.550
4057,-404.175
4058,-406.275
4059,-382.800
4060,-400.450
4061,-402.675
4062,-405.450
4063,-381.675
4064,-383.950
4065,-386.475
4066,-404.175
4067,-406.650
4068,-383.050
4069,-385.225
4070,-387.725
4071,-389.425
4072,-381.525
4073,-384.150
4074,-386.525
4075,-389.050
4076,-391.425
4077,-383.350
4078,-385.475
4079,-387.825
4080,-390.300
4081,-391.925
4082,-394.600
4083,-386.025
4084,-388.850
4085,-391.300
4086,-393.200
4087,-395.475
4088,-397.475
4089,-390.075
4090,-392.050
4091,-394.450
4092,-396.725
4093,-398.925
4094,-401.200
4095,-393.250
4096,-395.825
4097,-397.825
4098,-399.750
4099,-402.500
4100,-394.600
4101,-397.000
4102,-399.275
4103,-400.950
4104,-403.225
4105,-405.900
4106,-397.775
4107,-400.450
4108,-402.450
4109,-404.875
4110,-381.400
4111,-383.750
4112,-401.625
4113,-403.675
4114,-405.550
4115,-382.900
4116,-384.400
4117,-386.900
4118,-404.650
4119,-381.675
4120,-383.400
4121,-385.850
4122,-387.975
4123,-390.775
4124,-382.550
4125,-384.975
4126,-387.325
4127,-389.150
4128,-391.925
4129,-383.875
4130,-386.300
4131,-388.575
4132,-390.500
4133,-392.975
4134,-395.050
4135,-387.200
4136,-389.625
4137,-391.675
4138,-394.375
4139,-396.000
4140,-398.675
4141,-390.975
4142,-393.175
4143,-395.375
4144,-397.125
4145,-399.825
4146,-401.450
4147,-393.550
4148,-396.225
4149,-398.850
4150,-401.150
4151,-403.000
4152,-395.375
4153,-397.350
4154,-399.475
4155,-401.750
4156,-403.775
4157,-406.375
4158,-398.425
4159,-401.050
4160,-402.850
4161,-405.500
4162,-382.125
4163,-384.400
4164,-402.050
4165,-404.475
4166,-406.550
4167,-382.975
4168,-385.225
4169,-388.000
4170,-405.525
4171,-382.300
4172,-384.000
4173,-386.850
4174,-388.975
4175,-406.900
4176,-383.550
4177,-385.450
4178,-388.000
4179,-390.050
4180,-392.525
4181,-384.100
4182,-386.325
4183,-389.250
4184,-391.425
4185,-393.175
4186,-395.750
4187,-387.875
4188,-389.950
4189,-392.625
4190,-394.575
4191,-396.725
4192,-399.050
4193,-391.550
4194,-393.575
4195,-396.125
4196,-398.275
4197,-400.250
4198,-402.725
4199,-394.950
4200,-396.675
4201,-398.975
4202,-401.150
4203,-403.800
4204,-395.900
4205,-398.075
4206,-400.700
4207,-402.275
4208,-405.125
4209,-382.025
4210,-399.475
4211,-401.850
4212,-403.525
4213,-406.025
4214,-382.875
4215,-384.750
4216,-402.850
4217,-404.925
4218,-381.400
4219,-384.075
4220,-385.925
4221,-388.425
4222,-406.125
4223,-382.800
4224,-385.000
4225,-387.725
4226,-389.925
4227,-381.300
4228,-383.975
4229,-386.025
4230,-388.275
4231,-390.975
4232,-393.275
4233,-384.625
4234,-387.725
4235,-389.600
4236,-391.800
4237,-394.175
4238,-396.725
4239,-388.775
4240,-390.725
4241,-393.075
4242,-395.625
4243,-397.850
4244,-400.025
4245,-392.400
4246,-394.575
4247,-396.875
4248,-398.875
4249,-401.500
4250,-392.975
4251,-395.375
4252,-397.875
4253,-400.225
4254,-402.000
4255,-404.275
4256,-396.350
4257,-398.775
4258,-400.800
4259,-403.250
4260,-405.650
4261,-382.250
4262,-400.350
4263,-402.525
4264,-404.925
4265,-381.450
4266,-383.400
4267,-385.700
4268,-403.750
4269,-405.550
4270,-382.425
4271,-384.200
4272,-386.925
4273,-389.350
4274,-381.550
4275,-383.375
4276,-386.050
4277,-388.450
4278,-389.975
4279,-382.700
4280,-385.000
4281,-387.175
4282,-389.400
4283,-391.400
4284,-393.550
4285,-386.025
4286,-388.450
4287,-390.625
4288,-393.075
4289,-395.125
4290,-397.375
4291,-389.025
4292,-391.825
4293,-393.825
4294,-395.675
4295,-398.525
4296,-400.825
4297,-392.675
4298,-394.750
4299,-397.550
4300,-399.350
4301,-401.925
4302,-394.050
4303,-396.200
4304,-398.225
4305,-400.950
4306,-403.175
4307,-405.625
4308,-397.275
4309,-399.475
4310,-402.050
4311,-404.000
4312,-406.500
4313,-382.800
4314,-400.275
4315,-402.550
4316,-405.625
4317,-382.050
4318,-384.250
4319,-386.325
4320,-404.050
4321,-406.550
4322,-383.175
4323,-385.575
4324,-387.875
4325,-379.525
4326,-382.225
4327,-383.975
4328,-386.350
4329,-388.375
4330,-391.250
4331,-382.900
4332,-385.125
4333,-387.375
4334,-389.575
4335,-392.100
4336,-394.750
4337,-386.475
4338,-388.700
4339,-390.975
4340,-393.725
4341,-395.450
4342,-398.075
4343,-389.950
4344,-392.550
4345,-394.400
4346,-396.475
4347,-399.200
4348,-401.400
4349,-393.250
4350,-395.725
4351,-398.225
4352,-400.125
4353,-402.275
4354,-394.350
4355,-396.975
4356,-399.275
4357,-401.700
4358,-403.600
4359,-406.325
4360,-397.625
4361,-400.325
4362,-402.325
4363,-404.950
4364,-381.650
4365,-383.875
4366,-401.200
4367,-403.450
4368,-405.525
4369,-382.550
4370,-384.975
4371,-387.450
4372,-404.850
4373,-381.675
4374,-383.675
4375,-386.325
4376,-388.000
4377,-406.325
4378,-382.875
4379,-384.700
4380,-386.975
4381,-389.475
4382,-391.975
4383,-383.475
4384,-386.375
4385,-388.175
4386,-390.725
4387,-392.825
4388,-395.450
4389,-387.375
4390,-389.700
4391,-392.100
4392,-394.375
4393,-396.375
4394,-398.850
4395,-390.725
4396,-392.700
4397,-395.250
4398,-397.550
4399,-400.150
4400,-391.500
4401,-394.275
4402,-396.675
4403,-398.825
4404,-400.550
4405,-402.925
4406,-395.375
4407,-397.525
4408,-399.675
4409,-402.325
4410,-404.275
4411,-406.550
4412,-398.850
4413,-401.100
4414,-403.100
4415,-405.625
4416,-382.325
4417,-384.700
4418,-402.000
4419,-404.700
4420,-380.600
4421,-383.650
4422,-385.400
4423,-387.875
4424,-405.750
4425,-382.175
4426,-384.375
4427,-386.400
4428,-388.975
4429,-381.050
4430,-383.250
4431,-385.850
4432,-388.025
4433,-389.950
4434,-392.150
4435,-384.275
4436,-386.925
4437,-389.200
4438,-390.925
4439,-393.575
4440,-395.875
4441,-387.575
4442,-390.225
4443,-392.325
4444,-394.950
4445,-396.725
4446,-399.350
4447,-391.400
4448,-393.650
4449,-395.675
4450,-397.750
4451,-400.325
4452,-392.700
4453,-395.025
4454,-397.150
4455,-399.625
4456,-401.925
4457,-403.675
4458,-395.850
4459,-398.425
4460,-400.850
4461,-402.275
4462,-405.050
4463,-381.300
4464,-399.575
4465,-401.950
4466,-403.875
4467,-405.850
4468,-383.075
4469,-385.150
4470,-402.900
4471,-404.875
4472,-381.775
4473,-383.800
4474,-386.450
4475,-377.950
4476,-406.450
4477,-382.600
4478,-384.875
4479,-386.925
4480,-390.075
4481,-382.075
4482,-384.150
4483,-386.400
4484,-388.175
4485,-390.550
4486,-392.775
4487,-385.425
4488,-387.500
4489,-389.575
4490,-391.825
4491,-394.475
4492,-396.675
4493,-388.900
4494,-390.725
4495,-393.525
4496,-395.650
4497,-397.425
4498,-399.975
4499,-392.275
4500,-394.700
4501,-396.175
4502,-399.175
4503,-400.900
4504,-393.550
4505,-395.850
4506,-397.375
4507,-399.850
4508,-401.950
4509,-404.925
4510,-396.650
4511,-398.850
4512,-401.550
4513,-403.775
4514,-405.700
4515,-382.700
4516,-399.650
4517,-402.125
4518,-404.700
4519,-381.625
4520,-383.250
4521,-385.500
4522,-403.425
4523,-406.200
4524,-382.400
4525,-384.300
4526,-386.925
4527,-404.700
4528,-381.450
4529,-383.175
4530,-385.700
4531,-388.400
4532,-390.500
4533,-382.500
4534,-384.875
4535,-387.200
4536,-389.575
4537,-391.425
4538,-394.075
4539,-385.750
4540,-388.275
4541,-389.975
4542,-392.975
4543,-395.150
4544,-397.475
4545,-389.475
4546,-391.825
4547,-393.950
4548,-395.875
4549,-398.075
4550,-400.725
4551,-392.700
4552,-395.325
4553,-397.275
4554,-399.725
4555,-402.100
4556,-393.775
4557,-395.975
4558,-398.225
4559,-400.950
4560,-403.325
4561,-404.925
4562,-397.650
4563,-399.775
4564,-401.575
4565,-403.775
4566,-406.100
4567,-382.800
4568,-400.600
4569,-403.050
4570,-405.125
4571,-382.325
4572,-384.150
4573,-386.775
4574,-404.175
4575,-406.775
4576,-383.200
4577,-385.175
4578,-387.975
4579,-405.550
4580,-382.200
4581,-384.625
4582,-386.625
4583,-388.525
4584,-390.925
4585,-383.175
4586,-385.750
4587,-387.875
4588,-390.275
4589,-392.425
4590,-394.700
4591,-386.475
4592,-389.100
4593,-391.025
4594,-393.100
4595,-395.875
4596,-398.275
4597,-389.850
4598,-391.875
4599,-394.450
4600,-396.675
4601,-399.075
4602,-391.450
4603,-393.500
4604,-395.650
4605,-398.525
4606,-400.250
4607,-402.000
4608,-394.700
4609,-397.100
4610,-399.350
4611,-401.300
4612,-403.850
4613,-405.650
4614,-397.875
4615,-400.650
4616,-402.675
4617,-405.225
4618,-381.275
4619,-384.100
4620,-401.500
4621,-403.600
4622,-405.975
4623,-382.650
4624,-385.075
4625,-387.375
4626,-405.275
4627,-381.775
4628,-383.550
4629,-386.175
4630,-388.400
4631,-405.925
4632,-382.900
4633,-385.225
4634,-387.275
4635,-389.875
4636,-392.225
4637,-383.975
4638,-386.050
4639,-388.575
4640,-390.625
4641,-392.800
4642,-395.475
4643,-387.050
4644,-389.250
4645,-391.950
4646,-394.275
4647,-396.375
4648,-398.250
4649,-390.600
4650,-393.350
4651,-395.075
4652,-397.875
4653,-399.950
4654,-391.875
4655,-394.475
4656,-396.200
4657,-398.250
4658,-400.525
4659,-403.425
4660,-395.675
4661,-397.475
4662,-399.950
4663,-402.050
4664,-404.150
4665,-406.475
4666,-398.475
4667,-401.100
4668,-403.050
4669,-405.600
4670,-382.600
4671,-384.450
4672,-402.425
4673,-404.550
4674,-380.775
4675,-383.075
4676,-385.975
4677,-403.175
4678,-405.575
4679,-382.600
4680,-384.700
4681,-386.800
4682,-388.850
4683,-381.400
4684,-383.025
4685,-385.850
4686,-388.025
4687,-390.500
4688,-392.500
4689,-384.150
4690,-386.625
4691,-388.700
4692,-391.400
4693,-393.400
4694,-396.125
4695,-387.875
4696,-390.400
4697,-392.200
4698,-394.550
4699,-396.925
4700,-399.225
4701,-391.450
4702,-393.300
4703,-395.975
4704,-397.875
4705,-400.575
4706,-392.800
4707,-394.700
4708,-396.925
4709,-399.425
4710,-401.500
4711,-404.275
4712,-395.850
4713,-398.125
4714,-400.325
4715,-403.150
4716,-405.350
4717,-382.025
4718,-399.275
4719,-401.650
4720,-403.875
4721,-406.025
4722,-382.975
4723,-384.850
4724,-403.175
4725,-405.075
4726,-382.025
4727,-384.275
4728,-386.300
4729,-404.250
4730,-406.350
4731,-382.825
4732,-385.400
4733,-387.600
4734,-390.025
4735,-381.875
4736,-384.150
4737,-386.625
4738,-388.325
4739,-390.650
4740,-393.400
4741,-385.000
4742,-387.600
4743,-389.350
4744,-392.200
4745,-394.200
4746,-396.125
4747,-388.950
4748,-390.625
4749,-393.400
4750,-395.725
4751,-397.925
4752,-389.525
4753,-392.225
4754,-394.075
4755,-396.725
4756,-398.750
4757,-401.050
4758,-393.050
4759,-395.425
4760,-398.075
4761,-399.575
4762,-402.625
4763,-404.725
4764,-397.000
4765,-398.750
4766,-401.400
4767,-403.600
4768,-405.625
4769,-382.525
4770,-400.350
4771,-402.500
4772,-404.725
4773,-380.950
4774,-383.475
4775,-385.975
4776,-403.700
4777,-406.125
4778,-382.700
4779,-384.900
4780,-387.150
4781,-404.575
4782,-381.300
4783,-383.475
4784,-386.075
4785,-388.050
4786,-390.775
4787,-382.675
4788,-384.600
4789,-386.850
4790,-389.350
4791,-391.150
4792,-394.125
4793,-386.175
4794,-388.100
4795,-390.825
4796,-392.725
4797,-394.800
4798,-397.575
4799,-389.425
4800,-391.425
4801,-393.625
4802,-396.350
4803,-398.550
4804,-390.550
4805,-392.875
4806,-395.125
4807,-397.325
4808,-399.975
4809,-402.125
4810,-393.475
4811,-396.325
4812,-398.775
4813,-400.900
4814,-403.300
4815,-404.875
4816,-397.225
4817,-399.875
4818,-402.000
4819,-404.150
4820,-406.700
4821,-383.025
4822,-400.425
4823,-403.475
4824,-405.325
4825,-382.300
4826,-384.525
4827,-401.925
4828,-404.250
4829,-406.825
4830,-382.825
4831,-385.200
4832,-387.500
4833,-405.400
4834,-382.400
4835,-383.950
4836,-386.925
4837,-388.950
4838,-391.350
4839,-383.475
4840,-385.175
4841,-387.325
4842,-390.375
4843,-392.050
4844,-394.300
4845,-386.600
4846,-389.100
4847,-391.350
4848,-393.300
4849,-395.575
4850,-397.950
4851,-390.225
4852,-392.675
4853,-394.750
4854,-396.725
4855,-399.375
4856,-391.325
4857,-393.625
4858,-395.650
4859,-398.250
4860,-400.625
4861,-402.175
4862,-394.300
4863,-396.825
4864,-399.050
4865,-401.300
4866,-403.975
4867,-405.900
4868,-397.825
4869,-400.125
4870,-402.775
4871,-404.475
4872,-381.825
4873,-383.650
4874,-401.300
4875,-403.900
4876,-406.025
4877,-382.800
4878,-385.175
4879,-402.175
4880,-405.075
4881,-381.825
4882,-383.875
4883,-386.225
4884,-388.625
4885,-406.075
4886,-382.650
4887,-384.900
4888,-386.925
4889,-389.425
4890,-391.925
4891,-383.575
4892,-385.850
4893,-388.275
4894,-390.800
4895,-392.900
4896,-395.175
4897,-387.200
4898,-389.850
4899,-392.150
4900,-394.575
4901,-396.375
4902,-388.175
4903,-390.900
4904,-393.475
4905,-395.175
4906,-397.475
4907,-399.950
4908,-391.500
4909,-394.500
4910,-396.475
4911,-398.775
4912,-400.700
4913,-403.350
4914,-395.575
4915,-397.475
4916,-399.475
4917,-402.500
4918,-404.175
4919,-381.450
4920,-398.575
4921,-400.825
4922,-403.225
4923,-405.800
4924,-382.425
4925,-384.750
4926,-402.275
4927,-404.500
4928,-381.150
4929,-383.575
4930,-385.850
4931,-403.550
4932,-405.875
4933,-382.600
4934,-384.475
4935,-386.525
4936,-389.325
4937,-381.250
4938,-383.625
4939,-385.325
4940,-388.175
4941,-389.875
4942,-392.325
4943,-384.850
4944,-386.850
4945,-389.050
4946,-391.500
4947,-393.850
4948,-395.975
4949,-387.825
4950,-390.150
4951,-392.250
4952,-395.075
4953,-397.375
4954,-389.250
4955,-391.550
4956,-393.725
4957,-396.275
4958,-398.475
4959,-400.575
4960,-392.600
4961,-394.650
4962,-397.125
4963,-399.275
4964,-401.500
4965,-403.950
4966,-396.075
4967,-398.575
4968,-400.250
4969,-403.050
4970,-405.025
4971,-381.625
4972,-399.550
4973,-402.050
4974,-403.900
4975,-406.100
4976,-382.675
4977,-374.575
4978,-402.900
4979,-404.950
4980,-381.675
4981,-384.350
4982,-386.400
4983,-404.450
4984,-406.575
4985,-382.950
4986,-385.500
4987,-387.300
4988,-389.875
4989,-382.025
4990,-384.275
4991,-386.350
4992,-388.800
4993,-390.875
4994,-393.025
4995,-384.800
4996,-387.725
4997,-390.225
4998,-392.225
4999,-394.350
5000,-396.725
5001,-388.600
5002,-391.300
5003,-393.625
5004,-395.625
5005,-397.975
5006,-390.125
5007,-391.925
5008,-394.250
5009,-396.550
5010,-398.950
5011,-401.550
5012,-392.825
5013,-395.275
5014,-397.750
5015,-400.175
5016,-402.175
5017,-404.350
5018,-396.600
5019,-398.825
5020,-401.200
5021,-403.775
5022,-405.700
5023,-382.325
5024,-400.275
5025,-402.500
5026,-404.575
5027,-381.500
5028,-383.275
5029,-401.550
5030,-403.525
5031,-405.975
5032,-382.175
5033,-384.800
5034,-387.200
5035,-404.275
5036,-381.300
5037,-383.475
5038,-385.750
5039,-387.725
5040,-390.725
5041,-382.450
5042,-384.400
5043,-386.725
5044,-389.325
5045,-391.825
5046,-393.750
5047,-385.700
5048,-387.600
5049,-390.525
5050,-393.075
5051,-395.250
5052,-386.975
5053,-389.475
5054,-391.975
5055,-394.175
5056,-396.175
5057,-398.125
5058,-390.825
5059,-393.075
5060,-395.325
5061,-397.250
5062,-399.775
5063,-402.275
5064,-393.850
5065,-396.225
5066,-398.175
5067,-401.150
5068,-403.300
5069,-405.450
5070,-397.325
5071,-399.250
5072,-401.550
5073,-404.400
5074,-406.025
5075,-383.050
5076,-400.350
5077,-403.375
5078,-405.750
5079,-382.075
5080,-384.600
5081,-402.000
5082,-404.650
5083,-406.350
5084,-383.250
5085,-385.375
5086,-387.600
5087,-405.700
5088,-382.450
5089,-384.300
5090,-386.600
5091,-389.100
5092,-391.225
5093,-383.075
5094,-385.325
5095,-388.050
5096,-390.450
5097,-392.600
5098,-394.600
5099,-386.525
5100,-388.750
5101,-391.350
5102,-393.475
5103,-396.050
5104,-388.025
5105,-390.225
5106,-392.675
5107,-394.575
5108,-397.250
5109,-399.225
5110,-391.500
5111,-393.650
5112,-396.050
5113,-398.250
5114,-400.500
5115,-402.750
5116,-394.500
5117,-397.025
5118,-399.225
5119,-401.100
5120,-403.775
5121,-406.325
5122,-398.175
5123,-400.225
5124,-402.250
5125,-405.225
5126,-381.925
5127,-384.000
5128,-401.550
5129,-404.150
5130,-406.425
5131,-382.650
5132,-385.275
5133,-403.100
5134,-404.825
5135,-381.875
5136,-383.800
5137,-386.350
5138,-388.575
5139,-406.375
5140,-382.725
5141,-384.900
5142,-387.325
5143,-389.750
5144,-391.800
5145,-383.975
5146,-386.125
5147,-388.000
5148,-390.550
5149,-392.650
5150,-395.000
5151,-387.500
5152,-389.425
5153,-391.725
5154,-394.400
5155,-396.375
5156,-388.275
5157,-390.900
5158,-393.075
5159,-395.650
5160,-397.950
5161,-399.975
5162,-392.250
5163,-394.300
5164,-396.575
5165,-398.625
5166,-401.200
5167,-403.250
5168,-395.475
5169,-397.350
5170,-399.550
5171,-402.525
5172,-404.725
5173,-381.500
5174,-398.925
5175,-400.950
5176,-403.675
5177,-405.900
5178,-382.600
5179,-399.525
5180,-402.450
5181,-404.200
5182,-381.375
5183,-383.575
5184,-385.725
5185,-403.300
5186,-405.425
5187,-382.525
5188,-384.900
5189,-386.550
5190,-388.825
5191,-381.075
5192,-383.375
5193,-385.600
5194,-387.775
5195,-389.925
5196,-392.775
5197,-384.550
5198,-386.725
5199,-389.475
5200,-391.225
5201,-393.725
5202,-395.750
5203,-388.175
5204,-389.975
5205,-392.975
5206,-394.800
5207,-397.225
5208,-389.225
5209,-391.625
5210,-393.750
5211,-395.925
5212,-398.025
5213,-400.075
5214,-392.625
5215,-394.925
5216,-397.650
5217,-399.275
5218,-401.575
5219,-403.550
5220,-395.650
5221,-398.425
5222,-400.600
5223,-403.250
5224,-405.425
5225,-381.450
5226,-399.825
5227,-401.925
5228,-404.200
5229,-406.500
5230,-382.800
5231,-400.350
5232,-403.050
5233,-405.025
5234,-382.175
5235,-384.200
5236,-386.525
5237,-404.450
5238,-406.000
5239,-383.375
5240,-385.575
5241,-387.775
5242,-389.650
5243,-382.075
5244,-384.300
5245,-386.400
5246,-388.850
5247,-390.800
5248,-393.550
5249,-385.475
5250,-387.200
5251,-389.475
5252,-392.400
5253,-394.550
5254,-386.250
5255,-388.825
5256,-391.150
5257,-393.625
5258,-395.625
5259,-397.550
5260,-389.825
5261,-392.550
5262,-394.450
5263,-397.075
5264,-399.200
5265,-401.200
5266,-393.625
5267,-395.775
5268,-397.975
5269,-400.325
5270,-402.675
5271,-404.700
5272,-396.800
5273,-398.875
5274,-401.400
5275,-403.350
5276,-405.575
5277,-382.550
5278,-399.925
5279,-402.275
5280,-405.025
5281,-381.400
5282,-383.900
5283,-400.850
5284,-403.475
5285,-405.800
5286,-382.500
5287,-384.550
5288,-386.900
5289,-404.975
5290,-381.400
5291,-383.750
5292,-386.325
5293,-388.525
5294,-390.775
5295,-382.550
5296,-384.675
5297,-386.975
5298,-388.950
5299,-391.625
5300,-394.175
5301,-385.800
5302,-387.950
5303,-390.400
5304,-392.700
5305,-395.000
5306,-387.300
5307,-389.475
5308,-392.000
5309,-393.675
5310,-396.175
5311,-398.825
5312,-390.625
5313,-393.250
5314,-394.925
5315,-397.100
5316,-399.725
5317,-401.650
5318,-394.200
5319,-396.600
5320,-398.550
5321,-401.250
5322,-402.675
5323,-405.125
5324,-397.775
5325,-399.950
5326,-402.275
5327,-404.075
5328,-381.350
5329,-398.250
5330,-401.100
5331,-403.050
5332,-405.850
5333,-381.850
5334,-384.175
5335,-402.150
5336,-404.350
5337,-406.825
5338,-382.900
5339,-385.275
5340,-387.400
5341,-405.875
5342,-381.775
5343,-384.500
5344,-386.550
5345,-388.575
5346,-391.050
5347,-383.575
5348,-385.750
5349,-388.100
5350,-390.275
5351,-392.675
5352,-394.600
5353,-386.975
5354,-388.500
5355,-391.125
5356,-393.650
5357,-396.175
5358,-388.100
5359,-390.225
5360,-392.775
5361,-394.650
5362,-396.975
5363,-399.125
5364,-391.600
5365,-393.500
5366,-396.075
5367,-398.075
5368,-400.225
5369,-402.525
5370,-394.750
5371,-396.875
5372,-399.275
5373,-401.575
5374,-404.150
5375,-406.450
5376,-398.375
5377,-399.975
5378,-402.750
5379,-405.275
5380,-381.175
5381,-399.275
5382,-401.500
5383,-403.850
5384,-406.125
5385,-383.075
5386,-384.850
5387,-402.675
5388,-405.075
5389,-381.625
5390,-384.100
5391,-386.400
5392,-388.400
5393,-406.475
5394,-383.025
5395,-385.150
5396,-387.150
5397,-389.325
5398,-391.500
5399,-384.300
5400,-386.375
5401,-387.950
5402,-390.525
5403,-392.900
5404,-384.975
5405,-387.725
5406,-389.525
5407,-391.950
5408,-393.950
5409,-396.725
5410,-388.225
5411,-391.125
5412,-393.150
5413,-395.175
5414,-397.475
5415,-399.875
5416,-392.050
5417,-394.025
5418,-396.075
5419,-398.450
5420,-401.150
5421,-403.475
5422,-395.325
5423,-397.750
5424,-399.575
5425,-402.325
5426,-404.775
5427,-381.400
5428,-398.375
5429,-401.400
5430,-403.175
5431,-405.975
5432,-382.125
5433,-399.425
5434,-402.350
5435,-404.550
5436,-381.450
5437,-383.875
5438,-385.650
5439,-403.450
5440,-406.025
5441,-382.350
5442,-384.600
5443,-387.050
5444,-389.575
5445,-381.150
5446,-383.575
5447,-385.725
5448,-388.175
5449,-390.400
5450,-392.650
5451,-384.700
5452,-387.100
5453,-389.475
5454,-391.075
5455,-394.050
5456,-385.850
5457,-388.325
5458,-390.775
5459,-392.250
5460,-395.000
5461,-397.450
5462,-388.950
5463,-391.625
5464,-394.200
5465,-396.075
5466,-398.450
5467,-400.650
5468,-392.650
5469,-394.650
5470,-397.450
5471,-399.100
5472,-402.125
5473,-403.600
5474,-396.025
5475,-398.450
5476,-400.325
5477,-403.225
5478,-404.825
5479,-397.075
5480,-399.875
5481,-401.800
5482,-404.350
5483,-406.650
5484,-382.975
5485,-400.750
5486,-403.300
5487,-405.600
5488,-382.050
5489,-384.300
5490,-386.725
5491,-404.050
5492,-406.425
5493,-383.075
5494,-385.325
5495,-387.150
5496,-389.650
5497,-382.250
5498,-384.150
5499,-386.275
5500,-388.525
5501,-391.300
5502,-393.525
5503,-385.525
5504,-387.850
5505,-389.725
5506,-392.100
5507,-394.250
5508,-386.400
5509,-388.775
5510,-390.900
5511,-393.025
5512,-395.650
5513,-397.825
5514,-389.875
5515,-392.625
5516,-394.750
5517,-396.625
5518,-399.150
5519,-401.375
5520,-393.450
5521,-395.575
5522,-397.875
5523,-400.175
5524,-402.500
5525,-404.950
5526,-396.725
5527,-399.425
5528,-401.700
5529,-403.550
5530,-405.775
5531,-397.850
5532,-400.075
5533,-402.100
5534,-404.450
5535,-381.550
5536,-383.625
5537,-401.225
5538,-403.525
5539,-406.100
5540,-382.450
5541,-385.125
5542,-386.725
5543,-404.925
5544,-381.450
5545,-384.000
5546,-386.025
5547,-388.350
5548,-390.275
5549,-382.775
5550,-384.975
5551,-387.250
5552,-389.200
5553,-392.200
5554,-383.800
5555,-385.925
5556,-388.225
5557,-390.450
5558,-392.925
5559,-395.075
5560,-387.175
5561,-389.850
5562,-391.725
5563,-393.750
5564,-396.175
5565,-398.850
5566,-390.600
5567,-393.025
5568,-395.275
5569,-397.550
5570,-399.825
5571,-402.225
5572,-394.150
5573,-396.400
5574,-398.625
5575,-400.825
5576,-402.950
5577,-405.650
5578,-397.575
5579,-399.650
5580,-402.000
5581,-404.600
5582,-380.875
5583,-398.450
5584,-401.400
5585,-403.300
5586,-405.775
5587,-381.750
5588,-384.300
5589,-402.175
5590,-403.950
5591,-406.275
5592,-383.400
5593,-385.525
5594,-387.725
5595,-405.750
5596,-382.350
5597,-384.400
5598,-386.850
5599,-389.200
5600,-391.500
5601,-382.950
5602,-385.050
5603,-387.525
5604,-390.225
5605,-392.725
5606,-384.750
5607,-386.575
5608,-388.925
5609,-391.200
5610,-393.400
5611,-395.475
5612,-388.150
5613,-390.175
5614,-392.000
5615,-394.650
5616,-397.350
5617,-399.150
5618,-391.625
5619,-393.575
5620,-396.175
5621,-398.450
5622,-400.250
5623,-402.500
5624,-394.850
5625,-397.125
5626,-399.575
5627,-401.500
5628,-403.700
5629,-395.775
5630,-398.375
5631,-400.250
5632,-402.575
5633,-405.275
5634,-381.975
5635,-399.550
5636,-401.650
5637,-404.050
5638,-406.075
5639,-382.650
5640,-385.075
5641,-402.450
5642,-404.825
5643,-381.775
5644,-384.350
5645,-386.150
5646,-388.750
5647,-406.500
5648,-383.125
5649,-385.375
5650,-387.325
5651,-389.875
5652,-391.875
5653,-383.850
5654,-385.850
5655,-388.325
5656,-391.050
5657,-393.450
5658,-384.950
5659,-387.325
5660,-389.575
5661,-391.950
5662,-394.575
5663,-396.775
5664,-388.425
5665,-390.825
5666,-392.775
5667,-395.525
5668,-397.975
5669,-399.850
5670,-392.375
5671,-394.400
5672,-396.975
5673,-399.225
5674,-401.450
5675,-403.700
5676,-395.650
5677,-397.675
5678,-399.975
5679,-402.525
5680,-404.500
5681,-396.625
5682,-398.850
5683,-401.500
5684,-403.375
5685,-405.850
5686,-382.550
5687,-400.250
5688,-402.450
5689,-404.575
5690,-381.225
5691,-383.175
5692,-385.525
5693,-403.700
5694,-406.175
5695,-382.200
5696,-384.625
5697,-387.100
5698,-389.325
5699,-381.500
5700,-383.800
5701,-385.400
5702,-387.975
5703,-390.725
5704,-382.300
5705,-384.750
5706,-386.675
5707,-389.250
5708,-391.500
5709,-393.875
5710,-386.150
5711,-388.350
5712,-390.625
5713,-392.775
5714,-395.175
5715,-396.825
5716,-389.425
5717,-391.550
5718,-394.200
5719,-396.425
5720,-398.725
5721,-400.350
5722,-392.825
5723,-394.650
5724,-397.025
5725,-399.675
5726,-401.925
5727,-403.950
5728,-396.075
5729,-398.575
5730,-400.600
5731,-402.775
5732,-405.650
5733,-397.250
5734,-399.175
5735,-401.650
5736,-403.950
5737,-406.475
5738,-383.075
5739,-400.700
5740,-402.900
5741,-405.100
5742,-382.175
5743,-384.275
5744,-386.600
5745,-404.400
5746,-406.025
5747,-383.200
5748,-385.575
5749,-387.575
5750,-389.975
5751,-381.950
5752,-384.550
5753,-386.850
5754,-388.850
5755,-391.175
5756,-383.125
5757,-385.600
5758,-387.525
5759,-389.925
5760,-391.800
5761,-394.400
5762,-386.475
5763,-388.800
5764,-390.975
5765,-393.075
5766,-395.275
5767,-397.650
5768,-390.325
5769,-392.400
5770,-394.150
5771,-397.025
5772,-399.275
5773,-401.650
5774,-393.650
5775,-395.450
5776,-398.250
5777,-400.175
5778,-402.575
5779,-404.875
5780,-397.100
5781,-399.075
5782,-401.750
5783,-403.650
5784,-406.425
5785,-397.850
5786,-400.150
5787,-402.500
5788,-404.925
5789,-381.600
5790,-383.900
5791,-401.300
5792,-404.000
5793,-405.975
5794,-382.825
5795,-384.950
5796,-387.375
5797,-404.700
5798,-381.650
5799,-383.525
5800,-386.175
5801,-387.950
5802,-390.725
5803,-382.600
5804,-384.775
5805,-387.500
5806,-389.100
5807,-392.050
5808,-383.950
5809,-386.025
5810,-388.700
5811,-390.700
5812,-392.825
5813,-395.150
5814,-387.575
5815,-389.700
5816,-391.825
5817,-394.175
5818,-396.325
5819,-398.750
5820,-390.925
5821,-393.075
5822,-395.425
5823,-397.175
5824,-400.050
5825,-402.100
5826,-394.450
5827,-396.075
5828,-398.975
5829,-401.200
5830,-403.225
5831,-394.950
5832,-397.650
5833,-400.225
5834,-402.050
5835,-404.725
5836,-406.675
5837,-399.025
5838,-401.350
5839,-402.925
5840,-405.225
5841,-381.975
5842,-384.700
5843,-402.325
5844,-404.725
5845,-381.100
5846,-383.350
5847,-385.850
5848,-387.500
5849,-405.900
5850,-382.125
5851,-384.850
5852,-386.525
5853,-388.850
5854,-391.450
5855,-383.275
5856,-385.525
5857,-387.725
5858,-390.275
5859,-392.425
5860,-384.775
5861,-386.725
5862,-388.700
5863,-391.400
5864,-393.550
5865,-396.225
5866,-387.525
5867,-390.325
5868,-392.425
5869,-394.700
5870,-396.975
5871,-399.575
5872,-391.700
5873,-393.525
5874,-395.875
5875,-398.025
5876,-400.350
5877,-402.900
5878,-395.050
5879,-396.975
5880,-399.625
5881,-401.700
5882,-403.975
5883,-396.050
5884,-398.575
5885,-400.800
5886,-402.900
5887,-405.325
5888,-381.650
5889,-399.350
5890,-401.350
5891,-403.650
5892,-406.375
5893,-383.250
5894,-384.775
5895,-403.250
5896,-404.775
5897,-381.525
5898,-384.275
5899,-386.475
5900,-388.850
5901,-406.075
5902,-382.550
5903,-385.075
5904,-387.250
5905,-389.350
5906,-381.825
5907,-384.275
5908,-386.450
5909,-388.450
5910,-390.600
5911,-392.800
5912,-385.325
5913,-387.400
5914,-389.775
5915,-392.375
5916,-394.375
5917,-396.225
5918,-389.025
5919,-391.050
5920,-393.175
5921,-395.075
5922,-397.450
5923,-400.275
5924,-392.450
5925,-394.500
5926,-396.225
5927,-399.025
5928,-400.950
5929,-403.650
5930,-395.925
5931,-397.450
5932,-400.075
5933,-401.900
5934,-404.925
5935,-396.875
5936,-399.200
5937,-400.800
5938,-403.100
5939,-406.175
5940,-382.075
5941,-400.350
5942,-402.500
5943,-404.450
5944,-381.450
5945,-383.675
5946,-385.825
5947,-403.350
5948,-405.700
5949,-382.575
5950,-385.000
5951,-386.925
5952,-389.200
5953,-381.675
5954,-383.525
5955,-386.125
5956,-388.175
5957,-390.775
5958,-382.525
5959,-385.075
5960,-387.175
5961,-389.425
5962,-391.800
5963,-393.625
5964,-386.075
5965,-388.225
5966,-390.650
5967,-392.925
5968,-395.275
5969,-397.625
5970,-389.575
5971,-391.500
5972,-394.275
5973,-396.175
5974,-398.475
5975,-400.700
5976,-393.400
5977,-395.225
5978,-397.750
5979,-399.275
5980,-402.125
5981,-393.825
5982,-395.975
5983,-398.525
5984,-400.800
5985,-402.750
5986,-405.300
5987,-397.350
5988,-399.975
5989,-401.950
5990,-404.375
5991,-406.750
5992,-383.400
5993,-400.450
5994,-402.950
5995,-405.550
5996,-381.850
5997,-384.550
5998,-386.825
5999,-404.575
6000,-406.375
6001,-383.475
6002,-385.300
6003,-388.000
6004,-389.525
6005,-381.975
6006,-384.475
6007,-386.550
6008,-388.525
6009,-391.250
6010,-383.175
6011,-385.600
6012,-387.400
6013,-390.225
6014,-392.150
6015,-394.375
6016,-386.400
6017,-388.575
6018,-391.450
6019,-393.100
6020,-395.850
6021,-397.925
6022,-390.175
6023,-392.550
6024,-394.500
6025,-397.125
6026,-399.425
6027,-401.725
6028,-393.400
6029,-395.375
6030,-398.150
6031,-400.350
6032,-402.950
6033,-394.950
6034,-396.825
6035,-399.550
6036,-401.850
6037,-403.675
6038,-406.325
6039,-397.975
6040,-400.500
6041,-402.725
6042,-404.700
6043,-381.875
6044,-383.950
6045,-401.500
6046,-403.975
6047,-405.750
6048,-383.025
6049,-384.900
6050,-387.375
6051,-405.350
6052,-381.775
6053,-383.750
6054,-385.975
6055,-388.275
6056,-406.375
6057,-382.700
6058,-385.175
6059,-387.400
6060,-389.850
6061,-391.575
6062,-383.625
6063,-386.125
6064,-388.425
6065,-390.375
6066,-393.350
6067,-395.150
6068,-387.100
6069,-389.675
6070,-391.575
6071,-394.075
6072,-396.675
6073,-399.025
6074,-390.700
6075,-393.250
6076,-395.050
6077,-397.575
6078,-399.550
6079,-402.350
6080,-394.475
6081,-396.350
6082,-398.325
6083,-401.225
6084,-403.375
6085,-395.575
6086,-397.825
6087,-399.775
6088,-402.325
6089,-404.250
6090,-406.325
6091,-398.625
6092,-401.100
6093,-403.450
6094,-405.900
6095,-382.050
6096,-384.800
6097,-401.800
6098,-404.725
6099,-406.975
6100,-383.525
6101,-385.650
6102,-388.100
6103,-405.325
6104,-382.025
6105,-384.375
6106,-386.525
6107,-389.425
6108,-380.875
6109,-383.300
6110,-385.600
6111,-387.450
6112,-390.325
6113,-392.550
6114,-384.400
6115,-386.625
6116,-389.025
6117,-391.725
6118,-393.925
6119,-396.225
6120,-388.325
6121,-389.950
6122,-392.650
6123,-394.700
6124,-396.725
6125,-399.050
6126,-391.325
6127,-393.575
6128,-396.125
6129,-398.125
6130,-400.650
6131,-392.825
6132,-394.800
6133,-397.150
6134,-399.675
6135,-401.650
6136,-404.075
6137,-395.975
6138,-398.425
6139,-400.950
6140,-403.100
6141,-404.975
6142,-381.450
6143,-398.925
6144,-401.800
6145,-404.300
6146,-406.550
6147,-382.875
6148,-385.325
6149,-403.000
6150,-404.725
6151,-381.875
6152,-384.050
6153,-386.050
6154,-388.525
6155,-406.200
6156,-382.975
6157,-384.900
6158,-387.375
6159,-390.025
6160,-382.025
6161,-384.350
6162,-386.600
6163,-388.600
6164,-390.975
6165,-393.525
6166,-385.375
6167,-387.375
6168,-389.975
6169,-392.000
6170,-394.150
6171,-396.975
6172,-388.575
6173,-391.225
6174,-393.575
6175,-395.875
6176,-397.825
6177,-400.450
6178,-392.000
6179,-394.575
6180,-396.625
6181,-398.850
6182,-401.550
6183,-393.100
6184,-395.775
6185,-397.850
6186,-400.325
6187,-402.500
6188,-404.750
6189,-397.075
6190,-398.975
6191,-401.575
6192,-403.450
6193,-405.850
6194,-382.650
6195,-399.850
6196,-402.450
6197,-404.975
6198,-381.375
6199,-383.575
6200,-386.275
6201,-403.375
6202,-405.900
6203,-382.875
6204,-384.625
6205,-387.100
6206,-379.375
6207,-381.375
6208,-383.650
6209,-385.750
6210,-388.425
6211,-390.125
6212,-382.600
6213,-385.150
6214,-386.825
6215,-388.975
6216,-391.450
6217,-394.200
6218,-386.025
6219,-388.600
6220,-390.725
6221,-393.075
6222,-394.925
6223,-397.075
6224,-389.425
6225,-391.875
6226,-393.850
6227,-396.550
6228,-398.250
6229,-400.700
6230,-392.700
6231,-394.650
6232,-397.675
6233,-399.875
6234,-401.850
6235,-394.200
6236,-396.450
6237,-398.350
6238,-401.000
6239,-403.000
6240,-405.125
6241,-397.275
6242,-400.025
6243,-401.750
6244,-404.100
6245,-406.900
6246,-383.475
6247,-400.825
6248,-403.375
6249,-404.975
6250,-382.250
6251,-383.975
6252,-386.725
6253,-404.150
6254,-406.825
6255,-383.625
6256,-385.525
6257,-387.525
6258,-405.300
6259,-381.925
6260,-384.475
6261,-387.000
6262,-388.850
6263,-391.500
6264,-383.250
6265,-385.225
6266,-387.525
6267,-390.175
6268,-392.625
6269,-395.000
6270,-386.975
6271,-388.850
6272,-391.400
6273,-393.400
6274,-395.825
6275,-398.025
6276,-389.925
6277,-392.275
6278,-394.550
6279,-396.925
6280,-399.475
6281,-391.450
6282,-393.775
6283,-395.725
6284,-398.325
6285,-399.875
6286,-402.850
6287,-394.600
6288,-397.125
6289,-399.150
6290,-401.750
6291,-403.975
6292,-406.275
6293,-398.450
6294,-400.275
6295,-403.000
6296,-405.075
6297,-381.600
6298,-383.800
6299,-401.725
6300,-403.800
6301,-406.275
6302,-383.050
6303,-385.125
6304,-387.300
6305,-404.825
6306,-381.550
6307,-384.100
6308,-386.025
6309,-388.100
6310,-406.425
6311,-383.175
6312,-384.800
6313,-387.200
6314,-389.225
6315,-392.150
6316,-384.200
6317,-386.025
6318,-388.475
6319,-390.550
6320,-392.875
6321,-395.550
6322,-387.625
6323,-389.775
6324,-391.875
6325,-394.600
6326,-396.575
6327,-398.650
6328,-391.125
6329,-392.700
6330,-395.575
6331,-397.975
6332,-399.875
6333,-392.325
6334,-394.500
6335,-396.625
6336,-398.575
6337,-401.350
6338,-403.150
6339,-395.000
6340,-397.550
6341,-399.975
6342,-402.500
6343,-404.375
6344,-380.825
6345,-398.625
6346,-401.450
6347,-403.250
6348,-405.875
6349,-382.250
6350,-384.250
6351,-402.125
6352,-404.850
6353,-380.950
6354,-383.650
6355,-385.700
6356,-377.650
6357,-405.650
6358,-382.675
6359,-384.800
6360,-387.000
6361,-389.425
6362,-381.525
6363,-383.300
6364,-385.425
6365,-388.175
6366,-390.425
6367,-392.525
6368,-384.250
6369,-387.050
6370,-389.425
6371,-391.250
6372,-394.125
6373,-395.750
6374,-387.725
6375,-389.925
6376,-392.550
6377,-395.275
6378,-397.250
6379,-399.275
6380,-391.825
6381,-393.500
6382,-395.575
6383,-398.025
6384,-400.550
6385,-392.875
6386,-394.950
6387,-396.875
6388,-398.975
6389,-401.700
6390,-403.900
6391,-395.925
6392,-398.675
6393,-401.000
6394,-402.850
6395,-405.325
6396,-382.200
6397,-399.425
6398,-402.125
6399,-404.100
6400,-406.550
6401,-382.650
6402,-385.525
6403,-402.775
6404,-404.825
6405,-382.250
6406,-384.200
6407,-386.400
6408,-404.150
6409,-406.475
6410,-382.925
6411,-385.200
6412,-387.525
6413,-389.500
6414,-382.125
6415,-383.875
6416,-386.575
6417,-388.525
6418,-390.900
6419,-393.350
6420,-385.525
6421,-387.875
6422,-390.050
6423,-392.375
6424,-394.275
6425,-396.650
6426,-389.050
6427,-391.350
6428,-393.625
6429,-395.925
6430,-398.175
6431,-400.500
6432,-392.325
6433,-394.600
6434,-396.800
6435,-399.275
6436,-401.650
6437,-393.675
6438,-395.525
6439,-397.650
6440,-400.250
6441,-402.525
6442,-404.400
6443,-396.675
6444,-399.050
6445,-401.200
6446,-403.950
6447,-406.275
6448,-382.550
6449,-399.675
6450,-402.375
6451,-404.400
6452,-381.725
6453,-383.775
6454,-386.175
6455,-403.950
6456,-405.700
6457,-382.800
6458,-384.675
6459,-386.700
6460,-404.850
6461,-381.850
6462,-383.475
6463,-385.975
6464,-388.025
6465,-390.725
6466,-382.325
6467,-384.700
6468,-386.925
6469,-389.250
6470,-392.050
6471,-394.025
6472,-386.025
6473,-388.250
6474,-390.250
6475,-392.725
6476,-395.375
6477,-397.775
6478,-389.525
6479,-391.450
6480,-394.400
6481,-396.575
6482,-398.675
6483,-390.925
6484,-393.100
6485,-394.875
6486,-397.350
6487,-399.650
6488,-401.550
6489,-394.075
6490,-396.350
6491,-398.850
6492,-400.750
6493,-403.425
6494,-405.550
6495,-397.625
6496,-399.825
6497,-402.050
6498,-404.575
6499,-406.575
6500,-383.175
6501,-400.725
6502,-402.750
6503,-405.700
6504,-381.925
6505,-384.600
6506,-386.725
6507,-404.250
6508,-406.375
6509,-383.575
6510,-385.325
6511,-387.975
6512,-405.850
6513,-382.250
6514,-384.750
6515,-386.975
6516,-388.600
6517,-391.550
6518,-383.175
6519,-385.825
6520,-388.175
6521,-389.975
6522,-391.925
6523,-394.925
6524,-386.475
6525,-389.300
6526,-391.600
6527,-393.725
6528,-395.650
6529,-397.675
6530,-389.950
6531,-392.375
6532,-394.800
6533,-396.525
6534,-399.125
6535,-391.125
6536,-393.300
6537,-396.175
6538,-398.350
6539,-400.250
6540,-402.350
6541,-394.925
6542,-397.075
6543,-399.425
6544,-401.750
6545,-403.675
6546,-406.475
6547,-398.050
6548,-400.275
6549,-403.000
6550,-404.650
6551,-381.375
6552,-383.575
6553,-401.500
6554,-403.950
6555,-406.025
6556,-382.800
6557,-385.375
6558,-402.275
6559,-404.700
6560,-381.750
6561,-383.625
6562,-386.475
6563,-388.700
6564,-406.000
6565,-382.600
6566,-385.050
6567,-387.450
6568,-389.950
6569,-392.050
6570,-384.275
6571,-386.175
6572,-388.500
6573,-390.975
6574,-393.075
6575,-395.650
6576,-387.650
6577,-390.125
6578,-392.325
6579,-394.650
6580,-396.725
6581,-398.675
6582,-390.875
6583,-393.350
6584,-395.450
6585,-397.375
6586,-399.675
6587,-391.550
6588,-394.125
6589,-396.175
6590,-398.875
6591,-400.700
6592,-403.300
6593,-395.625
6594,-397.650
6595,-399.975
6596,-402.225
6597,-404.825
6598,-381.000
6599,-398.875
6600,-400.750
6601,-403.250
6602,-406.075
6603,-382.425
6604,-384.775
6605,-402.275
6606,-404.300
6607,-381.400
6608,-383.675
6609,-385.925
6610,-403.750
6611,-405.700
6612,-382.225
6613,-384.675
6614,-386.625
6615,-389.100
6616,-381.600
6617,-383.375
6618,-385.850
6619,-388.475
6620,-390.700
6621,-392.875
6622,-384.750
6623,-386.400
6624,-388.775
6625,-391.550
6626,-394.075
6627,-395.975
6628,-388.325
6629,-390.550
6630,-393.075
6631,-394.875
6632,-397.225
6633,-389.050
6634,-391.825
6635,-393.625
6636,-396.425
6637,-397.975
6638,-400.500
6639,-392.725
6640,-395.175
6641,-397.075
6642,-399.350
6643,-402.100
6644,-404.075
6645,-396.400
6646,-398.075
6647,-400.600
6648,-403.325
6649,-405.125
6650,-381.650
6651,-399.425
6652,-401.900
6653,-404.250
6654,-405.925
6655,-383.075
6656,-385.175
6657,-403.175
6658,-405.225
6659,-382.250
6660,-384.250
6661,-386.275
6662,-404.500
6663,-406.375
6664,-383.050
6665,-384.850
6666,-387.725
6667,-390.175
6668,-381.550
6669,-384.200
6670,-386.350
6671,-388.850
6672,-391.300
6673,-393.175
6674,-385.525
6675,-387.775
6676,-389.775
6677,-392.500
6678,-394.700
6679,-396.350
6680,-388.875
6681,-390.625
6682,-393.375
6683,-395.625
6684,-397.575
6685,-390.225
6686,-392.525
6687,-394.400
6688,-396.675
6689,-399.150
6690,-401.625
6691,-393.625
6692,-396.050
6693,-398.225
6694,-400.325
6695,-402.350
6696,-404.725
6697,-396.525
6698,-399.075
6699,-401.100
6700,-403.950
6701,-405.875
6702,-382.925
6703,-400.500
6704,-402.775
6705,-404.625
6706,-381.400
6707,-384.100
6708,-401.650
6709,-403.350
6710,-405.700
6711,-382.225
6712,-385.125
6713,-386.925
6714,-405.075
6715,-381.850
6716,-383.650
6717,-385.750
6718,-388.275
6719,-390.875
6720,-382.525
6721,-384.975
6722,-386.975
6723,-389.350
6724,-391.725
6725,-393.950
6726,-385.925
6727,-388.525
6728,-390.325
6729,-392.525
6730,-395.350
6731,-397.650
6732,-389.650
6733,-391.825
6734,-394.150
6735,-396.500
6736,-398.550
6737,-390.975
6738,-392.925
6739,-395.000
6740,-397.150
6741,-399.550
6742,-401.850
6743,-394.125
6744,-396.475
6745,-398.775
6746,-400.850
6747,-403.325
6748,-405.625
6749,-397.375
6750,-400.125
6751,-402.375
6752,-404.500
6753,-406.550
6754,-383.025
6755,-401.250
6756,-403.050
6757,-405.775
6758,-382.425
6759,-384.000
6760,-402.000
6761,-404.400
6762,-381.050
6763,-383.550
6764,-385.850
6765,-387.500
6766,-405.525
6767,-382.550
6768,-384.150
6769,-386.800
6770,-389.100
6771,-391.225
6772,-383.725
6773,-385.825
6774,-388.100
6775,-390.275
6776,-392.525
6777,-394.825
6778,-386.625
6779,-388.750
6780,-391.400
6781,-393.925
6782,-396.175
6783,-387.950
6784,-390.450
6785,-392.325
6786,-395.050
6787,-397.375
6788,-399.150
6789,-391.500
6790,-393.925
6791,-396.075
6792,-398.425
6793,-400.450
6794,-402.850
6795,-394.825
6796,-397.025
6797,-399.350
6798,-401.550
6799,-403.800
6800,-405.875
6801,-398.125
6802,-400.800
6803,-403.100
6804,-404.775
6805,-381.500
6806,-384.075
6807,-401.300
6808,-404.075
6809,-406.125
6810,-382.875
6811,-385.175
6812,-402.500
6813,-404.600
6814,-381.675
6815,-383.975
6816,-386.225
6817,-388.850
6818,-406.200
6819,-382.975
6820,-384.950
6821,-386.925
6822,-389.500
6823,-391.800
6824,-384.175
6825,-386.050
6826,-388.850
6827,-390.800
6828,-392.975
6829,-395.450
6830,-387.100
6831,-389.600
6832,-391.975
6833,-394.300
6834,-396.725
6835,-388.675
6836,-390.700
6837,-393.075
6838,-395.125
6839,-397.975
6840,-399.825
6841,-392.050
6842,-394.300
6843,-396.275
6844,-399.200
6845,-401.350
6846,-403.125
6847,-395.750
6848,-397.950
6849,-400.075
6850,-402.650
6851,-404.200
6852,-381.550
6853,-399.325
6854,-401.450
6855,-403.050
6856,-405.800
6857,-382.675
6858,-374.825
6859,-402.250
6860,-404.550
6861,-381.625
6862,-383.625
6863,-385.750
6864,-403.850
6865,-406.175
6866,-382.325
6867,-384.700
6868,-386.800
6869,-389.100
6870,-381.625
6871,-383.400
6872,-385.800
6873,-388.350
6874,-390.325
6875,-392.700
6876,-384.475
6877,-386.800
6878,-389.250
6879,-391.400
6880,-393.625
6881,-395.875
6882,-388.075
6883,-390.125
6884,-392.925
6885,-394.600
6886,-397.025
6887,-389.525
6888,-391.250
6889,-393.975
6890,-396.400
6891,-398.675
6892,-401.100
6893,-392.625
6894,-394.850
6895,-397.425
6896,-399.625
6897,-401.725
6898,-404.475
6899,-395.875
6900,-398.825
6901,-400.575
6902,-402.450
6903,-404.950
6904,-382.075
6905,-399.625
6906,-401.750
6907,-403.675
6908,-406.550
6909,-383.300
6910,-400.900
6911,-402.850
6912,-405.175
6913,-382.125
6914,-384.250
6915,-386.800
6916,-403.850
6917,-406.550
6918,-383.275
6919,-385.125
6920,-387.625
6921,-390.075
6922,-381.925
6923,-384.475
6924,-386.375
6925,-388.475
6926,-391.025
6927,-393.400
6928,-385.750
6929,-388.075
6930,-390.050
6931,-392.375
6932,-394.450
6933,-386.150
6934,-388.400
6935,-391.075
6936,-393.250
6937,-395.725
6938,-398.325
6939,-390.125
6940,-392.200
6941,-394.300
6942,-396.775
6943,-399.475
6944,-401.200
6945,-393.300
6946,-395.850
6947,-398.025
6948,-400.350
6949,-402.725
6950,-404.950
6951,-396.925
6952,-399.225
6953,-401.375
6954,-403.975
6955,-406.175
6956,-383.125
6957,-400.250
6958,-402.100
6959,-404.450
6960,-381.875
6961,-384.150
6962,-401.000
6963,-403.900
6964,-405.925
6965,-382.925
6966,-385.275
6967,-387.275
6968,-404.975
6969,-381.600
6970,-384.050
6971,-385.825
6972,-388.325
6973,-390.975
6974,-382.500
6975,-385.175
6976,-387.575
6977,-389.425
6978,-391.400
6979,-394.200
6980,-386.125
6981,-388.700
6982,-390.900
6983,-392.975
6984,-395.050
6985,-387.200
6986,-389.575
6987,-392.225
6988,-394.250
6989,-396.625
6990,-398.275
6991,-390.525
6992,-392.925
6993,-395.650
6994,-397.875
6995,-399.875
6996,-401.925
6997,-394.350
6998,-396.500
6999,-398.675
7000,-400.725
7001,-403.125
7002,-405.500
7003,-397.650
7004,-399.975
7005,-402.175
7006,-404.400
7007,-406.375
7008,-383.575
7009,-400.800
7010,-403.550
7011,-405.625
7012,-382.025
7013,-384.475
7014,-401.950
7015,-404.600
7016,-380.875
7017,-383.525
7018,-385.925
7019,-388.175
7020,-405.925
7021,-382.525
7022,-384.175
7023,-386.925
7024,-389.425
7025,-391.200
7026,-383.650
7027,-385.700
7028,-387.650
7029,-390.550
7030,-392.675
7031,-394.850
7032,-386.300
7033,-389.100
7034,-391.175
7035,-393.650
7036,-395.925
7037,-388.250
7038,-390.550
7039,-392.550
7040,-394.700
7041,-397.325
7042,-399.550
7043,-391.350
7044,-394.025
7045,-395.525
7046,-398.250
7047,-400.950
7048,-402.775
7049,-394.750
7050,-397.275
7051,-399.025
7052,-401.300
7053,-404.300
7054,-406.275
7055,-398.475
7056,-400.700
7057,-403.050
7058,-404.875
7059,-381.925
7060,-399.750
7061,-401.375
7062,-403.900
7063,-406.425
7064,-383.050
7065,-385.575
7066,-402.950
7067,-405.425
7068,-381.850
7069,-384.400
7070,-386.400
7071,-388.975
7072,-406.650
7073,-383.025
7074,-384.950
7075,-387.575
7076,-390.125
7077,-391.825
7078,-384.050
7079,-386.550
7080,-388.450
7081,-390.550
7082,-393.550
7083,-395.275
7084,-387.525
7085,-390.150
7086,-392.050
7087,-393.950
7088,-396.975
7089,-389.050
7090,-391.250
7091,-393.200
7092,-395.575
7093,-397.725
7094,-400.125
7095,-391.925
7096,-394.575
7097,-396.875
7098,-399.075
7099,-401.525
7100,-403.750
7101,-395.850
7102,-397.825
7103,-400.325
7104,-402.275
7105,-404.650
7106,-381.650
7107,-399.250
7108,-401.550
7109,-403.100
7110,-405.600
7111,-382.700
7112,-400.325
7113,-402.725
7114,-404.650
7115,-381.675
7116,-383.875
7117,-386.050
7118,-403.875
7119,-405.550
7120,-382.400
7121,-384.450
7122,-386.825
7123,-389.525
7124,-381.600
7125,-383.625
7126,-385.525
7127,-388.400
7128,-390.700
7129,-392.400
7130,-384.500
7131,-386.825
7132,-389.325
7133,-391.575
7134,-394.025
7135,-386.175
7136,-387.975
7137,-390.250
7138,-392.375
7139,-395.125
7140,-397.250
7141,-389.500
7142,-391.925
7143,-394.375
7144,-396.350
7145,-398.675
7146,-400.800
7147,-392.925
7148,-395.375
7149,-397.625
7150,-399.625
7151,-401.900
7152,-403.875
7153,-396.400
7154,-398.850
7155,-401.050
7156,-403.300
7157,-405.550
7158,-381.950
7159,-399.675
7160,-401.750
7161,-404.050
7162,-406.475
7163,-383.250
7164,-400.375
7165,-403.300
7166,-405.650
7167,-381.625
7168,-384.500
7169,-386.925
7170,-404.350
7171,-406.125
7172,-383.525
7173,-385.675
7174,-387.600
7175,-390.325
7176,-382.050
7177,-384.100
7178,-386.150
7179,-389.000
7180,-390.800
7181,-393.075
7182,-385.850
7183,-387.575
7184,-390.175
7185,-392.200
7186,-394.450
7187,-386.850
7188,-388.850
7189,-391.050
7190,-393.025
7191,-395.775
7192,-397.775
7193,-389.800
7194,-392.100
7195,-394.600
7196,-396.975
7197,-399.375
7198,-401.525
7199,-393.750
7200,-395.750
7201,-398.250
7202,-400.375
7203,-402.950
7204,-405.200
7205,-396.375
7206,-399.475
7207,-401.200
7208,-403.675
7209,-406.125
7210,-398.075
7211,-400.150
7212,-402.650
7213,-404.875
7214,-381.550
7215,-383.800
7216,-401.750
7217,-404.075
7218,-405.975
7219,-382.975
7220,-385.375
7221,-386.925
7222,-405.125
7223,-381.650
7224,-383.950
7225,-386.225
7226,-388.400
7227,-390.550
7228,-382.875
7229,-384.975
7230,-387.150
7231,-389.750
7232,-392.050
7233,-393.875
7234,-386.475
7235,-388.275
7236,-390.600
7237,-393.250
7238,-395.075
7239,-387.525
7240,-389.225
7241,-391.925
7242,-394.550
7243,-396.450
7244,-398.650
7245,-390.600
7246,-393.350
7247,-395.125
7248,-397.875
7249,-399.675
7250,-402.375
7251,-394.450
7252,-396.225
7253,-398.650
7254,-401.350
7255,-403.100
7256,-405.850
7257,-397.250
7258,-400.250
7259,-402.575
7260,-404.775
7261,-381.075
7262,-398.750
7263,-400.925
7264,-403.425
7265,-405.625
7266,-382.250
7267,-384.550
7268,-401.900
7269,-404.575
7270,-381.350
7271,-383.625
7272,-385.825
7273,-387.575
7274,-405.850
7275,-382.525
7276,-384.675
7277,-386.725
7278,-389.100
7279,-391.400
7280,-383.200
7281,-385.425
7282,-388.175
7283,-390.250
7284,-392.625
7285,-384.750
7286,-386.800
7287,-389.325
7288,-391.700
7289,-394.025
7290,-395.675
7291,-388.325
7292,-390.075
7293,-392.825
7294,-394.750
7295,-397.275
7296,-399.775
7297,-391.300
7298,-394.150
7299,-395.925
7300,-398.550
7301,-400.800
7302,-402.450
7303,-395.225
7304,-397.125
7305,-399.625
7306,-402.050
7307,-404.200
7308,-406.650
7309,-398.025
7310,-400.500
7311,-402.725
7312,-405.075
7313,-382.050
7314,-399.425
7315,-402.050
7316,-403.900
7317,-406.225
7318,-382.650
7319,-385.525
7320,-403.100
7321,-405.500
7322,-381.450
7323,-383.875
7324,-386.300
7325,-388.975
7326,-406.275
7327,-383.300
7328,-385.325
7329,-387.700
7330,-390.225
7331,-391.775
7332,-384.400
7333,-386.400
7334,-388.700
7335,-391.200
7336,-393.375
7337,-385.375
7338,-387.250
7339,-389.675
7340,-392.050
7341,-394.650
7342,-396.800
7343,-388.350
7344,-391.350
7345,-393.375
7346,-395.750
7347,-397.975
7348,-400.375
7349,-392.225
7350,-394.125
7351,-397.000
7352,-398.975
7353,-401.300
7354,-403.775
7355,-395.750
7356,-398.150
7357,-400.225
7358,-402.375
7359,-405.075
7360,-396.925
7361,-399.050
7362,-401.325
7363,-403.525
7364,-405.800
7365,-382.725
7366,-400.500
7367,-402.325
7368,-404.700
7369,-381.500
7370,-383.675
7371,-386.025
7372,-403.175
7373,-405.850
7374,-382.500
7375,-384.775
7376,-386.925
7377,-389.650
7378,-381.675
7379,-383.525
7380,-385.800
7381,-387.975
7382,-390.700
7383,-392.725
7384,-385.225
7385,-386.725
7386,-389.150
7387,-391.500
7388,-394.250
7389,-385.850
7390,-388.675
7391,-390.450
7392,-392.925
7393,-395.325
7394,-397.350
7395,-388.925
7396,-391.825
7397,-393.875
7398,-396.125
7399,-398.450
7400,-400.600
7401,-392.800
7402,-395.350
7403,-397.350
7404,-399.425
7405,-401.575
7406,-404.075
7407,-396.275
7408,-398.250
7409,-400.500
7410,-402.825
7411,-405.700
7412,-397.625
7413,-399.350
7414,-402.225
7415,-404.475
7416,-406.900
7417,-383.175
7418,-400.500
7419,-403.225
7420,-405.125
7421,-381.875
7422,-384.475
7423,-386.375
7424,-404.200
7425,-406.775
7426,-383.575
7427,-385.500
7428,-387.800
7429,-389.950
7430,-382.250
7431,-384.175
7432,-386.525
7433,-388.925
7434,-391.050
7435,-383.575
7436,-385.825
7437,-387.650
7438,-390.150
7439,-392.225
7440,-394.650
7441,-386.625
7442,-388.850
7443,-391.325
7444,-393.725
7445,-395.650
7446,-398.475
7447,-390.275
7448,-392.250
7449,-394.950
7450,-397.075
7451,-399.625
7452,-401.800
7453,-393.825
7454,-395.325
7455,-397.825
7456,-400.375
7457,-402.775
7458,-405.075
7459,-396.650
7460,-399.125
7461,-401.900
7462,-403.775
7463,-406.325
7464,-398.050
7465,-400.850
7466,-402.225
7467,-405.050
7468,-381.925
7469,-384.150
7470,-401.525
7471,-404.100
7472,-406.125
7473,-382.600
7474,-385.150
7475,-387.525
7476,-405.350
7477,-382.050
7478,-383.850
7479,-386.075
7480,-388.175
7481,-390.525
7482,-383.125
7483,-385.325
7484,-387.325
7485,-389.750
7486,-391.550
7487,-384.250
7488,-386.300
7489,-388.100
7490,-390.700
7491,-393.300
7492,-395.275
7493,-387.450
7494,-389.850
7495,-391.825
7496,-394.025
7497,-396.475
7498,-398.825
7499,-390.875
7500,-393.075
7501,-395.425
7502,-398.025
7503,-399.975
7504,-402.525
7505,-394.150
7506,-396.425
7507,-398.775
7508,-400.950
7509,-403.550
7510,-395.425
7511,-397.625
7512,-400.325
7513,-402.150
7514,-404.175
7515,-381.500
7516,-398.475
7517,-401.250
7518,-403.300
7519,-405.700
7520,-382.650
7521,-384.700
7522,-402.175
7523,-404.550
7524,-381.450
7525,-383.800
7526,-385.975
7527,-387.575
7528,-405.325
7529,-382.600
7530,-384.900
7531,-387.200
7532,-389.100
7533,-391.150
7534,-383.750
7535,-386.075
7536,-388.225
7537,-390.600
7538,-392.650
7539,-385.000
7540,-386.850
7541,-388.825
7542,-391.875
7543,-393.925
7544,-395.875
7545,-387.975
7546,-390.400
7547,-392.975
7548,-395.225
7549,-397.325
7550,-399.625
7551,-391.150
7552,-394.150
7553,-396.375
7554,-398.225
7555,-400.725
7556,-402.775
7557,-395.125
7558,-397.325
7559,-399.375
7560,-401.950
7561,-404.500
7562,-395.925
7563,-398.250
7564,-400.725
7565,-403.300
7566,-405.525
7567,-381.750
7568,-399.425
7569,-402.100
7570,-404.000
7571,-406.775
7572,-383.350
7573,-385.475
7574,-403.325
7575,-405.550
7576,-382.175
7577,-384.300
7578,-386.375
7579,-388.750
7580,-406.675
7581,-383.350
7582,-385.650
7583,-387.825
7584,-390.275
7585,-382.175
7586,-384.500
7587,-386.475
7588,-388.575
7589,-390.775
7590,-393.400
7591,-385.575
7592,-388.000
7593,-389.950
7594,-392.200
7595,-394.475
7596,-396.225
7597,-388.950
7598,-391.450
7599,-393.250
7600,-395.725
7601,-398.250
7602,-399.975
7603,-391.925
7604,-394.600
7605,-396.425
7606,-398.975
7607,-401.100
7608,-403.425
7609,-395.925
7610,-398.050
7611,-399.925
7612,-402.575
7613,-405.125
7614,-396.875
7615,-398.925
7616,-401.400
7617,-403.675
7618,-405.550
7619,-382.400
7620,-400.075
7621,-402.175
7622,-404.650
7623,-381.550
7624,-383.650
7625,-385.700
7626,-403.675
7627,-405.875
7628,-382.925
7629,-384.950
7630,-387.325
7631,-389.750
7632,-381.500
7633,-384.100
7634,-385.750
7635,-388.425
7636,-390.775
7637,-382.975
7638,-384.775
7639,-387.150
7640,-389.700
7641,-391.600
7642,-394.125
7643,-386.350
7644,-388.275
7645,-390.875
7646,-392.500
7647,-395.175
7648,-397.525
7649,-389.825
7650,-391.925
7651,-394.150
7652,-396.450
7653,-398.750
7654,-400.900
7655,-392.725
7656,-395.075
7657,-397.625
7658,-399.675
7659,-402.275
7660,-404.250
7661,-396.550
7662,-398.150
7663,-401.100
7664,-402.725
7665,-405.750
7666,-397.775
7667,-399.425
7668,-401.950
7669,-404.250
7670,-406.500
7671,-383.550
7672,-400.850
7673,-403.050
7674,-405.800
7675,-382.550
7676,-384.300
7677,-386.925
7678,-404.500
7679,-406.975
7680,-383.175
7681,-385.600
7682,-387.725
7683,-389.800
7684,-382.450
7685,-384.375
7686,-386.975
7687,-389.100
7688,-390.800
7689,-383.025
7690,-385.525
7691,-388.150
7692,-389.975
7693,-392.150
7694,-394.850
7695,-386.925
7696,-388.750
7697,-391.400
7698,-393.400
7699,-396.050
7700,-397.775
7701,-390.225
7702,-392.725
7703,-395.050
7704,-396.800
7705,-398.975
7706,-401.900
7707,-393.625
7708,-395.750
7709,-397.850
7710,-400.850
7711,-402.750
7712,-394.575
7713,-397.175
7714,-398.875
7715,-401.250
7716,-403.600
7717,-406.350
7718,-398.125
7719,-400.625
7720,-402.850
7721,-404.875
7722,-382.025
7723,-384.250
7724,-401.925
7725,-404.175
7726,-406.350
7727,-382.875
7728,-384.700
7729,-387.250
7730,-405.125
7731,-381.450
7732,-383.975
7733,-385.925
7734,-388.850
7735,-390.800
7736,-383.025
7737,-385.050
7738,-386.975
7739,-390.025
7740,-392.375
7741,-384.400
7742,-386.575
7743,-388.625
7744,-390.525
7745,-393.500
7746,-395.450
7747,-387.600
7748,-389.475
7749,-392.325
7750,-394.500
7751,-396.475
7752,-398.850
7753,-390.825
7754,-393.075
7755,-395.575
7756,-398.075
7757,-400.125
7758,-402.175
7759,-394.075
7760,-396.975
7761,-398.825
7762,-401.375
7763,-403.625
7764,-395.675
7765,-397.575
7766,-399.925
7767,-402.125
7768,-404.975
7769,-381.250
7770,-398.450
7771,-401.525
7772,-403.300
7773,-405.700
7774,-382.525
7775,-384.700
7776,-402.275
7777,-404.725
7778,-381.375
7779,-383.750
7780,-385.575
7781,-388.375
7782,-405.700
7783,-382.250
7784,-384.700
7785,-386.925
7786,-389.575
7787,-381.625
7788,-383.475
7789,-385.825
7790,-388.325
7791,-390.525
7792,-392.825
7793,-384.350
7794,-386.825
7795,-389.425
7796,-391.875
7797,-393.750
7798,-396.225
7799,-387.975
7800,-390.650
7801,-392.925
7802,-394.500
7803,-397.125
7804,-399.425
7805,-391.725
7806,-393.925
7807,-395.875
7808,-398.675
7809,-400.700
7810,-403.000
7811,-395.025
7812,-397.575
7813,-399.525
7814,-401.900
7815,-404.100
7816,-396.125
7817,-398.675
7818,-400.450
7819,-403.225
7820,-405.300
7821,-382.050
7822,-399.625
7823,-401.925
7824,-403.750
7825,-406.600
7826,-383.375
7827,-385.500
7828,-403.050
7829,-405.450
7830,-381.975
7831,-384.000
7832,-386.400
7833,-388.525
7834,-406.425
7835,-383.450
7836,-385.325
7837,-387.625
7838,-389.475
7839,-381.925
7840,-384.475
7841,-386.625
7842,-388.950
7843,-390.975
7844,-393.375
7845,-385.725
7846,-388.050
7847,-389.825
7848,-392.275
7849,-394.650
7850,-396.425
7851,-388.700
7852,-391.450
7853,-393.400
7854,-396.075
7855,-398.325
7856,-399.975
7857,-392.200
7858,-394.650
7859,-396.825
7860,-399.250
7861,-401.500
7862,-393.450
7863,-395.900
7864,-398.150
7865,-400.150
7866,-402.725
7867,-405.125
7868,-396.725
7869,-399.025
7870,-401.650
7871,-403.775
7872,-405.850
7873,-382.550
7874,-399.850
7875,-402.850
7876,-404.750
7877,-381.825
7878,-383.975
7879,-386.125
7880,-403.475
7881,-405.750
7882,-383.075
7883,-384.900
7884,-386.850
7885,-389.250
7886,-381.550
7887,-383.800
7888,-386.350
7889,-388.025
7890,-390.500
7891,-383.025
7892,-385.000
7893,-387.100
7894,-389.650
7895,-391.700
7896,-394.150
7897,-385.850
7898,-388.575
7899,-390.325
7900,-393.300
7901,-395.350
7902,-397.475
7903,-389.100
7904,-391.675
7905,-394.175
7906,-396.675
7907,-398.875
7908,-401.150
7909,-392.650
7910,-395.325
7911,-397.525
7912,-399.725
7913,-402.250
7914,-394.025
7915,-396.775
7916,-399.050
7917,-400.850
7918,-403.125
7919,-405.875
7920,-397.625
7921,-399.925
7922,-402.275
7923,-404.550
7924,-381.400
7925,-383.550
7926,-400.450
7927,-402.950
7928,-405.500
7929,-382.300
7930,-384.300
7931,-386.800
7932,-404.600
7933,-381.225
7934,-383.525
7935,-385.475
7936,-388.000
7937,-405.800
7938,-382.525
7939,-384.475
7940,-386.475
7941,-388.850
7942,-391.600
7943,-383.175
7944,-385.975
7945,-387.825
7946,-390.225
7947,-392.400
7948,-394.700
7949,-386.600
7950,-389.250
7951,-391.575
7952,-393.650
7953,-395.925
7954,-398.250
7955,-390.650
7956,-392.625
7957,-395.000
7958,-397.025
7959,-399.250
7960,-401.550
7961,-393.725
7962,-395.925
7963,-398.150
7964,-400.225
7965,-402.950
7966,-394.400
7967,-397.150
7968,-399.425
7969,-402.050
7970,-404.300
7971,-406.450
7972,-397.875
7973,-400.500
7974,-402.575
7975,-405.025
7976,-381.725
7977,-383.900
7978,-401.450
7979,-404.075
7980,-405.875
7981,-383.075
7982,-385.200
7983,-387.300
7984,-404.575
7985,-381.600
7986,-384.200
7987,-386.025
7988,-388.850
7989,-406.450
7990,-383.200
7991,-385.200
7992,-387.625
7993,-390.150
7994,-392.100
7995,-383.900
7996,-386.525
7997,-388.850
7998,-391.125
7999,-393.250
8000,-395.375
8001,-387.575
8002,-390.075
8003,-392.325
8004,-394.550
8005,-396.925
8006,-398.950
8007,-390.800
8008,-393.200
8009,-395.175
8010,-397.375
8011,-399.725
8012,-391.875
8013,-394.025
8014,-396.375
8015,-398.550
8016,-401.250
8017,-403.175
8018,-395.275
8019,-397.850
8020,-400.025
8021,-402.575
8022,-404.175
8023,-381.550
8024,-399.250
8025,-401.050
8026,-403.300
8027,-405.700
8028,-382.400
8029,-384.900
8030,-401.925
8031,-404.950
8032,-381.075
8033,-383.675
8034,-385.675
8035,-388.025
8036,-405.525
8037,-382.775
8038,-384.500
8039,-386.850
8040,-389.525
8041,-381.275
8042,-383.400
8043,-385.650
8044,-388.525
8045,-390.425
8046,-393.100
8047,-384.475
8048,-387.325
8049,-389.150
8050,-391.550
8051,-394.050
8052,-396.125
8053,-388.525
8054,-390.150
8055,-392.725
8056,-394.800
8057,-397.425
8058,-399.725
8059,-391.450
8060,-394.175
8061,-396.325
8062,-398.350
8063,-400.275
8064,-392.500
8065,-395.450
8066,-397.650
8067,-399.725
8068,-401.575
8069,-404.275
8070,-395.775
8071,-398.250
8072,-400.425
8073,-403.425
8074,-405.750
8075,-381.925
8076,-399.750
8077,-402.000
8078,-404.050
8079,-406.825
8080,-383.400
8081,-385.525
8082,-402.900
8083,-405.450
8084,-382.325
8085,-384.050
8086,-386.225
8087,-378.900
8088,-406.225
8089,-383.250
8090,-385.400
8091,-387.700
8092,-389.625
8093,-382.125
8094,-384.625
8095,-386.175
8096,-388.825
8097,-390.875
8098,-393.475
8099,-385.125
8100,-387.450
8101,-389.925
8102,-392.200
8103,-394.750
8104,-396.925
8105,-389.025
8106,-390.925
8107,-393.650
8108,-395.675
8109,-398.025
8110,-400.450
8111,-391.950
8112,-394.575
8113,-396.725
8114,-399.375
8115,-401.650
8116,-393.350
8117,-396.050
8118,-398.075
8119,-400.500
8120,-402.850
8121,-404.600
8122,-397.175
8123,-399.050
8124,-401.400
8125,-403.750
8126,-406.000
8127,-383.075
8128,-400.050
8129,-402.900
8130,-404.575
8131,-381.625
8132,-384.100
8133,-386.475
8134,-403.900
8135,-405.900
8136,-382.925
8137,-384.750
8138,-387.050
8139,-404.600
8140,-381.375
8141,-383.725
8142,-386.150
8143,-388.525
8144,-390.875
8145,-382.825
8146,-384.900
8147,-387.575
8148,-390.025
8149,-391.875
8150,-394.475
8151,-386.300
8152,-388.425
8153,-390.625
8154,-393.375
8155,-394.925
8156,-397.875
8157,-389.875
8158,-391.925
8159,-394.450
8160,-396.725
8161,-398.425
8162,-390.875
8163,-392.775
8164,-395.075
8165,-397.650
8166,-399.925
8167,-402.350
8168,-394.275
8169,-396.575
8170,-399.100
8171,-401.100
8172,-403.375
8173,-405.750
8174,-397.450
8175,-399.925
8176,-402.100
8177,-404.100
8178,-380.875
8179,-383.525
8180,-401.150
8181,-403.475
8182,-405.350
8183,-382.425
8184,-384.275
8185,-386.825
8186,-404.750
8187,-381.400
8188,-383.200
8189,-385.850
8190,-388.225
8191,-405.600
8192,-382.300
8193,-384.375
8194,-387.025
8195,-388.950
8196,-390.975
8197,-383.575
8198,-385.825
8199,-388.000
8200,-390.150
8201,-392.325
8202,-394.450
8203,-386.675
8204,-389.150
8205,-391.625
8206,-393.775
8207,-395.550
8208,-398.075
8209,-390.575
8210,-392.900
8211,-395.225
8212,-397.125
8213,-399.275
8214,-391.300
8215,-393.650
8216,-396.350
8217,-398.450
8218,-400.450
8219,-403.000
8220,-394.600
8221,-396.775
8222,-399.575
8223,-401.850
8224,-403.675
8225,-406.500
8226,-397.950
8227,-400.700
8228,-402.500
8229,-405.175
8230,-381.750
8231,-384.275
8232,-401.300
8233,-404.200
8234,-406.450
8235,-382.975
8236,-385.125
8237,-387.800
8238,-405.525
8239,-381.850
8240,-384.250
8241,-386.675
8242,-389.050
8243,-406.100
8244,-382.775
8245,-385.275
8246,-387.450
8247,-389.725
8248,-392.150
8249,-384.300
8250,-386.525
8251,-388.925
8252,-390.825
8253,-393.575
8254,-395.025
8255,-387.775
8256,-390.175
8257,-391.700
8258,-394.650
8259,-396.625
8260,-398.750
8261,-391.025
8262,-393.575
8263,-395.525
8264,-397.450
8265,-400.375
8266,-391.725
8267,-394.750
8268,-396.550
8269,-399.325
8270,-401.350
8271,-403.475
8272,-395.725
8273,-397.475
8274,-400.325
8275,-402.175
8276,-404.700
8277,-381.500
8278,-398.625
8279,-401.100
8280,-403.675
8281,-405.775
8282,-382.225
8283,-384.750
8284,-402.550
8285,-405.025
8286,-381.400
8287,-383.725
8288,-385.800
8289,-403.225
8290,-406.000
8291,-382.600
8292,-384.900
8293,-386.725
8294,-389.250
8295,-381.825
8296,-383.975
8297,-386.250
8298,-388.100
8299,-390.225
8300,-392.375
8301,-384.850
8302,-387.125
8303,-389.300
8304,-391.775
8305,-394.150
8306,-395.975
8307,-388.375
8308,-390.450
8309,-393.200
8310,-395.425
8311,-397.025
8312,-399.775
8313,-391.600
8314,-393.675
8315,-396.300
8316,-398.450
8317,-400.575
8318,-393.100
8319,-394.875
8320,-397.000
8321,-399.550
8322,-401.850
8323,-404.500
8324,-396.275
8325,-398.825
8326,-400.650
8327,-402.825
8328,-405.700
8329,-382.250
8330,-399.475
8331,-401.950
8332,-404.550
8333,-406.475
8334,-383.475
8335,-385.275
8336,-403.450
8337,-405.800
8338,-381.825
8339,-384.650
8340,-386.625
8341,-404.650
8342,-406.575
8343,-383.175
8344,-385.600
8345,-387.975
8346,-390.275
8347,-382.600
8348,-384.700
8349,-386.725
8350,-389.050
8351,-391.550
8352,-393.750
8353,-385.700
8354,-387.375
8355,-390.075
8356,-392.425
8357,-394.700
8358,-396.825
8359,-388.875
8360,-391.575
8361,-393.875
8362,-395.750
8363,-398.375
8364,-390.075
8365,-392.675
8366,-394.600
8367,-397.250
8368,-399.150
8369,-401.050
8370,-393.725
8371,-395.525
8372,-398.475
8373,-400.650
8374,-402.525
8375,-404.850
8376,-396.975
8377,-399.100
8378,-401.450
8379,-404.200
8380,-406.200
8381,-382.800
8382,-400.275
8383,-402.950
8384,-405.075
8385,-381.650
8386,-384.175
8387,-386.025
8388,-403.750
8389,-406.350
8390,-382.425
8391,-384.950
8392,-387.500
8393,-405.225
8394,-381.375
8395,-383.850
8396,-385.925
8397,-388.675
8398,-391.150
8399,-382.875
8400,-385.225
8401,-387.625
8402,-389.150
8403,-391.775
8404,-394.375
8405,-385.725
8406,-388.575
8407,-390.975
8408,-393.150
8409,-395.625
8410,-397.625
8411,-389.950
8412,-391.800
8413,-394.200
8414,-396.550
8415,-398.975
8416,-390.425
8417,-393.450
8418,-395.575
8419,-397.775
8420,-400.225
8421,-401.850
8422,-394.250
8423,-396.775
8424,-398.650
8425,-401.450
8426,-403.350
8427,-405.925
8428,-397.875
8429,-400.275
8430,-401.750
8431,-404.450
8432,-381.375
8433,-383.750
8434,-400.825
8435,-403.550
8436,-405.900
8437,-382.350
8438,-384.675
8439,-402.100
8440,-404.875
8441,-381.450
8442,-383.725
8443,-385.900
8444,-388.325
8445,-405.300
8446,-382.650
8447,-384.900
8448,-386.725
8449,-388.850
8450,-391.200
8451,-383.750
8452,-386.050
8453,-388.350
8454,-390.325
8455,-392.600
8456,-395.050
8457,-386.625
8458,-389.125
8459,-391.550
8460,-393.775
8461,-396.075
8462,-398.450
8463,-390.125
8464,-392.600
8465,-395.150
8466,-397.150
8467,-399.225
8468,-391.350
8469,-393.875
8470,-396.050
8471,-398.175
8472,-400.750
8473,-403.050
8474,-395.050
8475,-397.075
8476,-399.225
8477,-401.700
8478,-404.300
8479,-406.325
8480,-398.225
8481,-400.950
8482,-403.100
8483,-405.400
8484,-381.675
8485,-383.975
8486,-401.750
8487,-404.400
8488,-406.600
8489,-382.900
8490,-384.950
8491,-402.850
8492,-404.850
8493,-382.050
8494,-384.100
8495,-386.675
8496,-388.450
8497,-406.325
8498,-382.650
8499,-385.450
8500,-387.725
8501,-389.975
8502,-392.100
8503,-384.100
8504,-386.475
8505,-388.350
8506,-391.175
8507,-393.375
8508,-395.450
8509,-387.775
8510,-389.850
8511,-392.550
8512,-394.300
8513,-396.925
8514,-388.600
8515,-391.400
8516,-393.350
8517,-395.750
8518,-398.150
8519,-400.450
8520,-391.775
8521,-394.400
8522,-396.925
8523,-399.075
8524,-401.650
8525,-403.900
8526,-395.750
8527,-398.250
8528,-400.325
8529,-402.250
8530,-404.850
8531,-381.750
8532,-399.375
8533,-401.000
8534,-403.875
8535,-406.025
8536,-382.650
8537,-385.000
8538,-402.325
8539,-404.925
8540,-381.075
8541,-383.575
8542,-386.225
8543,-403.475
8544,-406.275
8545,-382.975
8546,-384.975
8547,-387.175
8548,-389.725
8549,-381.650
8550,-383.725
8551,-386.075
8552,-388.150
8553,-390.325
8554,-392.800
8555,-385.075
8556,-387.250
8557,-389.100
8558,-391.500
8559,-393.650
8560,-396.225
8561,-388.250
8562,-390.650
8563,-392.875
8564,-395.475
8565,-397.250
8566,-389.200
8567,-391.350
8568,-393.775
8569,-396.675
8570,-398.825
8571,-400.450
8572,-393.100
8573,-395.525
8574,-397.650
8575,-399.975
8576,-402.275
8577,-403.950
8578,-396.000
8579,-398.825
8580,-401.225
8581,-403.475
8582,-405.700
8583,-382.400
8584,-399.725
8585,-402.100
8586,-404.150
8587,-381.375
8588,-382.900
8589,-400.600
8590,-403.450
8591,-405.800
8592,-381.825
8593,-384.800
8594,-386.675
8595,-404.150
8596,-380.950
8597,-383.300
8598,-385.675
8599,-387.825
8600,-390.225
8601,-382.300
8602,-384.550
8603,-386.525
8604,-388.900
8605,-391.150
8606,-393.375
8607,-385.825
8608,-388.025
8609,-390.150
8610,-392.100
8611,-394.750
8612,-397.075
8613,-388.950
8614,-391.250
8615,-393.950
8616,-395.750
8617,-398.225
8618,-390.050
8619,-392.525
8620,-394.650
8621,-397.250
8622,-399.525
8623,-401.550
8624,-393.875
8625,-395.750
8626,-397.775
8627,-400.275
8628,-402.625
8629,-405.225
8630,-396.825
8631,-399.350
8632,-401.700
8633,-403.525
8634,-406.500
8635,-382.725
8636,-400.325
8637,-403.100
8638,-404.850
8639,-381.975
8640,-384.050
8641,-401.525
8642,-403.475
8643,-406.025
8644,-382.975
8645,-385.400
8646,-387.450
8647,-405.425
8648,-381.975
8649,-384.200
8650,-386.550
8651,-388.400
8652,-390.900
8653,-382.900
8654,-385.300
8655,-387.500
8656,-389.825
8657,-392.225
8658,-394.075
8659,-386.300
8660,-388.225
8661,-390.975
8662,-393.450
8663,-395.775
8664,-387.025
8665,-389.575
8666,-392.225
8667,-393.975
8668,-396.825
8669,-399.075
8670,-391.075
8671,-392.875
8672,-395.475
8673,-397.375
8674,-400.450
8675,-401.800
8676,-394.200
8677,-396.225
8678,-398.725
8679,-400.950
8680,-403.550
8681,-405.550
8682,-397.975
8683,-400.150
8684,-402.500
8685,-404.450
8686,-381.550
8687,-383.625
8688,-401.050
8689,-403.600
8690,-405.700
8691,-382.725
8692,-384.550
8693,-402.250
8694,-404.875
8695,-381.650
8696,-383.750
8697,-386.075
8698,-388.250
8699,-405.750
8700,-382.600
8701,-384.975
8702,-387.275
8703,-388.950
8704,-391.450
8705,-383.950
8706,-386.175
8707,-388.425
8708,-390.325
8709,-392.625
8710,-394.800
8711,-387.200
8712,-389.225
8713,-391.875
8714,-393.775
8715,-396.475
8716,-387.725
8717,-390.300
8718,-392.925
8719,-395.225
8720,-397.150
8721,-399.750
8722,-391.700
8723,-393.475
8724,-395.850
8725,-398.375
8726,-400.950
8727,-402.900
8728,-395.125
8729,-397.650
8730,-399.825
8731,-402.100
8732,-403.850
8733,-406.700
8734,-398.450
8735,-400.825
8736,-403.300
8737,-405.125
8738,-382.200
8739,-374.275
8740,-402.225
8741,-403.800
8742,-406.650
8743,-383.025
8744,-385.575
8745,-403.250
8746,-405.225
8747,-382.325
8748,-383.850
8749,-386.675
8750,-388.775
8751,-406.450
8752,-382.975
8753,-385.200
8754,-387.850
8755,-389.575
8756,-392.100
8757,-384.525
8758,-386.700
8759,-388.575
8760,-391.500
8761,-393.575
8762,-396.025
8763,-387.625
8764,-390.325
8765,-392.525
8766,-394.575
8767,-396.675
8768,-388.750
8769,-390.875
8770,-393.300
8771,-396.075
8772,-398.150
8773,-400.250
8774,-392.050
8775,-394.650
8776,-397.150
8777,-399.075
8778,-401.375
8779,-403.875
8780,-395.900
8781,-397.950
8782,-400.075
8783,-402.850
8784,-405.225
8785,-381.100
8786,-398.850
8787,-401.400
8788,-403.900
8789,-406.200
8790,-382.450
8791,-400.275
8792,-402.725
8793,-404.950
8794,-381.675
8795,-383.625
8796,-385.975
8797,-403.350
8798,-405.975
8799,-382.650
8800,-384.750
8801,-386.725
8802,-389.750
8803,-381.525
8804,-383.775
8805,-385.650
8806,-388.675
8807,-390.900
8808,-392.825
8809,-385.075
8810,-386.700
8811,-389.350
8812,-392.050
8813,-394.200
8814,-386.025
8815,-387.850
8816,-390.925
8817,-392.925
8818,-395.025
8819,-397.625
8820,-389.600
8821,-392.200
8822,-394.275
8823,-396.225
8824,-398.725
8825,-401.250
8826,-392.550
8827,-395.275
8828,-397.825
8829,-400.150
8830,-402.450
8831,-404.075
8832,-396.675
8833,-398.675
8834,-400.950
8835,-403.475
8836,-405.300
8837,-382.500
8838,-399.425
8839,-402.275
8840,-404.250
8841,-406.200
8842,-383.250
8843,-400.575
8844,-403.125
8845,-405.550
8846,-381.775
8847,-384.800
8848,-386.600
8849,-404.475
8850,-406.825
8851,-383.250
8852,-385.850
8853,-387.450
8854,-390.075
8855,-382.175
8856,-384.675
8857,-386.350
8858,-389.250
8859,-391.575
8860,-393.550
8861,-385.500
8862,-387.775
8863,-390.650
8864,-392.825
8865,-394.575
8866,-386.700
8867,-389.325
8868,-391.400
8869,-393.775
8870,-396.175
8871,-398.375
8872,-390.325
8873,-392.675
8874,-394.700
8875,-397.075
8876,-399.075
8877,-401.200
8878,-393.775
8879,-395.925
8880,-398.050
8881,-400.350
8882,-403.100
8883,-405.325
8884,-397.100
8885,-399.075
8886,-401.925
8887,-403.475
8888,-406.175
8889,-383.250
8890,-400.850
8891,-402.850
8892,-405.275
8893,-381.925
8894,-384.075
8895,-401.650
8896,-403.950
8897,-406.000
8898,-382.900
8899,-384.800
8900,-387.575
8901,-405.125
8902,-382.025
8903,-383.775
8904,-386.175
8905,-388.175
8906,-391.250
8907,-382.650
8908,-385.075
8909,-387.050
8910,-390.050
8911,-392.250
8912,-394.575
8913,-386.000
8914,-388.700
8915,-391.250
8916,-393.300
8917,-395.275
8918,-387.650
8919,-389.500
8920,-391.925
8921,-394.700
8922,-396.675
8923,-398.975
8924,-391.025
8925,-393.525
8926,-395.375
8927,-397.625
8928,-400.275
8929,-402.450
8930,-394.025
8931,-396.500
8932,-399.025
8933,-401.525
8934,-403.425
8935,-405.350
8936,-397.975
8937,-400.150
8938,-402.575
8939,-404.300
8940,-380.975
8941,-399.325
8942,-401.000
8943,-403.125
8944,-405.700
8945,-382.875
8946,-384.950
8947,-401.900
8948,-404.775
8949,-381.550
8950,-383.900
8951,-385.850
8952,-388.350
8953,-405.850
8954,-382.425
8955,-384.600
8956,-387.200
8957,-389.650
8958,-391.575
8959,-383.375
8960,-385.800
8961,-388.325
8962,-390.725
8963,-392.725
8964,-394.925
8965,-387.175
8966,-389.300
8967,-391.350
8968,-393.675
8969,-395.925
8970,-387.800
8971,-390.300
8972,-392.675
8973,-395.325
8974,-396.825
8975,-399.925
8976,-391.625
8977,-394.200
8978,-396.425
8979,-398.425
8980,-400.575
8981,-402.925
8982,-395.175
8983,-397.650
8984,-399.850
8985,-402.100
8986,-403.875
8987,-406.825
8988,-398.475
8989,-401.100
8990,-403.350
8991,-405.175
8992,-382.325
8993,-400.050
8994,-402.050
8995,-403.900
8996,-406.600
8997,-383.475
8998,-385.200
8999,-403.300
9000,-405.600
9001,-381.675
9002,-383.800
9003,-386.375
9004,-388.425
9005,-406.450
9006,-383.550
9007,-385.300
9008,-388.050
9009,-389.750
9010,-391.975
9011,-384.300
9012,-386.375
9013,-388.925
9014,-391.250
9015,-393.300
9016,-385.275
9017,-387.875
9018,-389.875
9019,-392.000
9020,-394.275
9021,-396.825
9022,-389.050
9023,-391.550
9024,-393.550
9025,-396.075
9026,-398.025
9027,-400.450
9028,-392.675
9029,-394.750
9030,-397.075
9031,-398.825
9032,-401.025
9033,-403.700
9034,-395.975
9035,-397.775
9036,-400.225
9037,-402.850
9038,-404.925
9039,-381.550
9040,-399.325
9041,-401.525
9042,-403.375
9043,-406.100
9044,-382.775
9045,-400.650
9046,-402.925
9047,-404.775
9048,-381.400
9049,-383.900
9050,-386.475
9051,-404.075
9052,-405.800
9053,-382.600
9054,-385.175
9055,-386.975
9056,-389.325
9057,-381.650
9058,-384.100
9059,-386.475
9060,-388.450
9061,-390.800
9062,-392.725
9063,-385.300
9064,-387.650
9065,-389.750
9066,-392.100
9067,-394.075
9068,-386.275
9069,-388.150
9070,-390.975
9071,-392.875
9072,-395.000
9073,-397.375
9074,-389.350
9075,-392.050
9076,-394.575
9077,-396.300
9078,-398.850
9079,-401.150
9080,-393.175
9081,-395.275
9082,-397.650
9083,-399.525
9084,-402.175
9085,-404.650
9086,-396.475
9087,-398.475
9088,-400.600
9089,-403.300
9090,-405.650
9091,-397.925
9092,-399.725
9093,-401.900
9094,-404.925
9095,-381.225
9096,-383.250
9097,-401.300
9098,-403.550
9099,-405.225
9100,-382.650
9101,-384.650
9102,-386.275
9103,-404.650
9104,-381.175
9105,-383.275
9106,-385.600
9107,-387.925
9108,-390.550
9109,-382.675
9110,-384.600
9111,-386.600
9112,-389.250
9113,-391.500
9114,-393.750
9115,-385.600
9116,-387.775
9117,-390.500
9118,-392.400
9119,-395.125
9120,-386.925
9121,-389.050
9122,-391.700
9123,-393.675
9124,-395.925
9125,-398.550
9126,-390.275
9127,-392.600
9128,-394.700
9129,-397.100
9130,-399.725
9131,-401.900
9132,-393.675
9133,-396.275
9134,-398.175
9135,-400.950
9136,-402.950
9137,-404.950
9138,-397.025
9139,-399.650
9140,-401.750
9141,-403.775
9142,-406.000
9143,-398.675
9144,-400.825
9145,-402.450
9146,-404.850
9147,-382.175
9148,-383.950
9149,-401.700
9150,-403.975
9151,-406.550
9152,-382.900
9153,-385.275
9154,-387.775
9155,-404.950
9156,-381.950
9157,-384.375
9158,-386.475
9159,-388.175
9160,-391.125
9161,-383.025
9162,-385.125
9163,-387.400
9164,-390.125
9165,-392.375
9166,-384.350
9167,-386.625
9168,-388.850
9169,-390.875
9170,-393.175
9171,-395.075
9172,-387.500
9173,-389.775
9174,-392.000
9175,-394.650
9176,-396.575
9177,-398.825
9178,-391.350
9179,-393.675
9180,-395.775
9181,-397.975
9182,-399.750
9183,-402.375
9184,-394.200
9185,-396.875
9186,-398.750
9187,-400.750
9188,-403.800
9189,-406.000
9190,-398.150
9191,-399.875
9192,-402.675
9193,-404.875
9194,-381.375
9195,-399.250
9196,-401.250
9197,-403.775
9198,-405.800
9199,-382.450
9200,-385.075
9201,-402.675
9202,-404.550
9203,-381.675
9204,-383.550
9205,-385.575
9206,-388.050
9207,-406.225
9208,-382.725
9209,-384.550
9210,-387.175
9211,-389.675
9212,-391.675
9213,-383.950
9214,-385.750
9215,-388.175
9216,-390.800
9217,-393.075
9218,-384.300
9219,-386.975
9220,-389.600
9221,-391.500
9222,-393.750
9223,-396.375
9224,-388.675
9225,-390.275
9226,-392.600
9227,-395.075
9228,-396.925
9229,-400.000
9230,-391.350
9231,-394.125
9232,-396.225
9233,-398.825
9234,-401.200
9235,-403.475
9236,-395.025
9237,-397.550
9238,-399.825
9239,-401.750
9240,-404.400
9241,-396.550
9242,-398.175
9243,-400.750
9244,-402.725
9245,-405.325
9246,-382.025
9247,-399.825
9248,-401.850
9249,-404.700
9250,-406.750
9251,-383.250
9252,-385.500
9253,-403.100
9254,-405.650
9255,-381.775
9256,-384.500
9257,-386.850
9258,-389.300
9259,-407.000
9260,-383.550
9261,-385.825
9262,-388.100
9263,-390.125
9264,-392.400
9265,-384.450
9266,-386.575
9267,-389.125
9268,-390.875
9269,-393.475
9270,-385.500
9271,-387.375
9272,-390.425
9273,-392.000
9274,-394.850
9275,-396.650
9276,-388.800
9277,-391.600
9278,-393.925
9279,-396.075
9280,-397.725
9281,-400.575
9282,-392.525
9283,-394.875
9284,-397.075
9285,-399.425
9286,-401.700
9287,-404.100
9288,-395.900
9289,-398.050
9290,-400.225
9291,-402.775
9292,-404.725
9293,-397.175
9294,-399.050
9295,-401.650
9296,-403.875
9297,-405.850
9298,-383.025
9299,-400.375
9300,-402.900
9301,-405.350
9302,-381.650
9303,-384.150
9304,-386.150
9305,-404.200
9306,-406.075
9307,-382.925
9308,-385.375
9309,-387.600
9310,-389.775
9311,-381.625
9312,-383.850
9313,-386.225
9314,-388.175
9315,-390.650
9316,-383.125
9317,-384.700
9318,-387.450
9319,-389.300
9320,-391.725
9321,-394.350
9322,-386.400
9323,-388.700
9324,-390.525
9325,-393.025
9326,-395.675
9327,-397.825
9328,-389.975
9329,-392.100
9330,-394.600
9331,-396.125
9332,-398.350
9333,-401.375
9334,-393.300
9335,-395.650
9336,-397.350
9337,-399.825
9338,-402.100
9339,-404.450
9340,-396.125
9341,-399.175
9342,-400.825
9343,-403.550
9344,-405.275
9345,-397.850
9346,-399.675
9347,-402.050
9348,-404.375
9349,-381.175
9350,-383.200
9351,-400.600
9352,-402.950
9353,-405.850
9354,-382.650
9355,-384.175
9356,-387.175
9357,-404.750
9358,-381.500
9359,-383.800
9360,-385.700
9361,-387.775
9362,-390.650
9363,-382.700
9364,-384.775
9365,-387.000
9366,-389.325
9367,-391.875
9368,-383.350
9369,-385.500
9370,-387.850
9371,-390.275
9372,-392.700
9373,-395.275
9374,-387.100
9375,-389.425
9376,-391.600
9377,-393.750
9378,-395.750
9379,-398.325
9380,-390.375
9381,-392.425
9382,-395.050
9383,-397.150
9384,-399.625
9385,-402.225
9386,-394.075
9387,-396.350
9388,-398.525
9389,-400.900
9390,-402.450
9391,-394.925
9392,-396.875
9393,-399.825
9394,-401.550
9395,-403.975
9396,-405.925
9397,-398.175
9398,-400.450
9399,-403.150
9400,-405.275
9401,-381.925
9402,-384.175
9403,-401.800
9404,-403.750
9405,-406.475
9406,-382.975
9407,-385.650
9408,-387.100
9409,-404.975
9410,-382.250
9411,-384.250
9412,-386.075
9413,-389.100
9414,-391.325
9415,-383.475
9416,-385.000
9417,-387.725
9418,-389.925
9419,-392.450
9420,-384.350
9421,-386.475
9422,-388.950
9423,-391.325
9424,-393.250
9425,-395.925
9426,-387.150
9427,-390.325
9428,-392.425
9429,-394.450
9430,-396.575
9431,-398.950
9432,-390.975
9433,-393.350
9434,-395.575
9435,-397.525
9436,-400.050
9437,-402.650
9438,-394.825
9439,-397.000
9440,-398.675
9441,-401.350
9442,-403.750
9443,-395.325
9444,-398.150
9445,-400.150
9446,-402.275
9447,-404.700
9448,-381.725
9449,-399.350
9450,-401.150
9451,-403.550
9452,-405.525
9453,-382.250
9454,-384.450
9455,-402.325
9456,-404.700
9457,-381.550
9458,-383.650
9459,-386.350
9460,-388.475
9461,-405.850
9462,-382.525
9463,-385.000
9464,-387.375
9465,-389.350
9466,-381.650
9467,-383.850
9468,-385.850
9469,-388.225
9470,-390.700
9471,-393.200
9472,-384.475
9473,-387.400
9474,-389.250
9475,-391.325
9476,-393.575
9477,-396.075
9478,-388.025
9479,-390.875
9480,-392.975
9481,-395.050
9482,-397.775
9483,-399.425
9484,-391.725
9485,-394.450
9486,-396.275
9487,-398.675
9488,-401.100
9489,-403.125
9490,-395.375
9491,-397.650
9492,-399.725
9493,-401.925
9494,-403.900
9495,-396.600
9496,-398.725
9497,-401.025
9498,-403.125
9499,-405.650
9500,-382.175
9501,-399.325
9502,-402.275
9503,-404.725
9504,-406.750
9505,-383.250
9506,-385.075
9507,-403.175
9508,-405.900
9509,-382.075
9510,-384.625
9511,-386.525
9512,-388.850
9513,-406.900
9514,-383.475
9515,-385.600
9516,-387.525
9517,-390.275
9518,-382.425
9519,-384.375
9520,-386.575
9521,-388.850
9522,-391.575
9523,-393.875
9524,-385.750
9525,-388.150
9526,-390.550
9527,-392.650
9528,-395.000
9529,-397.275
9530,-388.900
9531,-391.175
9532,-393.675
9533,-395.850
9534,-398.350
9535,-400.625
9536,-392.050
9537,-394.950
9538,-397.425
9539,-398.975
9540,-401.625
9541,-403.700
9542,-395.525
9543,-398.225
9544,-400.700
9545,-402.950
9546,-405.175
9547,-397.375
9548,-399.075
9549,-401.525
9550,-404.300
9551,-406.225
9552,-382.825
9553,-400.750
9554,-402.725
9555,-405.400
9556,-381.775
9557,-383.850
9558,-386.550
9559,-403.550
9560,-405.850
9561,-382.500
9562,-385.150
9563,-387.450
9564,-389.775
9565,-381.625
9566,-384.175
9567,-386.300
9568,-388.400
9569,-391.175
9570,-382.700
9571,-385.300
9572,-387.200
9573,-390.025
9574,-392.050
9575,-394.400
9576,-385.900
9577,-388.525
9578,-390.875
9579,-393.375
9580,-394.950
9581,-397.375
9582,-390.025
9583,-391.875
9584,-394.600
9585,-396.675
9586,-398.950
9587,-401.375
9588,-393.100
9589,-395.525
9590,-397.850
9591,-400.275
9592,-402.275
9593,-394.250
9594,-396.600
9595,-398.575
9596,-400.800
9597,-403.600
9598,-406.000
9599,-397.825
9600,-400.025
9601,-402.650
9602,-404.950
9603,-381.300
9604,-383.300
9605,-401.400
9606,-403.550
9607,-405.550
9608,-382.350
9609,-384.700
9610,-386.675
9611,-404.400
9612,-381.175
9613,-383.800
9614,-385.975
9615,-388.500
9616,-390.775
9617,-382.675
9618,-384.400
9619,-386.975
9620,-389.525
9621,-391.625
9622,-383.300
9623,-385.800
9624,-388.375
9625,-390.650
9626,-392.275
9627,-395.000
9628,-386.775
9629,-389.225
9630,-391.625
9631,-393.825
9632,-395.925
9633,-398.575
9634,-390.525
9635,-392.325
9636,-395.000
9637,-397.025
9638,-399.375
9639,-402.100
9640,-394.250
9641,-396.525
9642,-398.850
9643,-400.700
9644,-402.775
9645,-395.075
9646,-397.525
9647,-399.825
9648,-402.050
9649,-404.000
9650,-406.700
9651,-398.775
9652,-401.200
9653,-402.950
9654,-405.225
9655,-381.850
9656,-384.075
9657,-401.700
9658,-404.000
9659,-406.000
9660,-382.875
9661,-385.075
9662,-387.925
9663,-405.325
9664,-382.250
9665,-384.450
9666,-386.675
9667,-388.600
9668,-406.350
9669,-383.175
9670,-385.150
9671,-387.950
9672,-390.275
9673,-392.500
9674,-384.275
9675,-386.700
9676,-389.050
9677,-391.175
9678,-393.500
9679,-395.275
9680,-387.375
9681,-390.075
9682,-392.325
9683,-394.725
9684,-396.475
9685,-398.950
9686,-391.450
9687,-393.725
9688,-395.375
9689,-397.950
9690,-400.075
9691,-402.575
9692,-394.450
9693,-396.825
9694,-399.350
9695,-401.150
9696,-404.050
9697,-396.050
9698,-397.875
9699,-400.075
9700,-402.775
9701,-405.025
9702,-381.675
9703,-399.025
9704,-401.050
9705,-403.375
9706,-406.225
9707,-382.600
9708,-384.975
9709,-402.900
9710,-405.325
9711,-381.825
9712,-383.900
9713,-386.325
9714,-387.950
9715,-405.800
9716,-382.700
9717,-385.200
9718,-386.975
9719,-389.300
9720,-381.950
9721,-383.550
9722,-386.125
9723,-388.100
9724,-390.650
9725,-392.800
9726,-385.325
9727,-386.975
9728,-389.350
9729,-391.875
9730,-394.300
9731,-396.375
9732,-388.025
9733,-390.650
9734,-393.100
9735,-395.425
9736,-397.675
9737,-399.325
9738,-391.425
9739,-394.500
9740,-396.675
9741,-398.575
9742,-400.950
9743,-392.875
9744,-395.050
9745,-397.275
9746,-399.725
9747,-401.925
9748,-404.100
9749,-396.775
9750,-398.950
9751,-400.900
9752,-403.150
9753,-405.700
9754,-382.200
9755,-400.175
9756,-402.050
9757,-404.350
9758,-406.475
9759,-383.450
9760,-385.650
9761,-403.175
9762,-405.550
9763,-381.850
9764,-384.475
9765,-386.475
9766,-388.825
9767,-381.450
9768,-383.400
9769,-385.525
9770,-387.875
9771,-389.950
9772,-382.250
9773,-384.675
9774,-386.800
9775,-388.850
9776,-391.350
9777,-393.850
9778,-385.850
9779,-387.650
9780,-390.075
9781,-392.800
9782,-395.075
9783,-397.000
9784,-389.225
9785,-391.725
9786,-393.375
9787,-396.275
9788,-398.575
9789,-400.250
9790,-392.650
9791,-395.150
9792,-397.375
9793,-399.175
9794,-401.650
9795,-393.875
9796,-396.225
9797,-398.475
9798,-400.450
9799,-403.025
9800,-405.500
9801,-397.350
9802,-399.325
9803,-401.400
9804,-404.375
9805,-405.875
9806,-382.925
9807,-400.500
9808,-403.100
9809,-405.275
9810,-382.200
9811,-384.475
9812,-386.700
9813,-403.950
9814,-406.375
9815,-383.250
9816,-385.075
9817,-387.325
9818,-405.550
9819,-381.750
9820,-384.075
9821,-386.625
9822,-388.625
9823,-390.925
9824,-382.800
9825,-384.775
9826,-387.500
9827,-389.525
9828,-391.675
9829,-394.375
9830,-386.625
9831,-388.525
9832,-390.875
9833,-392.975
9834,-395.325
9835,-397.350
9836,-389.975
9837,-392.100
9838,-394.500
9839,-396.925
9840,-399.200
9841,-400.850
9842,-393.575
9843,-395.250
9844,-398.175
9845,-400.075
9846,-402.350
9847,-393.925
9848,-396.475
9849,-398.775
9850,-400.850
9851,-404.000
9852,-406.175
9853,-398.150
9854,-400.325
9855,-402.125
9856,-404.975
9857,-381.650
9858,-383.475
9859,-401.050
9860,-403.550
9861,-406.025
9862,-382.425
9863,-384.350
9864,-386.525
9865,-404.400
9866,-381.600
9867,-383.850
9868,-385.650
9869,-388.325
9870,-406.125
9871,-382.825
9872,-384.700
9873,-387.050
9874,-389.475
9875,-391.775
9876,-384.000
9877,-385.750
9878,-388.450
9879,-390.075
9880,-392.450
9881,-395.450
9882,-386.850
9883,-389.425
9884,-391.725
9885,-393.575
9886,-396.175
9887,-398.075
9888,-390.725
9889,-392.650
9890,-394.700
9891,-397.450
9892,-399.975
9893,-391.550
9894,-393.575
9895,-395.925
9896,-398.750
9897,-400.800
9898,-403.100
9899,-394.750
9900,-397.175
9901,-399.250
9902,-402.150
9903,-404.250
9904,-406.125
9905,-398.475
9906,-400.600
9907,-403.475
9908,-405.400
9909,-381.875
9910,-384.475
9911,-402.175
9912,-404.575
9913,-406.500
9914,-383.400
9915,-385.600
9916,-387.400
9917,-405.650
9918,-382.050
9919,-384.300
9920,-386.850
9921,-388.825
9922,-406.875
9923,-382.875
9924,-385.325
9925,-388.175
9926,-389.875
9927,-392.675
9928,-384.750
9929,-386.625
9930,-388.750
9931,-391.025
9932,-393.775
9933,-396.125
9934,-388.000
9935,-389.650
9936,-392.625
9937,-394.925
9938,-396.975
9939,-399.275
9940,-391.450
9941,-393.200
9942,-395.550
9943,-397.775
9944,-400.250
9945,-392.550
9946,-395.000
9947,-396.925
9948,-398.775
9949,-401.200
9950,-403.525
9951,-395.925
9952,-398.375
9953,-400.500
9954,-402.900
9955,-404.750
9956,-381.675
9957,-399.475
9958,-401.850
9959,-403.375
9960,-406.075
9961,-382.400
9962,-384.975
9963,-403.050
9964,-404.875
9965,-381.675
9966,-383.900
9967,-386.375
9968,-378.300
9969,-405.900
9970,-382.925
9971,-384.950
9972,-387.450
9973,-389.875
9974,-381.875
9975,-383.900
9976,-385.725
9977,-388.750
9978,-390.925
9979,-392.925
9980,-385.075
9981,-387.450
9982,-389.100
9983,-391.950
9984,-394.450
9985,-396.425
9986,-388.850
9987,-390.800
9988,-393.375
9989,-395.675
9990,-397.650
9991,-400.050
9992,-391.675
9993,-394.025
9994,-396.725
9995,-399.150
9996,-400.850
9997,-393.025
9998,-395.675
9999,-397.775
10000,-400.250
10001,-402.425
10002,-404.650
10003,-396.675
10004,-399.100
10005,-400.825
10006,-403.250
10007,-405.800
10008,-382.200
10009,-400.050
10010,-402.225
10011,-404.500
10012,-381.250
10013,-383.750
10014,-385.425
10015,-403.225
10016,-405.700
10017,-382.400
10018,-384.875
10019,-386.975
10020,-404.625
10021,-381.175
10022,-383.475
10023,-385.400
10024,-388.275
10025,-390.450
10026,-382.225
10027,-384.400
10028,-386.625
10029,-389.100
10030,-391.775
10031,-393.300
10032,-385.975
10033,-387.650
10034,-390.025
10035,-392.375
10036,-394.750
10037,-397.450
10038,-388.975
10039,-391.175
10040,-393.625
10041,-395.925
10042,-398.025
10043,-390.150
10044,-392.800
10045,-395.250
10046,-396.825
10047,-399.150
10048,-402.000
10049,-393.775
10050,-395.925
10051,-398.275
10052,-400.450
10053,-402.750
10054,-405.075
10055,-397.450
10056,-399.250
10057,-401.900
10058,-404.400
10059,-406.500
10060,-382.875
10061,-400.600
10062,-403.050
10063,-404.875
10064,-381.850
10065,-384.500
10066,-386.400
10067,-404.100
10068,-406.175
10069,-383.450
10070,-385.300
10071,-387.725
10072,-405.500
10073,-381.950
10074,-384.450
10075,-385.925
10076,-388.950
10077,-391.125
10078,-382.975
10079,-384.900
10080,-387.725
10081,-389.525
10082,-392.275
10083,-394.200
10084,-386.600
10085,-389.025
10086,-390.925
10087,-393.400
10088,-395.675
10089,-398.125
10090,-389.600
10091,-392.150
10092,-394.750
10093,-396.450
10094,-398.625
10095,-391.250
10096,-393.250
10097,-395.825
10098,-398.175
10099,-400.075
10100,-402.850
10101,-394.700
10102,-396.725
10103,-399.025
10104,-401.200
10105,-403.700
10106,-405.875
10107,-397.575
10108,-400.225
10109,-402.575
10110,-404.925
10111,-381.775
10112,-383.650
10113,-401.700
10114,-403.550
10115,-406.000
10116,-382.700
10117,-385.000
10118,-386.775
10119,-405.125
10120,-381.850
10121,-384.000
10122,-386.300
10123,-388.050
10124,-405.750
10125,-382.600
10126,-384.650
10127,-387.100
10128,-389.675
10129,-391.400
10130,-383.550
10131,-385.900
10132,-388.600
10133,-390.725
10134,-392.775
10135,-395.325
10136,-386.925
10137,-389.150
10138,-391.875
10139,-394.050
10140,-396.325
10141,-398.775
10142,-390.775
10143,-392.525
10144,-395.450
10145,-397.675
10146,-400.050
10147,-391.300
10148,-394.250
10149,-395.875
10150,-398.575
10151,-400.850
10152,-403.100
10153,-395.475
10154,-397.675
10155,-399.275
10156,-401.925
10157,-404.350
10158,-406.975
10159,-398.650
10160,-400.825
10161,-403.300
10162,-405.500
10163,-381.675
10164,-384.650
10165,-402.175
10166,-403.850
10167,-406.950
10168,-383.350
10169,-385.575
10170,-402.900
10171,-405.625
10172,-382.225
10173,-384.300
10174,-386.475
10175,-388.825
10176,-380.675
10177,-383.475
10178,-385.450
10179,-387.775
10180,-390.075
10181,-392.150
10182,-384.525
10183,-386.675
10184,-388.975
10185,-390.825
10186,-393.350
10187,-395.925
10188,-388.150
10189,-390.175
10190,-392.625
10191,-394.700
10192,-396.575
10193,-399.200
10194,-390.975
10195,-393.575
10196,-395.925
10197,-398.175
10198,-400.600
10199,-392.675
10200,-394.450
10201,-397.350
10202,-398.850
10203,-401.250
10204,-403.900
10205,-396.075
10206,-398.350
10207,-400.575
10208,-403.100
10209,-404.925
10210,-381.600
10211,-399.525
10212,-401.900
10213,-404.150
10214,-406.375
10215,-382.450
10216,-385.225
10217,-402.950
10218,-405.175
10219,-381.625
10220,-384.050
10221,-386.475
10222,-403.950
10223,-406.000
10224,-383.050
10225,-385.150
10226,-387.050
10227,-390.025
10228,-381.975
10229,-383.800
10230,-386.250
10231,-388.700
10232,-390.775
10233,-393.200
10234,-384.850
10235,-387.250
10236,-389.225
10237,-392.325
10238,-394.500
10239,-396.325
10240,-388.400
10241,-390.975
10242,-393.250
10243,-395.625
10244,-397.450
10245,-389.825
10246,-392.225
10247,-394.150
10248,-396.825
10249,-398.750
10250,-401.400
10251,-393.575
10252,-395.325
10253,-397.825
10254,-399.775
10255,-402.550
10256,-404.500
10257,-396.725
10258,-398.925
10259,-401.300
10260,-403.475
10261,-406.125
10262,-382.250
10263,-400.050
10264,-402.100
10265,-404.875
10266,-381.625
10267,-383.400
10268,-385.925
10269,-403.250
10270,-405.500
10271,-382.125
10272,-384.550
10273,-387.025
10274,-404.175
10275,-380.950
10276,-383.625
10277,-385.425
10278,-388.400
10279,-390.600
10280,-382.075
10281,-384.800
10282,-387.100
10283,-389.125
10284,-391.175
10285,-393.575
10286,-385.450
10287,-387.650
10288,-390.625
10289,-392.550
10290,-394.800
10291,-397.625
10292,-388.825
10293,-391.825
10294,-393.975
10295,-395.875
10296,-398.375
10297,-390.025
10298,-392.600
10299,-395.150
10300,-397.325
10301,-399.375
10302,-401.650
10303,-393.850
10304,-396.125
10305,-398.375
10306,-400.650
10307,-403.125
10308,-405.350
10309,-397.450
10310,-399.925
10311,-402.150
10312,-404.375
10313,-406.500
10314,-383.450
10315,-400.950
10316,-402.675
10317,-405.050
10318,-381.975
10319,-384.400
10320,-401.625
10321,-404.400
10322,-406.875
10323,-382.800
10324,-385.575
10325,-387.275
10326,-405.125
10327,-381.925
10328,-384.500
10329,-386.725
10330,-388.700
10331,-390.800
10332,-383.375
10333,-385.525
10334,-387.200
10335,-389.925
10336,-392.225
10337,-394.550
10338,-386.275
10339,-388.325
10340,-390.875
10341,-393.675
10342,-395.325
10343,-398.250
10344,-390.175
10345,-392.250
10346,-394.825
10347,-397.175
10348,-399.075
10349,-391.225
10350,-393.025
10351,-395.575
10352,-398.250
10353,-400.450
10354,-402.375
10355,-394.300
10356,-396.825
10357,-399.250
10358,-401.350
10359,-404.000
10360,-405.850
10361,-398.050
10362,-400.000
10363,-402.950
10364,-405.200
10365,-381.675
10366,-383.625
10367,-401.750
10368,-403.800
10369,-406.200
10370,-382.450
10371,-384.950
10372,-402.575
10373,-404.600
10374,-381.150
10375,-384.000
10376,-385.925
10377,-388.625
10378,-406.200
10379,-383.025
10380,-384.800
10381,-387.325
10382,-389.225
10383,-391.875
10384,-383.750
10385,-385.800
10386,-388.675
10387,-390.525
10388,-393.025
10389,-395.525
10390,-387.525
10391,-389.875
10392,-391.725
10393,-394.300
10394,-396.425
10395,-388.325
10396,-390.825
10397,-392.675
10398,-395.250
10399,-397.425
10400,-400.075
10401,-391.600
10402,-394.075
10403,-396.650
10404,-398.875
10405,-400.950
10406,-403.175
10407,-394.875
10408,-397.225
10409,-399.525
10410,-401.850
10411,-404.200
10412,-406.775
10413,-398.575
10414,-401.300
10415,-403.350
10416,-405.400
10417,-381.850
10418,-384.150
10419,-402.125
10420,-404.600
10421,-381.400
10422,-383.300
10423,-385.500
10424,-403.450
10425,-405.500
10426,-381.950
10427,-384.500
10428,-386.550
10429,-389.475
10430,-381.400
10431,-383.200
10432,-385.400
10433,-388.150
10434,-390.550
10435,-392.275
10436,-384.750
10437,-387.100
10438,-388.800
10439,-391.325
10440,-393.525
10441,-396.175
10442,-388.225
10443,-390.050
10444,-392.675
10445,-394.500
10446,-397.475
10447,-388.875
10448,-390.975
10449,-393.925
10450,-396.125
10451,-398.550
10452,-400.600
10453,-392.500
10454,-394.650
10455,-397.075
10456,-399.025
10457,-401.650
10458,-404.250
10459,-396.175
10460,-398.525
10461,-400.500
10462,-402.550
10463,-404.850
10464,-381.550
10465,-399.025
10466,-401.800
10467,-404.350
10468,-406.200
10469,-383.125
10470,-400.175
10471,-403.175
10472,-405.500
10473,-381.725
10474,-384.375
10475,-386.275
10476,-404.450
10477,-406.175
10478,-383.275
10479,-384.900
10480,-387.525
10481,-389.525
10482,-382.075
10483,-384.100
10484,-386.350
10485,-388.575
10486,-391.225
10487,-392.975
10488,-385.125
10489,-387.775
10490,-390.025
10491,-391.925
10492,-394.075
10493,-396.825
10494,-388.575
10495,-390.900
10496,-393.500
10497,-395.250
10498,-397.725
10499,-389.600
10500,-392.200
10501,-394.475
10502,-396.975
10503,-398.625
10504,-400.900
10505,-393.175
10506,-395.775
10507,-397.850
10508,-399.925
10509,-402.250
10510,-404.550
10511,-396.825
10512,-399.125
10513,-401.400
10514,-403.800
10515,-405.875
10516,-382.700
10517,-400.325
10518,-402.275
10519,-404.575
10520,-381.550
10521,-383.675
10522,-401.525
10523,-403.875
10524,-406.025
10525,-382.125
10526,-384.550
10527,-386.800
10528,-404.700
10529,-381.625
10530,-383.725
10531,-385.850
10532,-388.150
10533,-390.175
10534,-382.550
10535,-384.700
10536,-387.200
10537,-389.575
10538,-391.875
10539,-394.075
10540,-385.600
10541,-388.175
10542,-390.700
10543,-392.700
10544,-394.925
10545,-386.725
10546,-389.425
10547,-391.425
10548,-394.025
10549,-395.925
10550,-398.725
10551,-390.875
10552,-392.775
10553,-395.275
10554,-397.325
10555,-399.350
10556,-401.450
10557,-394.150
10558,-396.175
10559,-398.625
10560,-401.050
10561,-403.225
10562,-404.925
10563,-397.325
10564,-399.850
10565,-402.100
10566,-403.950
10567,-406.175
10568,-383.300
10569,-400.375
10570,-402.950
10571,-405.075
10572,-381.950
10573,-384.375
10574,-402.050
10575,-404.450
10576,-406.825
10577,-383.300
10578,-385.575
10579,-387.275
10580,-405.650
10581,-382.050
10582,-384.475
10583,-386.825
10584,-389.150
10585,-391.150
10586,-383.475
10587,-385.800
10588,-387.975
10589,-389.975
10590,-392.050
10591,-394.475
10592,-386.450
10593,-388.950
10594,-391.500
10595,-393.850
10596,-395.750
10597,-387.275
10598,-390.250
10599,-391.975
10600,-394.300
10601,-396.650
10602,-399.375
10603,-390.975
10604,-393.675
10605,-395.975
10606,-397.675
10607,-399.950
10608,-402.325
10609,-394.475
10610,-396.725
10611,-399.325
10612,-401.525
10613,-403.325
10614,-405.750
10615,-398.025
10616,-400.375
10617,-402.950
10618,-405.300
10619,-381.550
10620,-373.950
10621,-401.750
10622,-403.950
10623,-406.000
10624,-382.675
10625,-384.875
10626,-402.725
10627,-405.275
10628,-381.650
10629,-383.875
10630,-386.050
10631,-388.375
10632,-406.450
10633,-383.125
10634,-384.750
10635,-387.025
10636,-389.425
10637,-391.425
10638,-383.725
10639,-386.325
10640,-388.700
10641,-390.525
10642,-393.300
10643,-395.550
10644,-387.200
10645,-389.425
10646,-392.200
10647,-394.450
10648,-396.450
10649,-388.525
10650,-390.975
10651,-393.300
10652,-394.925
10653,-397.725
10654,-399.875
10655,-391.925
10656,-394.500
10657,-396.600
10658,-398.625
10659,-400.700
10660,-403.425
10661,-395.150
10662,-398.025
10663,-399.850
10664,-402.500
10665,-404.000
10666,-381.000
10667,-398.550
10668,-401.400
10669,-403.150
10670,-405.350
10671,-382.175
10672,-399.675
10673,-402.175
10674,-404.600
10675,-381.400
10676,-383.350
10677,-385.300
10678,-402.825
10679,-405.325
10680,-382.125
10681,-384.550
10682,-386.525
10683,-389.425
10684,-381.250
10685,-383.075
10686,-385.650
10687,-387.625
10688,-390.075
10689,-392.500
10690,-384.550
10691,-386.900
10692,-388.850
10693,-391.775
10694,-393.625
10695,-385.725
10696,-387.825
10697,-390.425
10698,-392.975
10699,-395.050
10700,-396.925
10701,-388.800
10702,-391.450
10703,-394.050
10704,-396.350
10705,-398.550
10706,-400.600
10707,-392.975
10708,-394.750
10709,-396.925
10710,-399.575
10711,-401.950
10712,-404.300
10713,-395.550
10714,-398.250
10715,-400.650
10716,-402.575
10717,-405.050
10718,-381.550
10719,-399.375
10720,-402.100
10721,-404.175
10722,-406.200
10723,-383.175
10724,-400.650
10725,-402.450
10726,-404.700
10727,-382.075
10728,-384.175
10729,-386.250
10730,-404.375
10731,-406.475
10732,-382.800
10733,-385.525
10734,-387.450
10735,-389.300
10736,-382.075
10737,-384.050
10738,-386.125
10739,-389.100
10740,-391.150
10741,-393.475
10742,-385.600
10743,-387.275
10744,-389.950
10745,-392.375
10746,-394.250
10747,-386.375
10748,-388.225
10749,-391.175
10750,-393.500
10751,-395.075
10752,-397.625
10753,-389.975
10754,-392.450
10755,-394.700
10756,-396.875
10757,-398.850
10758,-401.650
10759,-392.925
10760,-395.850
10761,-397.475
10762,-400.075
10763,-402.575
10764,-404.300
10765,-396.925
10766,-399.375
10767,-401.450
10768,-403.300
10769,-406.275
10770,-382.875
10771,-400.050
10772,-402.500
10773,-404.875
10774,-381.100
10775,-383.975
10776,-401.500
10777,-403.475
10778,-406.000
10779,-382.325
10780,-384.875
10781,-386.850
10782,-404.600
10783,-381.625
10784,-383.725
10785,-386.275
10786,-388.175
10787,-390.275
10788,-382.525
10789,-385.175
10790,-387.300
10791,-388.950
10792,-391.600
10793,-394.150
10794,-385.900
10795,-387.925
10796,-390.875
10797,-393.175
10798,-395.375
10799,-387.325
10800,-389.625
10801,-392.000
10802,-393.925
10803,-396.075
10804,-398.675
10805,-390.575
10806,-393.250
10807,-395.225
10808,-397.725
10809,-399.625
10810,-402.325
10811,-393.975
10812,-396.175
10813,-398.850
10814,-401.100
10815,-403.250
10816,-405.500
10817,-397.650
10818,-399.425
10819,-402.225
10820,-404.200
10821,-406.750
10822,-398.250
10823,-401.050
10824,-403.475
10825,-405.750
10826,-382.125
10827,-384.550
10828,-402.350
10829,-404.300
10830,-406.775
10831,-383.350
10832,-385.725
10833,-387.575
10834,-405.425
10835,-382.350
10836,-384.250
10837,-386.900
10838,-388.975
10839,-391.050
10840,-383.475
10841,-385.000
10842,-387.325
10843,-389.875
10844,-392.375
10845,-394.800
10846,-386.475
10847,-388.850
10848,-391.350
10849,-393.100
10850,-395.325
10851,-387.850
10852,-389.975
10853,-392.450
10854,-394.600
10855,-397.225
10856,-399.100
10857,-391.600
10858,-393.575
10859,-395.875
10860,-397.775
10861,-400.325
10862,-402.575
10863,-395.075
10864,-397.275
10865,-398.850
10866,-401.850
10867,-403.900
10868,-406.000
10869,-397.875
10870,-400.225
10871,-403.000
10872,-404.725
10873,-381.300
10874,-399.425
10875,-401.750
10876,-403.750
10877,-406.375
10878,-382.725
10879,-385.375
10880,-403.025
10881,-405.125
10882,-381.625
10883,-384.075
10884,-386.350
10885,-388.750
10886,-406.500
10887,-382.825
10888,-384.900
10889,-387.500
10890,-389.325
10891,-392.200
10892,-384.175
10893,-386.350
10894,-388.350
10895,-390.425
10896,-392.900
10897,-385.200
10898,-387.400
10899,-389.875
10900,-392.275
10901,-394.450
10902,-396.825
10903,-388.175
10904,-391.150
10905,-393.375
10906,-395.175
10907,-397.725
10908,-399.875
10909,-392.225
10910,-393.925
10911,-396.475
10912,-398.775
10913,-401.500
10914,-403.300
10915,-395.725
10916,-397.575
10917,-399.825
10918,-402.325
10919,-404.850
10920,-381.550
10921,-398.775
10922,-400.575
10923,-403.475
10924,-405.550
10925,-382.775
10926,-400.375
10927,-402.050
10928,-404.350
10929,-381.050
10930,-383.750
10931,-385.975
10932,-403.450
10933,-405.850
10934,-382.500
10935,-384.250
10936,-386.850
10937,-389.525
10938,-381.175
10939,-383.850
10940,-385.800
10941,-388.050
10942,-390.600
10943,-392.875
10944,-384.900
10945,-387.100
10946,-389.525
10947,-391.450
10948,-393.850
10949,-385.725
10950,-388.175
10951,-390.575
10952,-392.250
10953,-394.950
10954,-397.175
10955,-389.675
10956,-391.150
10957,-393.950
10958,-396.375
10959,-398.150
10960,-400.500
10961,-392.775
10962,-395.075
10963,-397.175
10964,-399.425
10965,-401.300
10966,-404.250
10967,-396.000
10968,-398.675
10969,-400.600
10970,-403.000
10971,-405.425
10972,-397.525
10973,-399.625
10974,-402.150
10975,-404.000
10976,-406.275
10977,-382.975
10978,-400.450
10979,-403.050
10980,-405.075
10981,-382.225
10982,-384.075
10983,-386.150
10984,-404.275
10985,-406.450
10986,-383.175
10987,-385.125
10988,-387.375
10989,-390.075
10990,-381.950
10991,-384.000
10992,-386.675
10993,-388.950
10994,-391.025
10995,-393.200
10996,-385.700
10997,-387.600
10998,-389.700
10999,-392.150
11000,-394.650
11001,-386.625
11002,-389.150
11003,-391.175
11004,-393.500
11005,-395.775
11006,-398.150
11007,-390.025
11008,-392.225
11009,-394.600
11010,-397.100
11011,-398.725
11012,-401.650
11013,-393.675
11014,-395.675
11015,-398.075
11016,-400.375
11017,-401.950
11018,-405.125
11019,-396.600
11020,-399.425
11021,-401.700
11022,-403.950
11023,-405.900
11024,-397.975
11025,-400.450
11026,-402.225
11027,-404.925
11028,-381.100
11029,-383.675
11030,-401.750
11031,-403.350
11032,-405.600
11033,-382.600
11034,-384.900
11035,-387.450
11036,-404.850
11037,-381.850
11038,-383.400
11039,-385.800
11040,-388.100
11041,-390.225
11042,-382.600
11043,-384.975
11044,-387.325
11045,-389.600
11046,-391.800
11047,-383.850
11048,-386.175
11049,-388.225
11050,-390.400
11051,-392.925
11052,-395.025
11053,-387.100
11054,-389.425
11055,-392.100
11056,-393.925
11057,-395.875
11058,-398.925
11059,-390.275
11060,-393.175
11061,-395.225
11062,-397.675
11063,-400.175
11064,-402.375
11065,-394.450
11066,-396.325
11067,-398.450
11068,-400.900
11069,-403.350
11070,-405.550
11071,-397.750
11072,-399.750
11073,-402.050
11074,-404.275
11075,-407.000
11076,-398.425
11077,-400.850
11078,-403.425
11079,-405.800
11080,-381.850
11081,-384.600
11082,-402.175
11083,-404.600
11084,-406.225
11085,-383.250
11086,-385.450
11087,-388.175
11088,-405.800
11089,-382.325
11090,-384.300
11091,-386.300
11092,-389.225
11093,-391.550
11094,-383.275
11095,-385.800
11096,-388.150
11097,-389.875
11098,-392.450
11099,-384.875
11100,-386.925
11101,-388.950
11102,-391.175
11103,-393.925
11104,-395.575
11105,-387.725
11106,-390.550
11107,-392.700
11108,-394.850
11109,-396.875
11110,-399.075
11111,-391.250
11112,-393.650
11113,-395.625
11114,-398.225
11115,-400.575
11116,-403.100
11117,-395.025
11118,-397.450
11119,-399.475
11120,-402.000
11121,-403.850
11122,-395.725
11123,-398.150
11124,-400.850
11125,-402.500
11126,-405.325
11127,-381.550
11128,-399.550
11129,-401.500
11130,-404.150
11131,-406.175
11132,-382.825
11133,-384.875
11134,-402.950
11135,-405.325
11136,-382.075
11137,-384.000
11138,-385.925
11139,-388.275
11140,-406.475
11141,-382.600
11142,-385.000
11143,-387.525
11144,-389.325
11145,-391.800
11146,-383.725
11147,-386.225
11148,-388.750
11149,-390.575
11150,-393.500
11151,-385.400
11152,-387.300
11153,-389.725
11154,-392.200
11155,-394.175
11156,-396.475
11157,-388.575
11158,-390.825
11159,-393.350
11160,-395.750
11161,-398.125
11162,-399.825
11163,-391.775
11164,-394.450
11165,-396.625
11166,-398.850
11167,-401.125
11168,-403.300
11169,-395.775
11170,-398.075
11171,-399.950
11172,-402.575
11173,-404.600
11174,-396.825
11175,-399.150
11176,-400.900
11177,-403.775
11178,-405.625
11179,-382.400
11180,-400.125
11181,-402.150
11182,-404.275
11183,-381.550
11184,-383.275
11185,-385.425
11186,-403.750
11187,-405.775
11188,-382.500
11189,-384.650
11190,-386.600
11191,-389.525
11192,-381.550
11193,-383.800
11194,-385.750
11195,-387.875
11196,-390.375
11197,-382.400
11198,-385.125
11199,-387.175
11200,-389.150
11201,-391.775
11202,-393.775
11203,-386.150
11204,-388.025
11205,-390.725
11206,-392.325
11207,-394.875
11208,-397.250
11209,-389.225
11210,-391.625
11211,-393.925
11212,-396.125
11213,-398.775
11214,-400.650
11215,-392.725
11216,-394.750
11217,-397.650
11218,-399.550
11219,-402.250
11220,-404.050
11221,-396.175
11222,-398.725
11223,-400.750
11224,-402.850
11225,-405.700
11226,-397.575
11227,-399.850
11228,-401.725
11229,-404.500
11230,-406.500
11231,-383.400
11232,-401.150
11233,-403.100
11234,-405.225
11235,-382.075
11236,-384.350
11237,-386.300
11238,-404.050
11239,-406.200
11240,-382.975
11241,-385.050
11242,-387.975
11243,-389.725
11244,-382.075
11245,-384.375
11246,-386.525
11247,-388.675
11248,-391.350
11249,-383.450
11250,-385.300
11251,-387.450
11252,-390.250
11253,-392.675
11254,-394.800
11255,-386.850
11256,-388.775
11257,-391.200
11258,-393.775
11259,-395.725
11260,-397.875
11261,-389.700
11262,-392.200
11263,-394.275
11264,-396.925
11265,-399.525
11266,-401.575
11267,-393.350
11268,-395.825
11269,-398.275
11270,-400.175
11271,-402.850
11272,-394.250
11273,-397.175
11274,-399.425
11275,-401.300
11276,-403.700
11277,-405.875
11278,-397.875
11279,-400.275
11280,-402.425
11281,-404.550
11282,-381.600
11283,-384.050
11284,-401.950
11285,-404.050
11286,-406.275
11287,-382.600
11288,-384.550
11289,-387.000
11290,-405.100
11291,-381.725
11292,-384.175
11293,-386.325
11294,-388.025
11295,-390.925
11296,-383.025
11297,-385.075
11298,-387.150
11299,-389.475
11300,-392.050
11301,-384.100
11302,-385.750
11303,-388.700
11304,-390.650
11305,-393.100
11306,-395.575
11307,-386.925
11308,-389.625
11309,-392.150
11310,-394.450
11311,-396.675
11312,-398.550
11313,-390.775
11314,-392.650
11315,-395.025
11316,-397.375
11317,-400.125
11318,-402.250
11319,-394.375
11320,-396.075
11321,-399.025
11322,-400.750
11323,-403.175
11324,-395.275
11325,-397.675
11326,-399.725
11327,-402.250
11328,-404.450
11329,-381.225
11330,-398.975
11331,-400.900
11332,-403.150
11333,-405.425
11334,-382.250
11335,-384.550
11336,-402.450
11337,-404.700
11338,-381.075
11339,-383.300
11340,-385.325
11341,-387.775
11342,-405.700
11343,-382.400
11344,-384.275
11345,-386.525
11346,-388.975
11347,-381.250
11348,-383.725
11349,-385.650
11350,-387.775
11351,-389.800
11352,-392.375
11353,-384.775
11354,-386.400
11355,-389.350
11356,-391.600
11357,-393.475
11358,-395.725
11359,-388.100
11360,-390.050
11361,-392.725
11362,-395.075
11363,-396.725
11364,-399.325
11365,-391.400
11366,-393.525
11367,-395.850
11368,-398.425
11369,-400.250
11370,-403.175
11371,-394.825
11372,-397.425
11373,-399.675
11374,-401.750
11375,-403.900
11376,-395.875
11377,-398.475
11378,-400.500
11379,-402.925
11380,-404.725
11381,-381.300
11382,-399.350
11383,-401.850
11384,-403.750
11385,-406.375
11386,-383.200
11387,-384.800
11388,-402.825
11389,-405.075
11390,-381.675
11391,-384.000
11392,-386.275
11393,-388.225
11394,-406.575
11395,-382.775
11396,-385.175
11397,-387.600
11398,-389.950
11399,-382.225
11400,-383.975
11401,-386.525
11402,-388.175
11403,-391.225
11404,-393.025
11405,-385.225
11406,-387.250
11407,-390.050
11408,-392.375
11409,-394.075
11410,-396.800
11411,-388.525
11412,-391.075
11413,-393.275
11414,-395.875
11415,-397.725
11416,-399.925
11417,-392.225
11418,-394.250
11419,-397.000
11420,-398.725
11421,-401.450
11422,-403.675
11423,-395.125
11424,-398.125
11425,-399.975
11426,-402.525
11427,-405.025
11428,-396.925
11429,-398.975
11430,-401.525
11431,-403.600
11432,-406.100
11433,-382.725
11434,-399.950
11435,-402.150
11436,-404.725
11437,-381.250
11438,-383.650
11439,-385.575
11440,-403.425
11441,-405.700
11442,-382.550
11443,-384.775
11444,-386.625
11445,-389.575
11446,-381.100
11447,-383.625
11448,-386.175
11449,-388.050
11450,-390.725
11451,-382.500
11452,-384.500
11453,-386.850
11454,-389.225
11455,-391.400
11456,-394.200
11457,-385.825
11458,-388.150
11459,-390.125
11460,-392.600
11461,-394.875
11462,-397.025
11463,-389.475
11464,-391.975
11465,-393.925
11466,-395.875
11467,-398.775
11468,-400.800
11469,-393.100
11470,-395.250
11471,-397.725
11472,-399.650
11473,-402.050
11474,-393.950
11475,-396.575
11476,-398.525
11477,-400.850
11478,-402.950
11479,-405.550
11480,-397.575
11481,-399.550
11482,-402.225
11483,-404.350
11484,-406.700
11485,-382.975
11486,-400.800
11487,-403.375
11488,-405.650
11489,-382.225
11490,-384.300
11491,-386.475
11492,-404.150
11493,-406.650
11494,-382.875
11495,-385.650
11496,-387.800
11497,-389.975
11498,-382.525
11499,-384.150
11500,-386.600
11501,-388.900
11502,-391.150
11503,-383.525
11504,-385.650
11505,-387.650
11506,-390.400
11507,-392.700
11508,-394.200
11509,-386.925
11510,-389.250
11511,-391.450
11512,-393.150
11513,-396.125
11514,-397.850
11515,-390.375
11516,-392.450
11517,-394.400
11518,-396.675
11519,-399.075
11520,-401.825
11521,-393.525
11522,-395.675
11523,-398.050
11524,-400.225
11525,-402.425
11526,-394.875
11527,-396.725
11528,-399.625
11529,-401.650
11530,-403.350
11531,-405.975
11532,-398.050
11533,-400.050
11534,-402.250
11535,-405.225
11536,-381.450
11537,-383.975
11538,-401.700
11539,-403.750
11540,-406.325
11541,-382.700
11542,-385.125
11543,-387.150
11544,-404.575
11545,-381.975
11546,-383.850
11547,-386.075
11548,-388.825
11549,-406.475
11550,-382.675
11551,-385.225
11552,-387.625
11553,-389.400
11554,-392.200
11555,-383.675
11556,-385.850
11557,-388.575
11558,-391.150
11559,-393.075
11560,-395.550
11561,-387.175
11562,-389.525
11563,-392.000
11564,-394.025
11565,-396.650
11566,-398.775
11567,-390.700
11568,-393.200
11569,-395.125
11570,-397.950
11571,-400.125
11572,-402.450
11573,-394.575
11574,-396.875
11575,-398.625
11576,-401.325
11577,-403.100
11578,-395.475
11579,-397.850
11580,-400.050
11581,-402.500
11582,-404.400
11583,-381.000
11584,-398.425
11585,-401.400
11586,-403.550
11587,-405.300
11588,-382.600
11589,-384.800
11590,-402.500
11591,-404.575
11592,-380.950
11593,-383.550
11594,-385.925
11595,-387.800
11596,-405.525
11597,-382.075
11598,-384.900
11599,-387.175
11600,-389.100
11601,-381.625
11602,-383.400
11603,-385.825
11604,-388.100
11605,-390.525
11606,-392.525
11607,-384.625
11608,-386.675
11609,-389.000
11610,-391.250
11611,-393.575
11612,-396.125
11613,-387.850
11614,-390.525
11615,-393.025
11616,-395.175
11617,-397.425
11618,-399.100
11619,-391.075
11620,-394.025
11621,-395.925
11622,-397.975
11623,-400.800
11624,-392.875
11625,-395.175
11626,-397.000
11627,-399.750
11628,-401.925
11629,-404.350
11630,-395.925
11631,-398.650
11632,-400.700
11633,-403.150
11634,-405.225
11635,-381.775
11636,-399.950
11637,-401.700
11638,-404.375
11639,-406.075
11640,-383.300
11641,-385.150
11642,-403.250
11643,-405.550
11644,-382.175
11645,-384.150
11646,-386.525
11647,-389.025
11648,-405.975
11649,-383.075
11650,-385.600
11651,-387.975
11652,-389.675
11653,-382.075
11654,-384.050
11655,-386.325
11656,-388.600
11657,-391.300
11658,-393.300
11659,-385.475
11660,-387.975
11661,-389.775
11662,-392.400
11663,-394.550
11664,-396.375
11665,-388.575
11666,-391.075
11667,-393.500
11668,-395.575
11669,-398.025
11670,-399.950
11671,-391.975
11672,-394.400
11673,-396.475
11674,-399.075
11675,-401.500
11676,-392.975
11677,-395.575
11678,-398.275
11679,-400.275
11680,-401.925
11681,-405.075
11682,-397.175
11683,-398.875
11684,-401.500
11685,-403.300
11686,-406.275
11687,-382.875
11688,-399.925
11689,-402.500
11690,-404.750
11691,-381.225
11692,-383.750
11693,-386.125
11694,-403.950
11695,-405.525
11696,-382.925
11697,-384.800
11698,-387.100
11699,-404.725
11700,-381.275
11701,-383.725
11702,-386.300
11703,-388.150
11704,-390.800
11705,-382.550
11706,-384.900
11707,-386.725
11708,-389.525
11709,-391.500
11710,-394.275
11711,-385.750
11712,-388.100
11713,-390.975
11714,-392.525
11715,-394.875
11716,-397.775
11717,-389.125
11718,-391.450
11719,-393.825
11720,-396.175
11721,-398.575
11722,-401.150
11723,-392.900
11724,-395.525
11725,-397.750
11726,-399.775
11727,-402.125
11728,-393.825
11729,-396.125
11730,-398.450
11731,-400.850
11732,-403.125
11733,-405.425
11734,-397.125
11735,-399.725
11736,-402.000
11737,-404.450
11738,-380.775
11739,-383.525
11740,-401.200
11741,-403.425
11742,-405.550
11743,-382.300
11744,-384.475
11745,-386.850
11746,-404.650
11747,-380.975
11748,-383.525
11749,-385.375
11750,-388.000
11751,-405.325
11752,-382.325
11753,-384.300
11754,-386.850
11755,-389.150
11756,-390.925
11757,-383.550
11758,-385.575
11759,-387.325
11760,-390.375
11761,-392.625
11762,-394.875
11763,-386.925
11764,-388.825
11765,-391.575
11766,-393.625
11767,-396.075
11768,-398.175
11769,-390.075
11770,-391.925
11771,-394.575
11772,-397.275
11773,-399.550
11774,-391.550
11775,-393.475
11776,-395.775
11777,-398.375
11778,-400.450
11779,-402.650
11780,-395.000
11781,-397.250
11782,-399.100
11783,-401.550
11784,-403.975
11785,-406.175
11786,-398.375
11787,-400.525
11788,-403.050
11789,-405.300
11790,-381.500
11791,-384.275
11792,-401.850
11793,-404.075
11794,-406.500
11795,-382.600
11796,-385.075
11797,-387.650
11798,-404.925
11799,-381.975
11800,-384.200
11801,-386.375
11802,-388.325
11803,-406.425
11804,-382.825
11805,-385.375
11806,-387.000
11807,-389.975
11808,-391.500
11809,-384.300
11810,-386.550
11811,-388.875
11812,-390.450
11813,-393.475
11814,-395.675
11815,-387.175
11816,-389.425
11817,-391.875
11818,-394.300
11819,-396.575
11820,-399.175
11821,-391.225
11822,-392.800
11823,-395.450
11824,-398.075
11825,-399.725
11826,-392.100
11827,-393.875
11828,-396.550
11829,-399.025
11830,-400.900
11831,-403.650
11832,-395.250
11833,-397.625
11834,-400.225
11835,-402.525
11836,-404.950
11837,-381.075
11838,-399.175
11839,-401.450
11840,-403.050
11841,-405.500
11842,-382.600
11843,-384.900
11844,-402.150
11845,-404.825
11846,-381.225
11847,-383.175
11848,-385.975
11849,-377.625
11850,-406.175
11851,-382.875
11852,-384.850
11853,-386.975
11854,-389.100
11855,-381.650
11856,-383.400
11857,-385.925
11858,-388.150
11859,-390.700
11860,-392.650
11861,-384.975
11862,-386.800
11863,-389.150
11864,-391.425
11865,-394.075
11866,-396.400
11867,-388.175
11868,-390.450
11869,-392.425
11870,-395.325
11871,-397.575
11872,-399.775
11873,-391.875
11874,-393.525
11875,-395.975
11876,-398.575
11877,-400.750
11878,-392.975
11879,-395.175
11880,-397.525
11881,-399.850
11882,-401.800
11883,-404.050
11884,-396.450
11885,-398.725
11886,-401.050
11887,-403.125
11888,-404.950
11889,-381.950
11890,-399.175
11891,-401.950
11892,-404.300
11893,-406.200
11894,-382.925
11895,-385.375
11896,-403.125
11897,-405.450
11898,-381.850
11899,-384.475
11900,-386.075
11901,-404.550
11902,-406.500
11903,-383.350
11904,-385.500
11905,-387.875
11906,-389.925
11907,-382.325
11908,-384.475
11909,-386.775
11910,-388.750
11911,-391.150
11912,-393.400
11913,-385.075
11914,-387.575
11915,-389.925
11916,-392.225
11917,-394.500
11918,-396.775
11919,-388.425
11920,-391.450
11921,-393.575
11922,-395.775
11923,-398.225
11924,-389.875
11925,-392.125
11926,-394.575
11927,-396.825
11928,-398.975
11929,-401.050
11930,-393.350
11931,-395.750
11932,-397.875
11933,-399.775
11934,-402.275
11935,-405.175
11936,-397.175
11937,-399.425
11938,-401.150
11939,-403.650
11940,-405.700
11941,-382.650
11942,-400.025
11943,-402.850
11944,-404.950
11945,-381.450
11946,-384.000
11947,-385.975
11948,-403.750
11949,-406.425
11950,-382.725
11951,-384.975
11952,-387.575
11953,-404.925
11954,-381.375
11955,-384.100
11956,-386.075
11957,-388.375
11958,-390.550
11959,-382.975
11960,-384.625
11961,-386.800
11962,-389.750
11963,-391.500
11964,-394.450
11965,-386.175
11966,-388.350
11967,-390.900
11968,-393.250
11969,-395.375
11970,-397.825
11971,-389.775
11972,-391.725
11973,-393.775
11974,-396.075
11975,-398.775
11976,-390.325
11977,-393.025
11978,-394.750
11979,-397.475
11980,-399.725
11981,-402.125
11982,-393.750
11983,-396.175
11984,-398.975
11985,-400.600
11986,-403.425
11987,-405.225
11988,-397.725
11989,-399.750
11990,-401.925
11991,-404.725
11992,-406.950
11993,-382.875
11994,-400.850
11995,-403.300
11996,-405.875
11997,-382.175
11998,-384.850
11999,-386.375
12000,-404.475
12001,-381.050
12002,-383.575
12003,-385.425
12004,-387.625
12005,-405.300
12006,-382.600
12007,-384.800
12008,-386.675
12009,-388.950
12010,-391.500
12011,-383.575
12012,-385.475
12013,-387.775
12014,-390.625
12015,-392.675
12016,-395.000
12017,-386.350
12018,-389.325
12019,-391.400
12020,-393.450
12021,-395.825
12022,-398.375
12023,-390.450
12024,-392.400
12025,-394.375
12026,-396.825
12027,-399.275
12028,-391.500
12029,-393.950
12030,-396.125
12031,-398.550
12032,-400.600
12033,-402.350
12034,-395.150
12035,-397.425
12036,-399.325
12037,-402.050
12038,-404.050
12039,-406.500
12040,-398.150
12041,-400.850
12042,-403.050
12043,-404.975
12044,-381.450
12045,-384.000
12046,-401.725
12047,-404.100
12048,-406.225
12049,-383.075
12050,-385.375
12051,-402.850
12052,-405.125
12053,-381.975
12054,-384.300
12055,-386.400
12056,-388.625
12057,-406.275
12058,-383.125
12059,-385.575
12060,-386.850
12061,-390.025
12062,-391.725
12063,-384.175
12064,-386.300
12065,-388.425
12066,-391.225
12067,-393.350
12068,-395.925
12069,-387.800
12070,-389.925
12071,-391.950
12072,-394.650
12073,-396.525
12074,-399.175
12075,-391.050
12076,-392.900
12077,-395.175
12078,-397.750
12079,-399.825
12080,-392.000
12081,-394.300
12082,-396.475
12083,-398.825
12084,-401.000
12085,-403.800
12086,-395.750
12087,-398.025
12088,-400.075
12089,-402.275
12090,-404.975
12091,-381.500
12092,-398.675
12093,-401.050
12094,-403.700
12095,-406.175
12096,-382.825
12097,-384.800
12098,-402.175
12099,-404.600
12100,-381.625
12101,-383.975
12102,-386.000
12103,-403.450
12104,-405.525
12105,-382.775
12106,-385.125
12107,-386.900
12108,-389.125
12109,-381.450
12110,-383.550
12111,-385.825
12112,-387.650
12113,-390.450
12114,-392.925
12115,-384.850
12116,-387.250
12117,-388.850
12118,-391.925
12119,-393.625
12120,-396.100
12121,-388.275
12122,-390.825
12123,-392.775
12124,-394.750
12125,-397.375
12126,-389.650
12127,-391.925
12128,-394.300
12129,-396.225
12130,-398.550
12131,-401.150
12132,-392.675
12133,-394.875
12134,-397.575
12135,-399.350
12136,-401.750
12137,-404.300
12138,-395.875
12139,-398.175
12140,-400.650
12141,-403.300
12142,-405.550
12143,-382.175
12144,-399.475
12145,-401.750
12146,-404.175
12147,-406.775
12148,-382.875
12149,-385.600
12150,-403.375
12151,-404.975
12152,-382.175
12153,-384.300
12154,-386.800
12155,-404.150
12156,-406.600
12157,-383.525
12158,-385.575
12159,-387.875
12160,-389.925
12161,-382.200
12162,-384.550
12163,-386.475
12164,-389.025
12165,-391.150
12166,-393.825
12167,-385.700
12168,-388.000
12169,-389.775
12170,-392.500
12171,-394.575
12172,-396.825
12173,-388.825
12174,-390.825
12175,-393.575
12176,-395.875
12177,-398.250
12178,-390.250
12179,-392.275
12180,-394.500
12181,-397.150
12182,-399.475
12183,-401.800
12184,-393.375
12185,-395.625
12186,-398.025
12187,-400.600
12188,-402.575
12189,-404.775
12190,-396.825
12191,-399.350
12192,-401.250
12193,-404.050
12194,-406.075
12195,-383.025
12196,-400.625
12197,-402.500
12198,-404.600
12199,-381.925
12200,-384.150
12201,-401.750
12202,-403.650
12203,-406.025
12204,-382.975
12205,-385.200
12206,-387.500
12207,-405.175
12208,-381.850
12209,-384.100
12210,-386.325
12211,-388.750
12212,-390.550
12213,-382.925
12214,-384.975
12215,-387.400
12216,-389.850
12217,-392.050
12218,-394.025
12219,-386.050
12220,-388.775
12221,-390.625
12222,-392.800
12223,-395.350
12224,-397.525
12225,-389.625
12226,-391.500
12227,-394.375
12228,-396.350
12229,-398.750
12230,-390.975
12231,-392.975
12232,-395.450
12233,-397.775
12234,-399.625
12235,-402.125
12236,-393.925
12237,-396.775
12238,-398.925
12239,-401.150
12240,-403.125
12241,-406.000
12242,-397.950
12243,-399.975
12244,-402.000
12245,-404.700
12246,-380.825
12247,-383.575
12248,-400.900
12249,-403.700
12250,-405.500
12251,-382.325
12252,-384.950
12253,-402.550
12254,-404.725
12255,-381.150
12256,-383.750
12257,-385.925
12258,-388.175
12259,-405.650
12260,-382.225
12261,-384.750
12262,-386.850
12263,-389.425
12264,-391.550
12265,-383.525
12266,-385.600
12267,-387.850
12268,-390.275
12269,-392.875
12270,-395.000
12271,-386.925
12272,-388.800
12273,-391.350
12274,-394.050
12275,-396.000
12276,-388.275
12277,-390.625
12278,-392.800
12279,-395.175
12280,-396.925
12281,-399.425
12282,-391.400
12283,-393.825
12284,-395.925
12285,-398.325
12286,-400.550
12287,-402.850
12288,-394.650
12289,-397.075
12290,-399.575
12291,-402.000
12292,-404.250
12293,-406.550
12294,-398.525
12295,-400.750
12296,-403.175
12297,-405.225
12298,-382.175
12299,-384.400
12300,-401.900
12301,-404.075
12302,-406.275
12303,-383.025
12304,-385.225
12305,-402.750
12306,-404.850
12307,-381.550
12308,-384.400
12309,-386.625
12310,-388.625
12311,-406.325
12312,-383.025
12313,-384.875
12314,-387.875
12315,-389.825
12316,-392.400
12317,-384.050
12318,-386.125
12319,-388.475
12320,-390.900
12321,-393.275
12322,-395.250
12323,-387.300
12324,-389.600
12325,-391.950
12326,-394.150
12327,-396.675
12328,-388.575
12329,-391.025
12330,-393.625
12331,-395.325
12332,-397.825
12333,-400.325
12334,-392.275
12335,-394.825
12336,-396.975
12337,-398.725
12338,-401.250
12339,-403.150
12340,-395.975
12341,-398.025
12342,-400.000
12343,-402.350
12344,-404.450
12345,-381.500
12346,-399.375
12347,-401.400
12348,-403.900
12349,-406.125
12350,-382.650
12351,-400.125
12352,-402.650
12353,-405.125
12354,-381.375
12355,-383.525
12356,-386.025
12357,-403.900
12358,-405.750
12359,-382.675
12360,-384.625
12361,-387.250
12362,-389.225
12363,-381.150
12364,-384.000
12365,-385.850
12366,-388.225
12367,-390.500
12368,-392.550
12369,-384.900
12370,-387.200
12371,-389.575
12372,-392.000
12373,-394.350
12374,-396.475
12375,-388.575
12376,-390.975
12377,-393.100
12378,-394.750
12379,-397.225
12380,-389.750
12381,-392.000
12382,-394.050
12383,-396.350
12384,-398.575
12385,-400.850
12386,-393.200
12387,-395.525
12388,-397.775
12389,-399.725
12390,-402.275
12391,-404.250
12392,-396.175
12393,-398.775
12394,-400.800
12395,-402.625
12396,-405.350
12397,-382.525
12398,-399.850
12399,-402.325
12400,-404.650
12401,-406.600
12402,-383.025
12403,-400.850
12404,-403.225
12405,-405.625
12406,-382.075
12407,-384.350
12408,-386.925
12409,-404.150
12410,-406.575
12411,-383.550
12412,-385.375
12413,-388.075
12414,-389.975
12415,-381.975
12416,-384.675
12417,-386.725
12418,-388.925
12419,-391.400
12420,-393.925
12421,-385.375
12422,-387.575
12423,-390.125
12424,-392.225
12425,-394.800
12426,-387.025
12427,-389.050
12428,-391.225
12429,-393.950
12430,-395.650
12431,-398.375
12432,-390.275
12433,-392.600
12434,-395.000
12435,-397.275
12436,-399.150
12437,-402.000
12438,-393.675
12439,-395.575
12440,-398.525
12441,-400.075
12442,-402.900
12443,-405.175
12444,-396.975
12445,-399.075
12446,-401.800
12447,-404.200
12448,-406.375
12449,-382.725
12450,-400.050
12451,-402.575
12452,-405.075
12453,-381.275
12454,-384.050
12455,-401.200
12456,-404.200
12457,-406.550
12458,-382.825
12459,-385.075
12460,-386.775
12461,-404.925
12462,-381.450
12463,-383.975
12464,-386.550
12465,-388.275
12466,-390.400
12467,-383.125
12468,-385.425
12469,-387.200
12470,-389.875
12471,-391.675
12472,-394.150
12473,-386.075
12474,-388.700
12475,-391.175
12476,-392.700
12477,-395.025
12478,-387.150
12479,-390.025
12480,-392.400
12481,-393.925
12482,-396.575
12483,-399.025
12484,-391.225
12485,-393.275
12486,-395.775
12487,-397.475
12488,-400.000
12489,-402.250
12490,-393.925
12491,-396.825
12492,-398.775
12493,-400.950
12494,-403.550
12495,-405.625
12496,-398.075
12497,-399.925
12498,-402.500
12499,-404.850
12500,-381.600
12501,-373.125
12502,-400.850
12503,-403.250
12504,-405.275
12505,-382.425
12506,-385.000
12507,-402.225
12508,-404.350
12509,-381.450
12510,-383.475
12511,-386.150
12512,-387.725
12513,-406.125
12514,-382.400
12515,-384.550
12516,-386.700
12517,-389.350
12518,-391.175
12519,-383.750
12520,-385.500
12521,-388.100
12522,-390.400
12523,-392.925
12524,-395.250
12525,-386.900
12526,-389.475
12527,-391.250
12528,-393.650
12529,-395.925
12530,-388.325
12531,-390.675
12532,-392.450
12533,-394.950
12534,-397.250
12535,-399.425
12536,-391.875
12537,-393.725
12538,-396.075
12539,-398.275
12540,-400.375
12541,-402.850
12542,-395.250
12543,-396.800
12544,-399.625
12545,-402.025
12546,-404.150
12547,-406.275
12548,-398.075
12549,-400.600
12550,-403.175
12551,-405.550
12552,-381.925
12553,-399.975
12554,-401.750
12555,-404.100
12556,-406.375
12557,-383.200
12558,-384.950
12559,-402.925
12560,-405.275
12561,-382.325
12562,-384.400
12563,-386.300
12564,-388.950
12565,-406.100
12566,-383.350
12567,-385.300
12568,-387.450
12569,-389.800
12570,-392.550
12571,-384.550
12572,-386.725
12573,-388.575
12574,-391.250
12575,-393.750
12576,-385.325
12577,-387.375
12578,-390.550
12579,-392.450
12580,-394.375
12581,-396.825
12582,-388.400
12583,-391.200
12584,-393.350
12585,-395.425
12586,-397.625
12587,-400.325
12588,-392.275
12589,-394.850
12590,-397.025
12591,-399.125
12592,-401.150
12593,-403.525
12594,-395.875
12595,-398.075
12596,-399.925
12597,-402.450
12598,-404.725
12599,-381.725
12600,-399.375
12601,-401.200
12602,-403.875
12603,-406.200
12604,-382.725
12605,-400.350
12606,-402.625
12607,-404.500
12608,-381.450
12609,-383.900
12610,-385.750
12611,-403.350
12612,-406.275
12613,-382.300
12614,-385.225
12615,-387.325
12616,-389.925
12617,-381.625
12618,-383.525
12619,-386.125
12620,-387.975
12621,-390.675
12622,-393.025
12623,-385.075
12624,-387.025
12625,-389.575
12626,-391.425
12627,-394.125
12628,-385.800
12629,-388.675
12630,-390.975
12631,-392.825
12632,-395.250
12633,-397.725
12634,-389.125
12635,-391.700
12636,-394.400
12637,-396.175
12638,-398.725
12639,-400.850
12640,-392.975
12641,-395.325
12642,-397.225
12643,-399.650
12644,-401.850
12645,-404.750
12646,-396.575
12647,-398.525
12648,-401.150
12649,-403.600
12650,-405.525
12651,-382.300
12652,-399.675
12653,-402.500
12654,-404.700
12655,-381.050
12656,-383.175
12657,-400.900
12658,-403.100
12659,-405.800
12660,-382.050
12661,-384.700
12662,-386.550
12663,-404.300
12664,-381.400
12665,-383.725
12666,-385.650
12667,-388.225
12668,-390.300
12669,-382.425
12670,-384.500
12671,-386.800
12672,-388.925
12673,-391.350
12674,-393.300
12675,-385.525
12676,-388.250
12677,-390.525
12678,-392.650
12679,-395.075
12680,-386.475
12681,-389.150
12682,-391.675
12683,-393.750
12684,-396.125
12685,-398.550
12686,-389.850
12687,-392.525
12688,-394.300
12689,-397.225
12690,-399.125
12691,-401.800
12692,-393.950
12693,-396.175
12694,-398.475
12695,-400.375
12696,-403.125
12697,-404.775
12698,-397.425
12699,-399.100
12700,-401.700
12701,-403.700
12702,-406.575
12703,-398.650
12704,-400.725
12705,-402.900
12706,-405.275
12707,-381.950
12708,-384.250
12709,-402.050
12710,-403.850
12711,-406.325
12712,-383.075
12713,-385.300
12714,-387.275
12715,-405.175
12716,-381.725
12717,-384.375
12718,-386.525
12719,-388.750
12720,-390.725
12721,-383.175
12722,-385.125
12723,-387.700
12724,-389.575
12725,-391.950
12726,-394.075
12727,-386.300
12728,-388.700
12729,-391.250
12730,-393.400
12731,-395.150
12732,-387.625
12733,-389.875
12734,-391.700
12735,-394.300
12736,-396.275
12737,-398.525
12738,-391.050
12739,-393.200
12740,-395.325
12741,-397.450
12742,-400.225
12743,-401.900
12744,-394.800
12745,-396.825
12746,-398.875
12747,-401.250
12748,-403.150
12749,-405.650
12750,-397.950
12751,-400.225
12752,-402.675
12753,-404.500
12754,-381.650
12755,-398.750
12756,-401.200
12757,-403.875
12758,-405.700
12759,-382.350
12760,-384.875
12761,-402.500
12762,-404.700
12763,-381.600
12764,-383.650
12765,-386.050
12766,-387.875
12767,-406.200
12768,-382.875
12769,-384.750
12770,-386.850
12771,-389.400
12772,-391.425
12773,-383.625
12774,-385.825
12775,-388.275
12776,-390.725
12777,-392.975
12778,-384.500
12779,-387.100
12780,-389.250
12781,-391.875
12782,-394.075
12783,-396.350
12784,-388.500
12785,-390.300
12786,-392.775
12787,-394.800
12788,-397.225
12789,-399.275
12790,-391.300
12791,-393.925
12792,-396.075
12793,-398.825
12794,-400.650
12795,-402.850
12796,-395.375
12797,-397.250
12798,-399.725
12799,-402.050
12800,-404.200
12801,-406.550
12802,-398.625
12803,-400.825
12804,-403.100
12805,-405.200
12806,-382.050
12807,-399.650
12808,-401.525
12809,-404.275
12810,-406.750
12811,-383.400
12812,-385.050
12813,-403.225
12814,-405.700
12815,-382.400
12816,-384.600
12817,-386.375
12818,-388.425
12819,-406.875
12820,-383.525
12821,-385.150
12822,-387.800
12823,-389.875
12824,-391.975
12825,-384.350
12826,-386.700
12827,-388.575
12828,-390.975
12829,-393.150
12830,-385.275
12831,-387.625
12832,-389.675
12833,-392.525
12834,-394.550
12835,-397.100
12836,-388.625
12837,-391.225
12838,-393.075
12839,-395.875
12840,-398.025
12841,-400.650
12842,-392.400
12843,-394.600
12844,-396.775
12845,-399.075
12846,-401.525
12847,-403.750
12848,-395.850
12849,-397.950
12850,-400.500
12851,-403.000
12852,-404.600
12853,-397.225
12854,-398.825
12855,-401.225
12856,-403.600
12857,-405.800
12858,-382.650
12859,-400.575
12860,-402.675
12861,-405.500
12862,-381.500
12863,-383.950
12864,-386.300
12865,-404.050
12866,-405.925
12867,-383.075
12868,-384.975
12869,-387.175
12870,-389.350
12871,-381.450
12872,-384.250
12873,-385.925
12874,-388.600
12875,-391.050
12876,-393.250
12877,-385.325
12878,-386.900
12879,-389.425
12880,-391.625
12881,-393.875
12882,-386.525
12883,-388.425
12884,-390.575
12885,-393.175
12886,-395.250
12887,-397.475
12888,-389.675
12889,-392.050
12890,-394.250
12891,-396.700
12892,-398.625
12893,-401.050
12894,-393.400
12895,-395.325
12896,-397.650
12897,-399.475
12898,-402.125
12899,-404.650
12900,-396.050
12901,-398.575
12902,-401.400
12903,-403.475
12904,-405.600
12905,-397.650
12906,-400.175
12907,-402.325
12908,-404.050
12909,-381.400
12910,-383.400
12911,-400.900
12912,-403.100
12913,-405.800
12914,-382.650
12915,-384.475
12916,-386.925
12917,-404.875
12918,-380.950
12919,-383.375
12920,-385.375
12921,-388.325
12922,-390.250
12923,-381.875
12924,-384.850
12925,-387.100
12926,-388.750
12927,-391.800
12928,-383.025
12929,-386.025
12930,-388.000
12931,-390.375
12932,-392.225
12933,-395.150
12934,-386.625
12935,-389.050
12936,-391.075
12937,-393.725
12938,-395.875
12939,-398.575
12940,-390.375
12941,-392.500
12942,-394.750
12943,-396.725
12944,-399.350
12945,-401.850
12946,-393.825
12947,-396.225
12948,-398.625
12949,-400.425
12950,-403.300
12951,-405.325
12952,-397.075
12953,-399.125
12954,-401.575
12955,-404.350
12956,-406.450
12957,-398.550
12958,-400.225
12959,-403.100
12960,-405.550
12961,-381.975
12962,-384.100
12963,-401.525
12964,-403.950
12965,-406.775
12966,-382.925
12967,-385.275
12968,-387.600
12969,-405.450
12970,-382.125
12971,-384.050
12972,-386.600
12973,-388.975
12974,-391.300
12975,-382.975
12976,-385.275
12977,-387.850
12978,-389.325
12979,-392.425
12980,-383.750
12981,-386.350
12982,-388.375
12983,-390.900
12984,-392.975
12985,-395.450
12986,-387.975
12987,-390.175
12988,-392.375
12989,-394.825
12990,-396.475
12991,-399.275
12992,-390.900
12993,-393.200
12994,-395.250
12995,-397.750
12996,-400.375
12997,-402.250
12998,-394.300
12999,-396.825
13000,-398.675
13001,-401.400
13002,-403.600
13003,-395.375
13004,-398.250
13005,-400.500
13006,-402.825
13007,-405.075
13008,-381.175
13009,-399.225
13010,-401.225
13011,-403.550
13012,-405.900
13013,-382.650
13014,-384.600
13015,-402.775
13016,-404.975
13017,-381.300
13018,-383.725
13019,-385.850
13020,-387.725
13021,-406.125
13022,-382.725
13023,-384.975
13024,-387.150
13025,-389.475
13026,-391.550
13027,-383.300
13028,-386.275
13029,-388.575
13030,-390.625
13031,-392.675
13032,-384.675
13033,-387.300
13034,-389.775
13035,-391.950
13036,-394.300
13037,-396.050
13038,-388.575
13039,-390.375
13040,-392.725
13041,-395.050
13042,-397.125
13043,-399.575
13044,-391.925
13045,-394.125
13046,-396.550
13047,-398.775
13048,-400.500
13049,-402.925
13050,-395.250
13051,-397.625
13052,-399.350
13053,-402.350
13054,-404.550
13055,-396.450
13056,-399.025
13057,-400.650
13058,-403.100
13059,-405.400
13060,-382.450
13061,-399.550
13062,-401.925
13063,-404.350
13064,-406.950
13065,-383.575
13066,-385.600
13067,-403.475
13068,-405.400
13069,-382.125
13070,-384.775
13071,-386.375
13072,-389.225
13073,-381.175
13074,-383.025
13075,-385.150
13076,-387.725
13077,-390.400
13078,-382.075
13079,-384.475
13080,-386.775
13081,-389.150
13082,-391.575
13083,-393.200
13084,-385.825
13085,-388.050
13086,-389.950
13087,-392.225
13088,-394.825
13089,-396.925
13090,-389.100
13091,-391.125
13092,-393.625
13093,-395.975
13094,-397.850
13095,-400.000
13096,-392.625
13097,-394.375
13098,-397.225
13099,-399.425
13100,-401.450
13101,-403.750
13102,-395.750
13103,-398.175
13104,-400.225
13105,-402.850
13106,-405.225
13107,-397.225
13108,-398.925
13109,-401.450
13110,-404.000
13111,-405.700
13112,-383.125
13113,-400.250
13114,-403.100
13115,-405.175
13116,-381.650
13117,-383.875
13118,-386.050
13119,-403.775
13120,-405.875
13121,-382.575
13122,-385.300
13123,-387.300
13124,-389.325
13125,-382.050
13126,-384.175
13127,-386.175
13128,-388.400
13129,-390.725
13130,-382.900
13131,-385.475
13132,-387.375
13133,-389.400
13134,-392.225
13135,-394.050
13136,-385.850
13137,-388.750
13138,-390.500
13139,-392.925
13140,-395.000
13141,-397.675
13142,-389.925
13143,-391.775
13144,-394.275
13145,-396.800
13146,-398.775
13147,-401.200
13148,-392.725
13149,-395.525
13150,-397.950
13151,-400.175
13152,-402.175
13153,-394.375
13154,-396.925
13155,-398.775
13156,-401.000
13157,-403.125
13158,-405.700
13159,-397.725
13160,-399.925
13161,-402.650
13162,-404.200
13163,-381.300
13164,-383.625
13165,-401.425
13166,-403.225
13167,-406.025
13168,-382.425
13169,-384.550
13170,-386.775
13171,-404.650
13172,-381.600
13173,-383.475
13174,-385.750
13175,-388.500
13176,-390.225
13177,-382.350
13178,-384.900
13179,-387.200
13180,-388.925
13181,-391.500
13182,-383.850
13183,-385.800
13184,-387.500
13185,-390.450
13186,-392.975
13187,-394.825
13188,-386.975
13189,-388.900
13190,-391.425
13191,-393.775
13192,-396.450
13193,-398.375
13194,-390.725
13195,-392.650
13196,-395.275
13197,-396.775
13198,-399.650
13199,-402.175
13200,-393.625
13201,-395.850
13202,-398.225
13203,-400.750
13204,-402.850
13205,-395.175
13206,-397.025
13207,-399.850
13208,-402.050
13209,-404.100
13210,-406.775
13211,-398.525
13212,-401.000
13213,-403.100
13214,-405.175
13215,-382.250
13216,-384.150
13217,-401.925
13218,-404.300
13219,-406.325
13220,-383.175
13221,-385.375
13222,-387.775
13223,-405.650
13224,-382.125
13225,-384.450
13226,-386.400
13227,-388.750
13228,-381.000
13229,-383.275
13230,-385.175
13231,-387.525
13232,-389.650
13233,-392.550
13234,-384.150
13235,-386.775
13236,-389.000
13237,-391.500
13238,-393.750
13239,-395.275
13240,-387.500
13241,-390.225
13242,-392.425
13243,-394.550
13244,-396.925
13245,-399.025
13246,-391.350
13247,-393.375
13248,-395.725
13249,-397.950
13250,-400.325
13251,-402.275
13252,-394.800
13253,-397.150
13254,-399.375
13255,-401.225
13256,-403.600
13257,-395.650
13258,-398.250
13259,-400.600
13260,-402.250
13261,-404.725
13262,-381.775
13263,-399.100
13264,-401.000
13265,-404.175
13266,-406.075
13267,-382.350
13268,-384.400
13269,-402.525
13270,-404.400
13271,-381.500
13272,-384.000
13273,-385.900
13274,-388.375
13275,-405.800
13276,-382.500
13277,-384.850
13278,-386.925
13279,-389.525
13280,-381.875
13281,-384.100
13282,-386.375
13283,-388.275
13284,-390.425
13285,-392.825
13286,-384.550
13287,-387.400
13288,-389.750
13289,-391.700
13290,-393.975
13291,-396.125
13292,-388.375
13293,-390.425
13294,-392.600
13295,-395.250
13296,-397.775
13297,-399.475
13298,-391.725
13299,-393.825
13300,-395.925
13301,-399.075
13302,-400.825
13303,-403.350
13304,-395.625
13305,-397.375
13306,-399.375
13307,-401.700
13308,-404.075
13309,-396.175
13310,-398.575
13311,-401.325
13312,-403.050
13313,-405.600
13314,-382.500
13315,-399.775
13316,-401.850
13317,-404.100
13318,-381.050
13319,-383.575
13320,-385.825
13321,-403.300
13322,-405.900
13323,-382.425
13324,-384.500
13325,-386.975
13326,-389.325
13327,-381.300
13328,-383.250
13329,-385.125
13330,-387.850
13331,-389.925
13332,-382.300
13333,-384.675
13334,-386.850
13335,-389.000
13336,-391.600
13337,-393.775
13338,-385.525
13339,-387.950
13340,-390.050
13341,-392.275
13342,-394.650
13343,-397.375
13344,-389.425
13345,-391.575
13346,-393.925
13347,-396.025
13348,-398.525
13349,-400.900
13350,-392.425
13351,-394.350
13352,-396.975
13353,-399.725
13354,-401.750
13355,-393.950
13356,-395.825
13357,-397.950
13358,-400.600
13359,-402.900
13360,-404.825
13361,-397.525
13362,-399.275
13363,-402.025
13364,-404.300
13365,-406.500
13366,-383.175
13367,-400.350
13368,-402.825
13369,-405.450
13370,-381.925
13371,-383.725
13372,-386.550
13373,-403.675
13374,-406.350
13375,-382.875
13376,-385.425
13377,-387.525
13378,-390.125
13379,-382.125
13380,-384.075
13381,-386.050
13382,-388.525
13383,-390.975
13384,-382.800
13385,-385.200
13386,-387.625
13387,-389.225
13388,-391.675
13389,-394.550
13390,-386.625
13391,-388.575
13392,-391.250
13393,-393.350
13394,-395.375
13395,-397.975
13396,-389.525
13397,-391.925
13398,-394.550
13399,-396.525
13400,-399.100
13401,-401.450
13402,-393.200
13403,-395.575
13404,-398.225
13405,-400.325
13406,-402.500
13407,-394.500
13408,-396.775
13409,-399.275
13410,-400.850
13411,-403.775
13412,-405.800
13413,-398.075
13414,-400.450
13415,-402.525
13416,-404.975
13417,-381.300
13418,-383.850
13419,-401.150
13420,-403.150
13421,-405.750
13422,-382.825
13423,-384.600
13424,-386.900
13425,-404.550
13426,-381.225
13427,-383.950
13428,-386.125
13429,-388.475
13430,-406.025
13431,-382.675
13432,-385.000
13433,-387.050
13434,-389.300
13435,-391.775
13436,-383.875
13437,-385.650
13438,-388.325
13439,-390.550
13440,-392.775
13441,-394.825
13442,-386.675
13443,-389.225
13444,-391.400
13445,-393.950
13446,-396.000
13447,-398.725
13448,-390.725
13449,-392.675
13450,-394.875
13451,-397.750
13452,-399.825
13453,-401.900
13454,-393.925
13455,-396.500
13456,-398.450
13457,-400.900
13458,-403.100
13459,-395.150
13460,-397.375
13461,-399.975
13462,-402.275
13463,-404.600
13464,-406.475
13465,-398.550
13466,-400.950
13467,-403.125
13468,-405.225
13469,-382.250
13470,-384.275
13471,-401.900
13472,-404.200
13473,-406.225
13474,-382.975
13475,-385.575
13476,-387.975
13477,-405.650
13478,-382.250
13479,-384.300
13480,-386.125
13481,-388.425
13482,-406.850
13483,-382.775
13484,-385.150
13485,-387.825
13486,-389.825
13487,-392.675
13488,-384.700
13489,-386.550
13490,-388.950
13491,-391.300
13492,-393.100
13493,-396.125
13494,-388.000
13495,-390.275
13496,-392.425
13497,-394.750
13498,-396.875
13499,-399.075
13500,-391.075
13501,-393.400
13502,-395.875
13503,-398.350
13504,-400.650
13505,-392.550
13506,-394.300
13507,-397.325
13508,-399.275
13509,-401.400
13510,-403.450
13511,-395.650
13512,-397.650
13513,-400.650
13514,-402.750
13515,-404.725
13516,-381.450
13517,-399.175
13518,-401.725
13519,-404.050
13520,-406.025
13521,-382.675
13522,-385.000
13523,-402.250
13524,-405.050
13525,-381.275
13526,-384.050
13527,-386.300
13528,-388.175
13529,-406.175
13530,-382.975
13531,-384.600
13532,-387.325
13533,-389.875
13534,-381.625
13535,-384.250
13536,-386.175
13537,-388.275
13538,-390.600
13539,-392.925
13540,-384.675
13541,-386.925
13542,-389.525
13543,-392.050
13544,-393.875
13545,-396.300
13546,-388.225
13547,-390.700
13548,-393.400
13549,-395.275
13550,-397.550
13551,-399.725
13552,-392.150
13553,-393.875
13554,-396.225
13555,-399.025
13556,-400.850
13557,-392.825
13558,-395.050
13559,-397.775
13560,-399.875
13561,-402.175
13562,-404.250
13563,-396.625
13564,-398.850
13565,-401.200
13566,-403.300
13567,-405.500
13568,-382.250
13569,-399.750
13570,-402.375
13571,-404.475
13572,-380.900
13573,-383.800
13574,-385.300
13575,-403.800
13576,-405.650
13577,-382.300
13578,-384.800
13579,-386.575
13580,-404.450
13581,-380.950
13582,-383.475
13583,-385.850
13584,-387.625
13585,-390.675
13586,-382.025
13587,-384.775
13588,-387.150
13589,-388.900
13590,-390.975
13591,-393.475
13592,-386.150
13593,-388.325
13594,-390.650
13595,-392.975
13596,-395.275
13597,-397.100
13598,-388.750
13599,-391.875
13600,-393.725
13601,-396.350
13602,-398.550
13603,-400.250
13604,-392.975
13605,-394.650
13606,-397.275
13607,-399.475
13608,-401.850
13609,-394.050
13610,-396.275
13611,-397.875
13612,-400.950
13613,-403.175
13614,-405.075
13615,-397.350
13616,-399.775
13617,-401.700
13618,-403.700
13619,-406.200
13620,-382.825
13621,-400.750
13622,-403.050
13623,-405.350
13624,-381.950
13625,-384.250
13626,-386.525
13627,-403.675
13628,-406.425
13629,-383.375
13630,-385.400
13631,-387.800
13632,-404.925
13633,-382.025
13634,-384.400
13635,-385.975
13636,-388.175
13637,-390.875
13638,-382.600
13639,-385.450
13640,-387.450
13641,-389.675
13642,-392.150
13643,-394.600
13644,-386.775
13645,-388.275
13646,-391.350
13647,-393.150
13648,-395.425
13649,-398.050
13650,-390.025
13651,-391.725
13652,-394.575
13653,-396.675
13654,-399.325
13655,-391.425
13656,-393.550
13657,-395.225
13658,-397.825
13659,-400.375
13660,-402.850
13661,-394.825
13662,-396.475
13663,-398.875
13664,-401.500
13665,-403.625
13666,-405.800
13667,-398.075
13668,-399.875
13669,-402.725
13670,-405.125
13671,-381.100
13672,-383.875
13673,-400.825
13674,-403.875
13675,-405.800
13676,-382.925
13677,-385.050
13678,-386.900
13679,-404.375
13680,-381.450
13681,-383.850
13682,-386.050
13683,-388.500
13684,-405.975
13685,-382.675
13686,-384.700
13687,-387.025
13688,-389.825
13689,-391.700
13690,-383.900
13691,-385.925
13692,-388.225
13693,-390.725
13694,-393.100
13695,-395.375
13696,-387.250
13697,-389.525
13698,-391.675
13699,-394.025
13700,-395.975
13701,-398.575
13702,-390.775
13703,-393.250
13704,-395.075
13705,-397.325
13706,-399.425
13707,-391.450
13708,-393.850
13709,-396.075
13710,-398.525
13711,-400.425
13712,-402.675
13713,-395.175
13714,-397.375
13715,-399.425
13716,-402.175
13717,-404.275
13718,-406.575
13719,-398.725
13720,-400.525
13721,-403.125
13722,-405.625
13723,-381.825
13724,-384.250
13725,-401.925
13726,-404.400
13727,-406.325
13728,-383.200
13729,-385.800
13730,-377.450
13731,-404.975
13732,-382.075
13733,-384.675
13734,-386.775
13735,-388.425
13736,-381.450
13737,-382.950
13738,-385.725
13739,-387.725
13740,-390.375
13741,-392.400
13742,-384.750
13743,-386.525
13744,-389.100
13745,-391.500
13746,-393.400
13747,-395.825
13748,-388.225
13749,-390.175
13750,-392.800
13751,-394.575
13752,-397.325
13753,-399.050
13754,-391.175
13755,-393.300
13756,-396.000
13757,-397.925
13758,-400.175
13759,-392.500
13760,-394.875
13761,-396.975
13762,-399.550
13763,-401.150
13764,-403.600
13765,-396.225
13766,-398.625
13767,-400.700
13768,-403.000
13769,-404.975
13770,-381.600
13771,-399.575
13772,-401.750
13773,-403.675
13774,-406.325
13775,-382.700
13776,-385.075
13777,-403.050
13778,-404.925
13779,-381.825
13780,-383.950
13781,-385.925
13782,-403.900
13783,-406.550
13784,-382.525
13785,-385.075
13786,-386.850
13787,-389.300
13788,-381.925
13789,-384.250
13790,-386.525
13791,-388.850
13792,-390.575
13793,-393.100
13794,-385.425
13795,-387.725
13796,-389.650
13797,-391.875
13798,-394.400
13799,-396.725
13800,-388.825
13801,-390.775
13802,-393.300
13803,-395.550
13804,-397.325
13805,-389.875
13806,-392.250
13807,-394.300
13808,-396.725
13809,-399.075
13810,-400.950
13811,-393.500
13812,-395.350
13813,-397.325
13814,-399.925
13815,-402.225
13816,-404.700
13817,-396.325
13818,-398.725
13819,-401.100
13820,-403.300
13821,-405.325
13822,-382.225
13823,-400.375
13824,-402.250
13825,-404.150
13826,-381.550
13827,-383.875
13828,-386.050
13829,-403.775
13830,-405.650
13831,-382.250
13832,-384.900
13833,-386.700
13834,-404.725
13835,-381.225
13836,-383.725
13837,-385.725
13838,-387.825
13839,-390.525
13840,-382.350
13841,-384.900
13842,-387.100
13843,-388.975
13844,-391.825
13845,-394.125
13846,-385.725
13847,-387.625
13848,-390.725
13849,-392.675
13850,-394.825
13851,-397.275
13852,-388.900
13853,-391.550
13854,-394.075
13855,-396.050
13856,-398.375
13857,-390.800
13858,-392.725
13859,-395.325
13860,-397.525
13861,-399.425
13862,-401.525
13863,-394.150
13864,-396.275
13865,-398.525
13866,-401.000
13867,-402.750
13868,-404.925
13869,-397.075
13870,-399.250
13871,-401.650
13872,-403.800
13873,-406.075
13874,-383.350
13875,-400.850
13876,-402.675
13877,-405.275
13878,-382.250
13879,-384.600
13880,-386.475
13881,-404.450
13882,-406.825
13883,-383.400
13884,-385.175
13885,-387.525
13886,-404.925
13887,-382.200
13888,-384.550
13889,-386.725
13890,-388.375
13891,-391.300
13892,-383.175
13893,-384.950
13894,-387.500
13895,-389.975
13896,-392.425
13897,-394.500
13898,-386.800
13899,-388.575
13900,-390.800
13901,-393.250
13902,-395.925
13903,-397.950
13904,-389.875
13905,-392.600
13906,-394.700
13907,-397.075
13908,-399.025
13909,-391.400
13910,-393.625
13911,-395.775
13912,-398.225
13913,-400.375
13914,-402.750
13915,-394.350
13916,-396.800
13917,-399.075
13918,-401.300
13919,-403.950
13920,-406.325
13921,-398.225
13922,-400.275
13923,-402.775
13924,-404.700
13925,-381.350
13926,-383.650
13927,-401.375
13928,-403.675
13929,-406.275
13930,-382.725
13931,-385.225
13932,-402.325
13933,-404.450
13934,-381.625
13935,-384.000
13936,-385.750
13937,-388.000
13938,-405.800
13939,-382.350
13940,-385.225
13941,-386.975
13942,-389.575
13943,-391.825
13944,-384.200
13945,-386.075
13946,-388.775
13947,-390.275
13948,-393.200
13949,-395.325
13950,-387.300
13951,-389.850
13952,-392.150
13953,-394.125
13954,-395.850
13955,-398.625
13956,-390.575
13957,-393.175
13958,-395.575
13959,-397.375
13960,-399.950
13961,-392.000
13962,-394.375
13963,-396.075
13964,-398.325
13965,-401.350
13966,-403.475
13967,-395.475
13968,-397.375
13969,-400.125
13970,-402.125
13971,-404.750
13972,-380.875
13973,-398.625
13974,-400.950
13975,-403.150
13976,-405.650
13977,-381.975
13978,-384.475
13979,-402.050
13980,-404.000
13981,-381.100
13982,-383.400
13983,-385.800
13984,-403.550
13985,-405.700
13986,-381.825
13987,-384.425
13988,-386.600
13989,-388.900
13990,-381.400
13991,-383.625
13992,-385.375
13993,-387.950
13994,-390.075
13995,-392.650
13996,-384.200
13997,-387.050
13998,-389.425
13999,-391.150
14000,-393.925
14001,-396.075
14002,-387.700
14003,-389.825
14004,-392.225
14005,-394.475
14006,-396.925
14007,-389.325
14008,-391.625
14009,-393.625
14010,-395.575
14011,-398.250
14012,-400.650
14013,-392.825
14014,-394.450
14015,-397.350
14016,-399.625
14017,-401.450
14018,-403.550
14019,-396.050
14020,-398.075
14021,-400.350
14022,-402.675
14023,-405.275
14024,-382.075
14025,-399.275
14026,-402.050
14027,-404.300
14028,-405.975
14029,-382.875
14030,-385.125
14031,-403.300
14032,-404.875
14033,-382.175
14034,-384.200
14035,-386.550
14036,-404.150
14037,-406.600
14038,-383.250
14039,-385.425
14040,-387.725
14041,-389.350
14042,-381.875
14043,-384.175
14044,-386.525
14045,-388.950
14046,-390.975
14047,-393.100
14048,-385.425
14049,-387.825
14050,-389.700
14051,-392.150
14052,-394.575
14053,-396.925
14054,-388.525
14055,-391.250
14056,-393.450
14057,-395.375
14058,-398.075
14059,-390.175
14060,-392.100
14061,-394.275
14062,-396.425
14063,-398.875
14064,-401.150
14065,-392.900
14066,-395.825
14067,-397.550
14068,-399.875
14069,-402.725
14070,-404.550
14071,-396.775
14072,-398.750
14073,-401.250
14074,-403.175
14075,-405.975
14076,-382.700
14077,-400.025
14078,-402.275
14079,-404.600
14080,-381.625
14081,-383.650
14082,-401.525
14083,-403.425
14084,-405.600
14085,-382.775
14086,-384.900
14087,-386.625
14088,-405.025
14089,-381.675
14090,-383.875
14091,-385.800
14092,-387.725
14093,-390.775
14094,-382.300
14095,-384.600
14096,-387.375
14097,-389.525
14098,-391.250
14099,-394.075
14100,-385.800
14101,-387.650
14102,-390.400
14103,-392.900
14104,-395.225
14105,-397.275
14106,-389.225
14107,-391.575
14108,-394.125
14109,-396.500
14110,-398.125
14111,-390.400
14112,-393.075
14113,-395.175
14114,-397.625
14115,-399.850
14116,-401.850
14117,-394.150
14118,-396.025
14119,-398.825
14120,-401.100
14121,-402.775
14122,-405.650
14123,-397.075
14124,-399.975
14125,-402.250
14126,-404.500
14127,-406.650
14128,-383.025
14129,-400.750
14130,-403.250
14131,-405.500
14132,-381.925
14133,-384.075
14134,-402.000
14135,-404.725
14136,-406.425
14137,-383.175
14138,-385.375
14139,-387.575
14140,-405.300
14141,-381.875
14142,-384.650
14143,-386.525
14144,-388.600
14145,-390.825
14146,-383.025
14147,-385.275
14148,-387.725
14149,-389.975
14150,-392.550
14151,-394.850
14152,-386.900
14153,-389.150
14154,-391.450
14155,-393.575
14156,-396.075
14157,-387.300
14158,-390.325
14159,-392.450
14160,-394.500
14161,-397.325
14162,-398.775
14163,-391.125
14164,-393.550
14165,-395.350
14166,-397.675
14167,-400.275
14168,-402.500
14169,-394.850
14170,-397.275
14171,-399.475
14172,-401.575
14173,-403.800
14174,-406.375
14175,-397.775
14176,-400.050
14177,-402.350
14178,-405.175
14179,-381.550
14180,-384.275
14181,-401.850
14182,-403.950
14183,-406.200
14184,-383.075
14185,-385.075
14186,-402.750
14187,-405.225
14188,-381.300
14189,-383.725
14190,-385.925
14191,-388.700
14192,-405.800
14193,-382.525
14194,-385.175
14195,-387.450
14196,-389.350
14197,-391.600
14198,-384.075
14199,-386.075
14200,-388.375
14201,-390.625
14202,-392.825
14203,-394.950
14204,-387.450
14205,-389.250
14206,-392.200
14207,-394.250
14208,-396.275
14209,-388.000
14210,-390.875
14211,-393.075
14212,-395.475
14213,-397.450
14214,-399.750
14215,-392.200
14216,-394.450
14217,-396.575
14218,-398.275
14219,-400.850
14220,-403.350
14221,-395.125
14222,-397.450
14223,-399.725
14224,-402.100
14225,-404.650
14226,-380.825
14227,-398.575
14228,-400.850
14229,-403.375
14230,-405.225
14231,-382.175
14232,-399.975
14233,-402.000
14234,-404.850
14235,-380.850
14236,-383.200
14237,-385.925
14238,-403.300
14239,-405.450
14240,-382.525
14241,-384.625
14242,-387.050
14243,-389.250
14244,-381.100
14245,-383.250
14246,-385.725
14247,-387.525
14248,-390.025
14249,-392.550
14250,-384.900
14251,-386.775
14252,-389.425
14253,-391.775
14254,-393.475
14255,-395.750
14256,-388.175
14257,-390.550
14258,-392.375
14259,-394.950
14260,-397.475
14261,-389.250
14262,-391.350
14263,-393.400
14264,-396.325
14265,-397.875
14266,-400.800
14267,-392.650
14268,-395.000
14269,-397.250
14270,-399.325
14271,-401.350
14272,-403.950
14273,-396.200
14274,-398.350
14275,-400.900
14276,-402.350
14277,-404.825
14278,-381.975
14279,-399.575
14280,-401.400
14281,-403.900
14282,-405.975
14283,-382.900
14284,-400.175
14285,-403.125
14286,-405.600
14287,-381.950
14288,-383.750
14289,-386.475
14290,-404.150
14291,-406.025
14292,-383.200
14293,-385.175
14294,-387.525
14295,-389.725
14296,-382.325
14297,-384.175
14298,-385.925
14299,-388.575
14300,-390.975
14301,-393.525
14302,-385.575
14303,-387.400
14304,-389.675
14305,-392.275
14306,-394.550
14307,-386.175
14308,-389.050
14309,-391.200
14310,-393.525
14311,-395.775
14312,-397.725
14313,-389.875
14314,-392.325
14315,-394.475
14316,-396.650
14317,-399.025
14318,-400.850
14319,-393.200
14320,-395.325
14321,-398.050
14322,-399.750
14323,-402.275
14324,-404.725
14325,-397.000
14326,-399.475
14327,-401.850
14328,-403.550
14329,-405.900
14330,-382.600
14331,-400.500
14332,-402.500
14333,-404.850
14334,-381.550
14335,-383.900
14336,-401.150
14337,-403.550
14338,-405.900
14339,-382.600
14340,-384.800
14341,-387.400
14342,-404.700
14343,-381.675
14344,-383.650
14345,-385.975
14346,-387.950
14347,-390.675
14348,-382.900
14349,-384.625
14350,-387.375
14351,-389.025
14352,-392.100
14353,-393.875
14354,-385.525
14355,-388.100
14356,-391.050
14357,-393.025
14358,-395.000
14359,-387.025
14360,-389.650
14361,-391.825
14362,-393.825
14363,-396.125
14364,-398.925
14365,-390.700
14366,-393.150
14367,-395.250
14368,-397.375
14369,-399.475
14370,-402.050
14371,-393.975
14372,-396.675
14373,-398.825
14374,-400.950
14375,-402.850
14376,-405.900
14377,-397.850
14378,-399.725
14379,-402.325
14380,-404.475
14381,-406.650
14382,-373.350
14383,-400.950
14384,-403.300
14385,-405.575
14386,-381.975
14387,-384.100
14388,-401.925
14389,-404.350
14390,-406.425
14391,-383.250
14392,-385.275
14393,-388.025
14394,-405.450
14395,-382.175
14396,-384.625
14397,-386.600
14398,-389.150
14399,-391.300
14400,-383.625
14401,-385.575
14402,-387.850
14403,-389.975
14404,-392.150
14405,-394.550
14406,-386.850
14407,-389.100
14408,-391.575
14409,-393.925
14410,-395.450
14411,-387.600
14412,-390.450
14413,-392.250
14414,-394.500
14415,-396.975
14416,-399.050
14417,-391.600
14418,-393.675
14419,-395.825
14420,-398.250
14421,-399.925
14422,-402.725
14423,-394.950
14424,-396.875
14425,-399.125
14426,-401.750
14427,-404.150
14428,-405.975
14429,-398.025
14430,-400.600
14431,-403.100
14432,-405.225
14433,-381.975
14434,-399.725
14435,-401.950
14436,-403.475
14437,-406.075
14438,-383.125
14439,-385.000
14440,-402.950
14441,-405.225
14442,-382.125
14443,-383.550
14444,-386.275
14445,-388.825
14446,-406.225
14447,-383.125
14448,-385.175
14449,-387.050
14450,-389.325
14451,-391.875
14452,-383.725
14453,-386.075
14454,-388.500
14455,-391.025
14456,-392.875
14457,-385.525
14458,-387.200
14459,-389.525
14460,-392.425
14461,-394.475
14462,-396.825
14463,-388.425
14464,-390.700
14465,-393.550
14466,-395.775
14467,-397.925
14468,-399.675
14469,-391.875
14470,-394.175
14471,-396.125
14472,-398.425
14473,-401.025
14474,-403.600
14475,-395.775
14476,-398.025
14477,-400.050
14478,-402.225
14479,-404.200
14480,-381.450
14481,-398.525
14482,-400.650
14483,-403.550
14484,-405.800
14485,-382.250
14486,-399.725
14487,-402.550
14488,-404.925
14489,-381.550
14490,-383.475
14491,-386.025
14492,-403.300
14493,-405.550
14494,-382.450
14495,-384.700
14496,-386.700
14497,-389.250
14498,-381.400
14499,-383.525
14500,-385.450
14501,-388.275
14502,-390.725
14503,-392.725
14504,-384.500
14505,-387.100
14506,-389.500
14507,-391.150
14508,-393.775
14509,-385.975
14510,-388.025
14511,-390.775
14512,-392.925
14513,-394.925
14514,-397.425
14515,-389.575
14516,-391.950
14517,-394.200
14518,-395.850
14519,-398.550
14520,-400.575
14521,-392.600
14522,-395.250
14523,-397.225
14524,-399.425
14525,-401.750
14526,-404.350
14527,-396.475
14528,-398.575
14529,-400.800
14530,-402.650
14531,-405.325
14532,-382.250
14533,-399.850
14534,-401.750
14535,-404.200
14536,-406.500
14537,-382.900
14538,-401.000
14539,-402.900
14540,-405.450
14541,-381.625
14542,-384.100
14543,-386.675
14544,-403.700
14545,-406.200
14546,-382.975
14547,-385.650
14548,-388.025
14549,-389.675
14550,-381.950
14551,-384.150
14552,-386.250
14553,-389.025
14554,-390.975
14555,-392.975
14556,-385.575
14557,-387.950
14558,-389.575
14559,-392.450
14560,-394.750
14561,-386.625
14562,-388.675
14563,-391.175
14564,-393.550
14565,-395.450
14566,-398.350
14567,-389.675
14568,-392.400
14569,-394.150
14570,-396.975
14571,-398.775
14572,-401.700
14573,-393.175
14574,-395.625
14575,-398.175
14576,-400.500
14577,-402.550
14578,-404.400
14579,-397.000
14580,-399.225
14581,-401.525
14582,-404.075
14583,-406.375
14584,-397.850
14585,-400.375
14586,-402.225
14587,-404.700
14588,-381.825
14589,-384.000
14590,-401.225
14591,-403.625
14592,-405.750
14593,-382.675
14594,-385.125
14595,-387.100
14596,-404.650
14597,-381.225
14598,-383.650
14599,-385.975
14600,-388.150
14601,-390.650
14602,-382.675
14603,-384.800
14604,-387.500
14605,-389.825
14606,-391.600
14607,-394.250
14608,-386.125
14609,-388.175
14610,-390.575
14611,-392.900
14612,-395.150
14613,-387.325
14614,-389.100
14615,-391.700
14616,-393.850
14617,-395.925
14618,-398.650
14619,-390.625
14620,-392.925
14621,-394.875
14622,-397.275
14623,-399.550
14624,-401.550
14625,-394.550
14626,-396.125
14627,-398.475
14628,-400.900
14629,-403.125
14630,-405.450
14631,-397.725
14632,-399.525
14633,-401.800
14634,-404.775
14635,-406.900
14636,-398.250
14637,-400.850
14638,-403.475
14639,-405.225
14640,-382.350
14641,-384.550
14642,-402.050
14643,-404.500
14644,-381.100
14645,-383.125
14646,-385.525
14647,-387.500
14648,-405.425
14649,-382.325
14650,-384.300
14651,-386.850
14652,-388.575
14653,-391.500
14654,-383.125
14655,-385.575
14656,-387.700
14657,-390.075
14658,-392.800
14659,-384.625
14660,-386.625
14661,-389.475
14662,-391.250
14663,-393.875
14664,-396.375
14665,-387.875
14666,-390.225
14667,-392.225
14668,-395.000
14669,-396.975
14670,-399.200
14671,-391.575
14672,-393.925
14673,-396.175
14674,-398.175
14675,-400.175
14676,-402.900
14677,-394.750
14678,-397.350
14679,-399.175
14680,-401.850
14681,-403.950
14682,-406.575
14683,-398.650
14684,-400.800
14685,-402.750
14686,-405.025
14687,-382.050
14688,-399.750
14689,-401.550
14690,-403.975
14691,-406.600
14692,-383.250
14693,-385.125
14694,-403.100
14695,-405.425
14696,-381.550
14697,-384.375
14698,-386.325
14699,-388.900
14700,-406.200
14701,-382.550
14702,-384.875
14703,-387.600
14704,-389.950
14705,-392.250
14706,-384.400
14707,-385.975
14708,-388.425
14709,-390.775
14710,-393.025
14711,-385.575
14712,-387.575
14713,-389.925
14714,-392.325
14715,-393.975
14716,-396.525
14717,-389.000
14718,-390.900
14719,-393.500
14720,-395.425
14721,-397.575
14722,-400.125
14723,-392.050
14724,-394.350
14725,-396.825
14726,-399.050
14727,-401.050
14728,-403.625
14729,-395.425
14730,-397.825
14731,-399.950
14732,-402.500
14733,-404.975
14734,-396.550
14735,-398.625
14736,-400.925
14737,-403.175
14738,-405.875
14739,-382.450
14740,-399.975
14741,-402.050
14742,-405.125
14743,-381.625
14744,-383.375
14745,-386.150
14746,-403.550
14747,-405.625
14748,-382.825
14749,-384.625
14750,-386.850
14751,-389.150
14752,-381.550
14753,-383.350
14754,-386.050
14755,-387.975
14756,-390.275
14757,-393.100
14758,-384.625
14759,-387.050
14760,-389.525
14761,-391.675
14762,-393.975
14763,-385.850
14764,-388.325
14765,-390.800
14766,-392.375
14767,-394.825
14768,-397.100
14769,-389.325
14770,-391.325
14771,-394.025
14772,-396.075
14773,-398.425
14774,-401.000
14775,-392.725
14776,-394.825
14777,-397.750
14778,-399.525
14779,-401.650
14780,-404.050
14781,-395.925
14782,-398.775
14783,-401.150
14784,-403.425
14785,-405.575
14786,-397.150
14787,-399.350
14788,-401.550
14789,-404.500
14790,-406.375
14791,-383.300
14792,-401.050
14793,-402.750
14794,-405.050
14795,-381.925
14796,-384.675
14797,-386.825
14798,-404.725
14799,-406.500
14800,-383.125
14801,-385.750
14802,-387.600
14803,-390.075
14804,-381.825
14805,-384.050
14806,-386.675
14807,-388.575
14808,-391.050
14809,-382.925
14810,-385.750
14811,-387.375
14812,-390.375
14813,-392.150
14814,-394.500
14815,-386.600
14816,-388.625
14817,-391.025
14818,-393.550
14819,-395.850
14820,-397.825
14821,-389.625
14822,-392.650
14823,-395.000
14824,-397.225
14825,-399.575
14826,-401.650
14827,-393.375
14828,-395.550
14829,-398.025
14830,-400.450
14831,-402.550
14832,-405.075
14833,-396.925
14834,-399.025
14835,-401.850
14836,-403.775
14837,-406.350
14838,-398.350
14839,-400.750
14840,-402.625
14841,-404.875
14842,-381.925
14843,-383.975
14844,-401.900
14845,-403.900
14846,-406.325
14847,-382.950
14848,-385.300
14849,-387.100
14850,-404.950
14851,-381.450
14852,-383.525
14853,-386.150
14854,-388.575
14855,-390.700
14856,-382.450
14857,-385.300
14858,-387.250
14859,-389.150
14860,-392.050
14861,-384.100
14862,-385.975
14863,-388.850
14864,-391.050
14865,-393.250
14866,-395.225
14867,-386.925
14868,-389.575
14869,-391.875
14870,-394.175
14871,-396.175
14872,-399.025
14873,-390.800
14874,-393.375
14875,-395.750
14876,-397.725
14877,-400.150
14878,-402.250
14879,-393.925
14880,-396.075
14881,-399.075
14882,-400.950
14883,-403.600
14884,-395.775
14885,-397.250
14886,-399.575
14887,-402.100
14888,-404.575
14889,-381.500
14890,-398.825
14891,-401.000
14892,-403.625
14893,-405.875
14894,-382.600
14895,-384.375
14896,-402.325
14897,-404.775
14898,-380.850
14899,-383.525
14900,-385.925
14901,-388.225
14902,-406.075
14903,-382.600
14904,-384.850
14905,-387.100
14906,-389.525
14907,-391.550
14908,-383.725
14909,-385.650
14910,-387.575
14911,-390.050
14912,-392.875
14913,-384.375
14914,-386.675
14915,-389.325
14916,-391.775
14917,-393.750
14918,-396.200
14919,-387.875
14920,-390.300
14921,-392.900
14922,-394.550
14923,-397.100
14924,-399.175
14925,-391.400
14926,-393.975
14927,-395.975
14928,-398.450
14929,-400.850
14930,-403.000
14931,-395.075
14932,-397.475
14933,-399.825
14934,-401.500
14935,-404.000
14936,-395.925
14937,-398.550
14938,-400.650
14939,-402.675
14940,-405.225
14941,-381.850
14942,-399.575
14943,-402.100
14944,-404.050
14945,-406.500
14946,-382.700
14947,-385.325
14948,-402.575
14949,-405.275
14950,-381.750
14951,-384.075
14952,-386.675
14953,-388.525
14954,-405.975
14955,-383.300
14956,-385.325
14957,-387.575
14958,-389.925
14959,-381.675
14960,-384.300
14961,-386.275
14962,-388.900
14963,-390.725
14964,-393.250
14965,-385.375
14966,-387.375
14967,-389.675
14968,-391.875
14969,-394.400
14970,-397.075
14971,-389.125
14972,-391.250
14973,-393.300
14974,-395.650
14975,-398.125
14976,-400.150
14977,-392.550
14978,-394.150
14979,-396.450
14980,-399.025
14981,-401.150
14982,-403.850
14983,-395.925
14984,-398.025
14985,-400.525
14986,-402.550
14987,-404.700
14988,-396.975
14989,-399.100
14990,-401.575
14991,-403.750
14992,-406.225
14993,-382.600
14994,-400.050
14995,-402.450
14996,-404.975
14997,-381.625
14998,-383.525
14999,-386.300
15000,-403.525
15001,-406.225
15002,-382.950
15003,-385.125
15004,-386.850
15005,-388.950
15006,-381.500
15007,-383.850
15008,-385.975
15009,-388.225
15010,-390.375
15011,-382.500
15012,-385.000
15013,-387.275
15014,-389.150
15015,-391.875
15016,-394.250
15017,-386.225
15018,-388.225
15019,-390.900
15020,-392.825
15021,-395.425
15022,-397.750
15023,-389.100
15024,-391.500
15025,-394.050
15026,-396.225
15027,-398.575
15028,-400.650
15029,-393.200
15030,-395.275
15031,-397.825
15032,-399.875
15033,-402.175
15034,-393.750
15035,-396.350
15036,-398.925
15037,-401.150
15038,-402.750
15039,-405.425
15040,-397.575
15041,-400.150
15042,-402.275
15043,-404.650
15044,-406.850
15045,-383.400
15046,-401.150
15047,-403.100
15048,-405.700
15049,-382.425
15050,-384.700
15051,-386.275
15052,-404.575
15053,-381.400
15054,-383.175
15055,-385.425
15056,-388.100
15057,-389.875
15058,-382.425
15059,-384.175
15060,-386.625
15061,-388.925
15062,-391.050
15063,-383.725
15064,-385.125
15065,-387.875
15066,-390.450
15067,-392.450
15068,-394.575
15069,-386.775
15070,-388.525
15071,-390.975
15072,-393.850
15073,-396.175
15074,-397.950
15075,-390.500
15076,-392.700
15077,-395.000
15078,-397.100
15079,-399.225
15080,-401.500
15081,-393.475
15082,-395.875
15083,-397.725
15084,-400.600
15085,-403.000
15086,-394.650
15087,-397.000
15088,-399.200
15089,-401.250
15090,-403.675
15091,-406.275
15092,-398.075
15093,-400.050
15094,-402.900
15095,-404.925
15096,-381.675
15097,-383.850
15098,-402.050
15099,-403.525
15100,-405.975
15101,-383.125
15102,-384.975
15103,-387.050
15104,-404.925
15105,-381.725
15106,-384.350
15107,-386.400
15108,-388.450
15109,-390.800
15110,-383.200
15111,-385.425
15112,-387.450
15113,-389.975
15114,-391.925
15115,-383.950
15116,-385.825
15117,-388.925
15118,-390.675
15119,-393.150
15120,-395.275
15121,-387.200
15122,-389.975
15123,-392.275
15124,-394.275
15125,-396.125
15126,-399.050
15127,-391.175
15128,-393.250
15129,-395.775
15130,-397.625
15131,-399.975
15132,-401.925
15133,-394.600
15134,-396.525
15135,-399.175
15136,-401.450
15137,-403.250
15138,-395.225
15139,-398.150
15140,-400.225
15141,-402.500
15142,-404.275
15143,-381.175
15144,-399.275
15145,-400.950
15146,-403.550
15147,-405.700
15148,-382.125
15149,-384.400
15150,-402.675
15151,-404.600
15152,-381.675
15153,-383.475
15154,-385.600
15155,-388.425
15156,-406.000
15157,-382.825
15158,-384.350
15159,-386.850
15160,-389.125
15161,-381.225
15162,-383.650
15163,-385.900
15164,-387.775
15165,-390.400
15166,-392.825
15167,-384.375
15168,-387.100
15169,-389.150
15170,-391.775
15171,-394.075
15172,-395.825
15173,-388.475
15174,-390.600
15175,-392.375
15176,-395.325
15177,-397.425
15178,-399.425
15179,-391.550
15180,-393.925
15181,-395.750
15182,-398.150
15183,-400.850
15184,-402.500
15185,-394.800
15186,-397.350
15187,-399.675
15188,-401.925
15189,-404.475
15190,-395.825
15191,-398.175
15192,-401.100
15193,-402.950
15194,-405.050
15195,-382.400
15196,-399.375
15197,-401.575
15198,-404.400
15199,-406.700
15200,-383.475
15201,-385.700
15202,-403.125
15203,-405.225
15204,-381.875
15205,-384.275
15206,-386.325
15207,-388.850
15208,-406.550
15209,-383.150
15210,-385.650
15211,-387.375
15212,-390.325
15213,-382.325
15214,-384.200
15215,-386.525
15216,-388.925
15217,-391.300
15218,-393.525
15219,-385.325
15220,-387.450
15221,-389.950
15222,-392.250
15223,-394.875
15224,-397.075
15225,-389.125
15226,-391.125
15227,-393.350
15228,-395.375
15229,-397.750
15230,-400.175
15231,-392.550
15232,-394.200
15233,-396.475
15234,-399.375
15235,-401.700
15236,-393.250
15237,-396.025
15238,-398.275
15239,-400.425
15240,-402.900
15241,-404.550
15242,-397.225
15243,-399.050
15244,-401.050
15245,-403.700
15246,-406.275
15247,-382.700
15248,-400.250
15249,-402.450
15250,-405.275
15251,-381.500
15252,-383.750
15253,-386.375
15254,-404.000
15255,-405.700
15256,-382.600
15257,-384.975
15258,-387.000
15259,-389.700
15260,-381.550
15261,-383.975
15262,-385.925
15263,-388.425
15264,-390.575
15265,-382.975
15266,-384.900
15267,-387.400
15268,-389.850
15269,-391.875
15270,-394.200
15271,-386.175
15272,-388.000
15273,-390.725
15274,-392.725
15275,-395.150
15276,-397.675
15277,-389.425
15278,-391.725
15279,-394.125
15280,-396.725
15281,-398.550
15282,-400.800
15283,-393.250
15284,-395.325
15285,-397.775
15286,-399.475
15287,-402.325
15288,-394.400
15289,-396.375
15290,-398.425
15291,-401.375
15292,-403.300
15293,-405.500
15294,-397.675
15295,-399.675
15296,-402.375
15297,-404.775
15298,-380.825
15299,-383.675
15300,-400.950
15301,-403.350
15302,-405.450
15303,-382.125
15304,-384.775
15305,-387.050
15306,-404.875
15307,-380.900
15308,-383.075
15309,-385.575
15310,-387.725
15311,-405.525
15312,-382.600
15313,-384.950
15314,-386.600
15315,-388.625
15316,-391.200
15317,-383.075
15318,-385.600
15319,-387.975
15320,-390.525
15321,-392.500
15322,-394.750
15323,-386.900
15324,-389.100
15325,-391.350
15326,-393.575
15327,-396.225
15328,-398.075
15329,-390.250
15330,-392.925
15331,-394.950
15332,-397.125
15333,-399.325
15334,-401.400
15335,-394.050
15336,-395.750
15337,-398.350
15338,-400.275
15339,-402.575
15340,-395.050
15341,-397.425
15342,-398.975
15343,-401.650
15344,-404.350
15345,-406.500
15346,-398.550
15347,-400.825
15348,-403.175
15349,-405.050
15350,-381.675
15351,-383.975
15352,-401.750
15353,-404.050
15354,-406.225
15355,-382.800
15356,-385.075
15357,-387.100
15358,-405.025
15359,-381.875
15360,-384.075
15361,-386.050
15362,-388.850
15363,-406.675
15364,-382.900
15365,-385.525
15366,-387.775
15367,-389.325
15368,-392.050
15369,-384.475
15370,-386.250
15371,-388.500
15372,-391.025
15373,-393.450
15374,-395.575
15375,-387.575
15376,-389.975
15377,-392.150
15378,-394.350
15379,-396.725
15380,-398.925
15381,-391.125
15382,-392.900
15383,-395.525
15384,-397.825
15385,-400.150
15386,-391.975
15387,-394.750
15388,-396.825
15389,-399.225
15390,-400.900
15391,-403.600
15392,-395.550
15393,-397.925
15394,-399.950
15395,-402.375
15396,-404.500
15397,-381.075
15398,-399.025
15399,-401.550
15400,-403.875
15401,-405.600
15402,-382.225
15403,-384.550
15404,-402.425
15405,-404.825
15406,-381.600
15407,-383.775
15408,-386.025
15409,-387.775
15410,-405.800
15411,-382.925
15412,-384.750
15413,-386.925
15414,-389.475
15415,-381.850
15416,-383.575
15417,-385.800
15418,-388.500
15419,-390.400
15420,-392.700
15421,-384.600
15422,-387.325
15423,-389.225
15424,-391.700
15425,-394.150
15426,-396.175
15427,-388.500
15428,-390.625
15429,-392.625
15430,-395.325
15431,-397.375
15432,-399.375
15433,-391.600
15434,-393.875
15435,-396.475
15436,-398.550
15437,-401.125
15438,-392.700
15439,-395.375
15440,-397.725
15441,-399.425
15442,-402.175
15443,-404.475
15444,-396.000
15445,-398.575
15446,-400.450
15447,-402.675
15448,-405.525
15449,-382.350
15450,-400.025
15451,-402.250
15452,-404.400
15453,-406.700
15454,-383.125
15455,-385.375
15456,-403.225
15457,-405.350
15458,-382.525
15459,-384.650
15460,-386.475
15461,-404.150
15462,-406.125
15463,-383.300
15464,-385.425
15465,-388.025
15466,-390.125
15467,-382.400
15468,-384.250
15469,-386.725
15470,-389.100
15471,-390.825
15472,-393.200
15473,-385.400
15474,-387.200
15475,-389.875
15476,-392.625
15477,-394.575
15478,-397.150
15479,-389.325
15480,-390.925
15481,-393.400
15482,-395.725
15483,-398.275
15484,-400.325
15485,-392.650
15486,-394.575
15487,-397.225
15488,-399.550
15489,-401.450
15490,-393.925
15491,-395.850
15492,-398.525
15493,-400.250
15494,-402.950
15495,-404.650
15496,-397.100
15497,-398.925
15498,-401.800
15499,-403.550
15500,-405.925
15501,-382.700
15502,-400.600
15503,-402.950
15504,-405.175
15505,-381.975
15506,-383.550
15507,-386.050
15508,-404.000
15509,-406.225
15510,-382.900
15511,-384.900
15512,-386.725
15513,-404.950
15514,-381.950
15515,-383.900
15516,-386.475
15517,-388.575
15518,-390.975
15519,-382.425
15520,-385.300
15521,-387.100
15522,-389.525
15523,-392.050
15524,-393.925
15525,-386.175
15526,-388.700
15527,-391.125
15528,-392.925
15529,-395.225
15530,-397.525
15531,-389.425
15532,-391.800
15533,-394.125
15534,-396.825
15535,-399.150
15536,-391.075
15537,-393.200
15538,-395.650
15539,-397.575
15540,-399.975
15541,-402.175
15542,-394.275
15543,-396.525
15544,-398.775
15545,-401.400
15546,-403.225
15547,-405.750
15548,-397.775
15549,-400.275
15550,-402.150
15551,-404.375
15552,-381.225
15553,-383.775
15554,-400.950
15555,-403.350
15556,-405.800
15557,-382.425
15558,-384.675
15559,-386.475
15560,-404.725
15561,-381.500
15562,-383.850
15563,-385.900
15564,-387.650
15565,-405.450
15566,-382.400
15567,-384.550
15568,-386.725
15569,-389.125
15570,-391.875
15571,-383.350
15572,-385.725
15573,-387.850
15574,-390.175
15575,-392.675
15576,-395.150
15577,-387.100
15578,-389.475
15579,-391.300
15580,-393.675
15581,-396.400
15582,-398.650
15583,-390.325
15584,-392.525
15585,-395.250
15586,-397.375
15587,-399.200
15588,-391.550
15589,-393.950
15590,-396.125
15591,-398.650
15592,-400.575
15593,-402.450
15594,-394.875
15595,-397.225
15596,-399.475
15597,-401.950
15598,-404.450
15599,-406.325
15600,-398.450
15601,-400.925
15602,-402.625
15603,-404.825
15604,-382.250
15605,-383.975
15606,-401.800
15607,-403.750
15608,-405.925
15609,-383.025
15610,-384.975
15611,-377.400
15612,-405.500
15613,-382.175
15614,-384.550
15615,-386.350
15616,-389.100
15617,-406.425
15618,-383.150
15619,-384.900
15620,-387.400
15621,-389.675
15622,-391.875
15623,-383.875
15624,-386.400
15625,-389.150
15626,-390.825
15627,-393.400
15628,-395.575
15629,-387.825
15630,-390.225
15631,-392.225
15632,-394.200
15633,-396.300
15634,-399.025
15635,-390.625
15636,-393.200
15637,-395.425
15638,-397.925
15639,-399.950
15640,-392.400
15641,-394.850
15642,-396.925
15643,-398.775
15644,-401.400
15645,-403.775
15646,-395.450
15647,-397.925
15648,-400.225
15649,-402.450
15650,-404.450
15651,-381.550
15652,-399.025
15653,-401.450
15654,-404.075
15655,-406.325
15656,-382.700
15657,-385.000
15658,-402.850
15659,-404.925
15660,-381.625
15661,-383.850
15662,-385.700
15663,-403.975
15664,-406.000
15665,-382.900
15666,-385.150
15667,-387.150
15668,-389.300
15669,-381.875
15670,-384.075
15671,-386.150
15672,-388.750
15673,-390.725
15674,-392.725
15675,-385.075
15676,-387.050
15677,-389.225
15678,-391.450
15679,-393.825
15680,-396.650
15681,-388.175
15682,-390.725
15683,-393.050
15684,-395.475
15685,-397.725
15686,-389.100
15687,-391.425
15688,-393.975
15689,-395.975
15690,-398.575
15691,-400.500
15692,-393.275
15693,-394.850
15694,-397.475
15695,-399.625
15696,-402.050
15697,-404.725
15698,-396.275
15699,-398.325
15700,-400.950
15701,-403.125
15702,-405.525
15703,-382.525
15704,-399.750
15705,-401.725
15706,-404.700
15707,-406.875
15708,-382.900
15709,-385.925
15710,-402.950
15711,-405.550
15712,-382.425
15713,-384.675
15714,-387.000
15715,-404.650
15716,-406.600
15717,-383.525
15718,-385.125
15719,-387.725
15720,-390.025
15721,-382.250
15722,-384.775
15723,-386.300
15724,-388.925
15725,-390.925
15726,-393.825
15727,-385.475
15728,-388.100
15729,-390.075
15730,-392.725
15731,-394.750
15732,-397.625
15733,-389.125
15734,-391.150
15735,-393.500
15736,-396.275
15737,-397.875
15738,-390.025
15739,-392.650
15740,-394.400
15741,-396.675
15742,-399.175
15743,-401.650
15744,-393.625
15745,-395.650
15746,-398.125
15747,-400.850
15748,-402.375
15749,-405.275
15750,-397.350
15751,-398.975
15752,-401.700
15753,-404.200
15754,-406.225
15755,-382.925
15756,-400.150
15757,-402.675
15758,-405.400
15759,-382.050
15760,-384.150
15761,-386.525
15762,-403.750
15763,-406.025
15764,-382.825
15765,-385.375
15766,-387.600
15767,-404.975
15768,-381.625
15769,-383.975
15770,-386.275
15771,-388.425
15772,-391.325
15773,-382.650
15774,-385.075
15775,-387.575
15776,-389.575
15777,-391.875
15778,-394.500
15779,-386.525
15780,-388.850
15781,-391.350
15782,-393.400
15783,-395.250
15784,-397.475
15785,-390.225
15786,-392.375
15787,-394.250
15788,-396.475
15789,-398.675
15790,-391.250
15791,-393.300
15792,-395.350
15793,-397.850
15794,-399.975
15795,-402.000
15796,-394.200
15797,-396.550
15798,-398.450
15799,-401.525
15800,-403.775
15801,-405.925
15802,-397.775
15803,-399.875
15804,-402.500
15805,-404.550
15806,-381.175
15807,-383.775
15808,-400.900
15809,-403.650
15810,-406.100
15811,-382.325
15812,-384.600
15813,-402.500
15814,-404.175
15815,-381.600
15816,-383.175
15817,-385.750
15818,-388.075
15819,-406.075
15820,-382.725
15821,-384.375
15822,-386.975
15823,-389.525
15824,-391.775
15825,-383.575
15826,-385.700
15827,-387.850
15828,-390.725
15829,-392.925
15830,-394.650
15831,-387.250
15832,-389.250
15833,-391.725
15834,-393.825
15835,-396.425
15836,-398.425
15837,-390.875
15838,-392.775
15839,-394.875
15840,-397.625
15841,-399.750
15842,-391.825
15843,-393.950
15844,-396.275
15845,-398.475
15846,-401.150
15847,-402.850
15848,-395.225
15849,-397.750
15850,-399.775
15851,-401.650
15852,-404.475
15853,-406.350
15854,-398.275
15855,-400.650
15856,-403.100
15857,-405.125
15858,-382.300
15859,-384.075
15860,-402.175
15861,-404.300
15862,-406.650
15863,-383.400
15864,-385.075
15865,-403.300
15866,-405.625
15867,-382.425
15868,-384.650
15869,-386.300
15870,-388.525
15871,-406.275
15872,-383.250
15873,-385.700
15874,-387.575
15875,-389.975
15876,-392.625
15877,-384.000
15878,-386.900
15879,-388.675
15880,-391.025
15881,-393.725
15882,-395.525
15883,-387.950
15884,-390.050
15885,-392.275
15886,-394.750
15887,-396.825
15888,-389.125
15889,-391.550
15890,-393.775
15891,-395.425
15892,-398.275
15893,-400.250
15894,-391.975
15895,-394.600
15896,-397.175
15897,-399.475
15898,-401.800
15899,-403.900
15900,-395.675
15901,-397.775
15902,-399.975
15903,-402.650
15904,-404.875
15905,-381.775
15906,-399.075
15907,-401.250
15908,-403.875
15909,-406.125
15910,-382.450
15911,-384.800
15912,-402.625
15913,-405.300
15914,-381.275
15915,-383.775
15916,-386.075
15917,-404.100
15918,-405.750
15919,-382.975
15920,-385.050
15921,-387.150
15922,-389.875
15923,-381.650
15924,-383.850
15925,-386.325
15926,-388.750
15927,-391.050
15928,-393.075
15929,-384.800
15930,-387.450
15931,-389.425
15932,-392.100
15933,-394.125
15934,-396.725
15935,-388.350
15936,-390.775
15937,-393.300
15938,-395.525
15939,-397.475
15940,-389.525
15941,-392.050
15942,-394.375
15943,-396.725
15944,-398.525
15945,-400.800
15946,-392.925
15947,-395.225
15948,-397.875
15949,-399.850
15950,-402.325
15951,-404.500
15952,-396.875
15953,-398.575
15954,-401.250
15955,-403.450
15956,-405.775
15957,-381.950
15958,-400.250
15959,-402.050
15960,-404.650
15961,-381.050
15962,-383.575
15963,-401.150
15964,-403.225
15965,-405.275
15966,-382.300
15967,-384.550
15968,-386.625
15969,-404.300
15970,-380.875
15971,-383.275
15972,-385.725
15973,-387.725
15974,-390.275
15975,-382.125
15976,-384.850
15977,-386.900
15978,-388.700
15979,-391.600
15980,-393.925
15981,-385.500
15982,-387.925
15983,-390.025
15984,-392.325
15985,-394.400
15986,-396.975
15987,-388.700
15988,-391.325
15989,-393.300
15990,-395.675
15991,-398.650
15992,-390.050
15993,-393.025
15994,-394.825
15995,-397.250
15996,-399.850
15997,-401.450
15998,-393.975
15999,-396.350
16000,-398.250
16001,-400.375
16002,-402.675
16003,-405.625
16004,-397.475
16005,-399.825
16006,-401.650
16007,-404.000
16008,-405.900
16009,-383.175
16010,-400.500
16011,-403.100
16012,-405.400
16013,-382.125
16014,-384.275
16015,-402.125
16016,-403.800
16017,-406.025
16018,-383.025
16019,-385.325
16020,-387.175
16021,-405.025
16022,-381.725
16023,-384.200
16024,-386.575
16025,-388.750
16026,-390.825
16027,-383.250
16028,-385.275
16029,-387.775
16030,-389.675
16031,-392.275
16032,-394.350
16033,-386.375
16034,-388.975
16035,-391.150
16036,-393.500
16037,-395.875
16038,-387.775
16039,-390.325
16040,-392.200
16041,-394.300
16042,-396.300
16043,-398.950
16044,-391.350
16045,-393.175
16046,-395.850
16047,-397.750
16048,-400.575
16049,-402.325
16050,-394.650
16051,-396.725
16052,-399.250
16053,-401.650
16054,-403.775
16055,-405.850
16056,-397.875
16057,-400.450
16058,-402.050
16059,-404.575
16060,-381.600
16061,-383.300
16062,-401.525
16063,-403.950
16064,-406.200
16065,-382.700
16066,-385.175
16067,-402.675
16068,-404.600
16069,-381.600
16070,-383.750
16071,-386.000
16072,-388.475
16073,-405.900
16074,-382.800
16075,-385.200
16076,-387.400
16077,-389.225
16078,-391.350
16079,-383.525
16080,-385.650
16081,-388.075
16082,-390.625
16083,-393.200
16084,-395.450
16085,-387.500
16086,-389.100
16087,-391.925
16088,-394.250
16089,-396.175
16090,-388.025
16091,-390.275
16092,-393.075
16093,-395.450
16094,-397.675
16095,-399.275
16096,-391.925
16097,-394.350
16098,-396.125
16099,-398.250
16100,-401.150
16101,-403.050
16102,-395.550
16103,-397.375
16104,-400.025
16105,-402.325
16106,-404.700
16107,-380.775
16108,-398.250
16109,-400.750
16110,-403.225
16111,-405.550
16112,-382.125
16113,-400.025
16114,-402.275
16115,-404.650
16116,-381.300
16117,-383.475
16118,-385.650
16119,-402.950
16120,-405.850
16121,-382.325
16122,-384.600
16123,-386.600
16124,-389.200
16125,-380.900
16126,-383.025
16127,-385.300
16128,-387.525
16129,-389.925
16130,-392.650
16131,-384.525
16132,-386.275
16133,-388.800
16134,-391.125
16135,-393.775
16136,-395.475
16137,-387.600
16138,-390.275
16139,-392.725
16140,-394.950
16141,-397.075
16142,-388.950
16143,-391.425
16144,-393.950
16145,-395.775
16146,-397.825
16147,-400.700
16148,-392.525
16149,-394.650
16150,-397.225
16151,-399.325
16152,-401.350
16153,-403.700
16154,-395.625
16155,-398.225
16156,-400.050
16157,-402.900
16158,-404.750
16159,-381.650
16160,-399.625
16161,-401.200
16162,-403.450
16163,-406.550
16164,-383.075
16165,-400.275
16166,-402.625
16167,-404.725
16168,-381.950
16169,-384.375
16170,-386.525
16171,-403.525
16172,-405.700
16173,-382.600
16174,-385.275
16175,-386.925
16176,-389.650
16177,-382.025
16178,-384.375
16179,-386.125
16180,-388.875
16181,-390.925
16182,-392.875
16183,-384.975
16184,-387.575
16185,-389.625
16186,-392.050
16187,-394.600
16188,-386.175
16189,-388.875
16190,-391.050
16191,-393.250
16192,-395.475
16193,-397.625
16194,-390.125
16195,-392.250
16196,-394.275
16197,-396.675
16198,-399.075
16199,-401.375
16200,-393.575
16201,-395.575
16202,-397.950
16203,-399.850
16204,-402.375
16205,-404.475
16206,-396.475
16207,-398.775
16208,-401.050
16209,-403.150
16210,-405.700
16211,-382.250
16212,-400.375
16213,-401.900
16214,-404.750
16215,-381.500
16216,-383.750
16217,-400.825
16218,-403.800
16219,-405.700
16220,-382.725
16221,-384.250
16222,-387.300
16223,-404.400
16224,-381.175
16225,-383.850
16226,-386.125
16227,-388.225
16228,-390.225
16229,-382.450
16230,-384.950
16231,-386.675
16232,-389.225
16233,-391.775
16234,-393.775
16235,-385.700
16236,-388.400
16237,-390.050
16238,-392.875
16239,-395.000
16240,-386.925
16241,-389.625
16242,-391.325
16243,-393.950
16244,-396.275
16245,-398.250
16246,-390.025
16247,-392.975
16248,-395.000
16249,-397.100
16250,-399.875
16251,-401.725
16252,-393.850
16253,-396.025
16254,-398.025
16255,-400.600
16256,-403.025
16257,-405.225
16258,-397.575
16259,-399.575
16260,-401.825
16261,-404.450
16262,-406.425
16263,-372.975
16264,-400.750
16265,-403.225
16266,-405.450
16267,-382.125
16268,-384.200
16269,-402.050
16270,-404.575
16271,-406.225
16272,-383.300
16273,-384.850
16274,-387.850
16275,-405.175
16276,-382.400
16277,-384.150
16278,-386.475
16279,-388.675
16280,-390.975
16281,-382.975
16282,-385.225
16283,-387.875
16284,-389.950
16285,-392.425
16286,-394.600
16287,-386.725
16288,-388.875
16289,-391.175
16290,-393.500
16291,-396.225
16292,-387.575
16293,-390.075
16294,-392.375
16295,-394.800
16296,-396.775
16297,-399.525
16298,-391.025
16299,-393.375
16300,-395.850
16301,-398.275
16302,-399.975
16303,-402.375
16304,-394.500
16305,-396.775
16306,-399.350
16307,-401.750
16308,-404.100
16309,-405.800
16310,-398.150
16311,-400.275
16312,-402.450
16313,-404.850
16314,-381.400
16315,-399.025
16316,-401.100
16317,-403.350
16318,-405.700
16319,-383.025
16320,-384.675
16321,-402.375
16322,-405.225
16323,-381.500
16324,-383.875
16325,-385.750
16326,-388.475
16327,-405.875
16328,-382.350
16329,-384.950
16330,-387.200
16331,-389.425
16332,-392.050
16333,-383.775
16334,-386.175
16335,-388.600
16336,-390.400
16337,-392.650
16338,-385.225
16339,-387.050
16340,-389.675
16341,-392.100
16342,-393.950
16343,-396.550
16344,-388.500
16345,-391.175
16346,-393.300
16347,-394.925
16348,-397.325
16349,-399.825
16350,-391.875
16351,-394.350
16352,-396.375
16353,-398.825
16354,-400.850
16355,-403.350
16356,-395.325
16357,-397.250
16358,-399.575
16359,-401.650
16360,-404.475
16361,-381.450
16362,-399.025
16363,-400.575
16364,-403.550
16365,-405.800
16366,-382.250
16367,-400.000
16368,-402.250
16369,-404.200
16370,-380.675
16371,-383.375
16372,-385.850
16373,-403.425
16374,-405.625
16375,-382.550
16376,-384.800
16377,-386.625
16378,-388.825
16379,-381.400
16380,-383.550
16381,-385.925
16382,-388.150
16383,-389.825
16384,-392.600
16385,-384.800
16386,-386.725
16387,-388.925
16388,-391.675
16389,-393.725
16390,-385.575
16391,-387.800
16392,-390.075
16393,-392.150
16394,-394.500
16395,-396.925
16396,-388.950
16397,-391.300
16398,-393.875
16399,-395.650
16400,-398.025
16401,-400.375
16402,-392.900
16403,-395.050
16404,-397.425
16405,-398.975
16406,-401.800
16407,-404.000
16408,-395.650
16409,-398.125
16410,-400.225
16411,-402.850
16412,-404.925
16413,-381.450
16414,-399.075
16415,-401.850
16416,-404.275
16417,-406.375
16418,-383.125
16419,-400.850
16420,-403.225
16421,-404.725
16422,-381.925
16423,-384.200
16424,-386.175
16425,-404.400
16426,-406.500
16427,-383.175
16428,-384.900
16429,-387.200
16430,-390.125
16431,-382.250
16432,-383.875
16433,-386.350
16434,-388.375
16435,-391.150
16436,-393.025
16437,-385.500
16438,-387.400
16439,-390.175
16440,-392.525
16441,-394.400
16442,-386.475
16443,-388.700
16444,-390.925
16445,-393.475
16446,-395.175
16447,-398.075
16448,-389.500
16449,-392.425
16450,-393.950
16451,-396.825
16452,-398.950
16453,-401.100
16454,-393.275
16455,-395.175
16456,-397.525
16457,-400.175
16458,-402.525
16459,-404.700
16460,-396.825
16461,-399.125
16462,-401.500
16463,-403.875
16464,-405.875
16465,-397.675
16466,-400.275
16467,-402.500
16468,-404.400
16469,-381.100
16470,-383.650
16471,-401.550
16472,-403.450
16473,-405.550
16474,-382.600
16475,-385.000
16476,-386.675
16477,-404.950
16478,-381.725
16479,-383.300
16480,-385.925
16481,-388.400
16482,-390.375
16483,-382.725
16484,-384.800
16485,-387.250
16486,-389.700
16487,-392.050
16488,-394.125
16489,-385.650
16490,-388.225
16491,-390.125
16492,-393.150
16493,-394.650
16494,-386.700
16495,-389.525
16496,-391.425
16497,-394.025
16498,-396.575
16499,-398.375
16500,-390.675
16501,-392.900
16502,-395.350
16503,-397.450
16504,-399.950
16505,-402.125
16506,-393.950
16507,-396.025
16508,-398.850
16509,-400.575
16510,-403.150
16511,-405.075
16512,-397.450
16513,-399.475
16514,-402.150
16515,-404.250
16516,-406.550
16517,-398.650
16518,-401.250
16519,-403.050
16520,-405.500
16521,-382.175
16522,-384.625
16523,-401.850
16524,-404.500
16525,-406.600
16526,-383.350
16527,-385.075
16528,-387.925
16529,-405.125
16530,-382.175
16531,-384.425
16532,-386.575
16533,-389.250
16534,-390.825
16535,-383.475
16536,-385.175
16537,-387.875
16538,-390.075
16539,-392.000
16540,-384.750
16541,-386.525
16542,-389.025
16543,-391.300
16544,-393.375
16545,-396.075
16546,-387.875
16547,-390.300
16548,-392.450
16549,-394.275
16550,-397.275
16551,-399.125
16552,-391.175
16553,-393.525
16554,-395.750
16555,-397.975
16556,-400.375
16557,-402.650
16558,-395.000
16559,-396.675
16560,-399.250
16561,-401.800
16562,-403.950
16563,-406.075
16564,-398.350
16565,-400.700
16566,-402.500
16567,-404.850
16568,-381.725
16569,-399.425
16570,-401.800
16571,-403.600
16572,-406.350
16573,-383.125
16574,-385.175
16575,-403.050
16576,-405.075
16577,-381.950
16578,-383.800
16579,-386.475
16580,-388.175
16581,-406.450
16582,-383.175
16583,-385.075
16584,-387.500
16585,-389.425
16586,-392.000
16587,-384.075
16588,-385.750
16589,-388.575
16590,-390.775
16591,-392.900
16592,-385.450
16593,-387.575
16594,-389.675
16595,-391.575
16596,-394.550
16597,-396.775
16598,-388.750
16599,-390.975
16600,-393.050
16601,-395.275
16602,-397.575
16603,-400.225
16604,-392.150
16605,-394.375
16606,-396.650
16607,-399.050
16608,-401.000
16609,-403.425
16610,-395.750
16611,-397.950
16612,-400.075
16613,-402.175
16614,-404.475
16615,-396.825
16616,-398.325
16617,-401.050
16618,-403.775
16619,-405.975
16620,-382.700
16621,-399.850
16622,-402.250
16623,-404.600
16624,-380.900
16625,-383.375
16626,-385.525
16627,-403.675
16628,-405.900
16629,-382.600
16630,-384.400
16631,-386.725
16632,-389.225
16633,-380.875
16634,-383.725
16635,-386.050
16636,-388.075
16637,-390.650
16638,-392.900
16639,-384.800
16640,-387.100
16641,-389.525
16642,-391.350
16643,-393.750
16644,-385.850
16645,-388.275
16646,-390.650
16647,-392.675
16648,-395.000
16649,-397.100
16650,-389.100
16651,-391.350
16652,-394.125
16653,-396.350
16654,-398.575
16655,-400.900
16656,-392.975
16657,-395.250
16658,-396.825
16659,-399.725
16660,-402.100
16661,-404.050
16662,-396.550
16663,-398.525
16664,-400.600
16665,-402.950
16666,-405.125
16667,-397.150
16668,-399.325
16669,-401.850
16670,-403.700
16671,-406.325
16672,-383.350
16673,-401.000
16674,-403.025
16675,-405.500
16676,-381.875
16677,-384.375
16678,-386.700
16679,-404.075
16680,-406.375
16681,-382.800
16682,-385.275
16683,-387.450
16684,-389.575
16685,-381.850
16686,-384.550
16687,-386.550
16688,-388.600
16689,-391.125
16690,-383.250
16691,-385.575
16692,-387.100
16693,-390.050
16694,-392.100
16695,-394.700
16696,-386.300
16697,-389.150
16698,-390.925
16699,-393.200
16700,-395.875
16701,-397.925
16702,-389.950
16703,-392.150
16704,-394.475
16705,-397.025
16706,-399.175
16707,-401.450
16708,-393.400
16709,-395.725
16710,-398.350
16711,-399.925
16712,-402.775
16713,-404.750
16714,-397.025
16715,-398.975
16716,-401.900
16717,-403.425
16718,-406.325
16719,-397.625
16720,-400.450
16721,-402.100
16722,-405.225
16723,-381.625
16724,-383.775
16725,-401.250
16726,-403.475
16727,-406.125
16728,-382.500
16729,-385.125
16730,-386.925
16731,-405.125
16732,-381.400
16733,-383.750
16734,-385.800
16735,-388.325
16736,-390.725
16737,-382.800
16738,-385.075
16739,-387.500
16740,-389.225
16741,-391.500
16742,-384.150
16743,-385.650
16744,-388.275
16745,-390.600
16746,-392.775
16747,-395.075
16748,-387.300
16749,-389.575
16750,-391.425
16751,-394.450
16752,-396.675
16753,-398.825
16754,-390.700
16755,-392.700
16756,-395.150
16757,-397.675
16758,-399.525
16759,-402.050
16760,-393.850
16761,-396.775
16762,-398.425
16763,-401.150
16764,-402.750
16765,-395.250
16766,-397.625
16767,-399.425
16768,-402.000
16769,-404.350
16770,-381.000
16771,-398.750
16772,-401.050
16773,-403.050
16774,-405.350
16775,-382.125
16776,-384.550
16777,-402.125
16778,-404.825
16779,-381.300
16780,-383.525
16781,-385.525
16782,-388.025
16783,-405.550
16784,-382.175
16785,-384.150
16786,-386.450
16787,-388.950
16788,-390.975
16789,-383.475
16790,-385.375
16791,-388.325
16792,-390.425
16793,-392.800
16794,-384.800
16795,-387.100
16796,-389.100
16797,-391.350
16798,-393.100
16799,-396.225
16800,-388.225
16801,-389.875
16802,-392.925
16803,-395.075
16804,-396.725
16805,-398.950
16806,-391.300
16807,-393.575
16808,-395.975
16809,-398.275
16810,-400.250
16811,-402.575
16812,-395.025
16813,-397.350
16814,-399.150
16815,-401.850
16816,-404.250
16817,-395.775
16818,-398.150
16819,-400.325
16820,-402.375
16821,-404.925
16822,-382.050
16823,-399.525
16824,-401.800
16825,-403.875
16826,-406.175
16827,-382.975
16828,-384.900
16829,-402.450
16830,-405.050
16831,-381.650
16832,-384.375
16833,-386.525
16834,-388.375
16835,-406.125
16836,-382.825
16837,-384.950
16838,-387.650
16839,-389.925
16840,-381.875
16841,-384.275
16842,-386.225
16843,-388.475
16844,-391.125
16845,-393.200
16846,-385.525
16847,-387.650
16848,-389.675
16849,-392.625
16850,-394.450
16851,-396.650
16852,-389.050
16853,-391.150
16854,-393.375
16855,-395.550
16856,-398.025
16857,-399.775
16858,-391.875
16859,-394.200
16860,-396.375
16861,-398.725
16862,-401.450
16863,-403.475
16864,-395.075
16865,-397.550
16866,-400.025
16867,-402.375
16868,-404.925
16869,-397.025
16870,-399.225
16871,-401.100
16872,-403.475
16873,-405.625
16874,-382.600
16875,-400.250
16876,-402.675
16877,-404.600
16878,-381.250
16879,-384.000
16880,-385.750
16881,-403.100
16882,-405.925
16883,-382.600
16884,-384.900
16885,-387.125
16886,-388.925
16887,-381.300
16888,-383.950
16889,-386.125
16890,-387.875
16891,-390.575
16892,-382.700
16893,-384.900
16894,-386.625
16895,-389.475
16896,-391.825
16897,-394.125
16898,-385.825
16899,-388.400
16900,-390.525
16901,-392.975
16902,-395.075
16903,-397.150
16904,-389.125
16905,-391.500
16906,-393.675
16907,-396.525
16908,-398.575
16909,-400.650
16910,-392.325
16911,-394.875
16912,-397.325
16913,-399.825
16914,-401.650
16915,-394.300
16916,-396.400
16917,-398.550
16918,-400.800
16919,-403.300
16920,-405.550
16921,-397.750
16922,-399.425
16923,-401.900
16924,-403.975
16925,-406.575
16926,-383.350
16927,-401.050
16928,-403.050
16929,-405.350
16930,-382.350
16931,-384.600
16932,-386.400
16933,-403.700
16934,-406.850
16935,-383.200
16936,-385.425
16937,-387.775
16938,-390.450
16939,-382.450
16940,-384.600
16941,-386.775
16942,-388.600
16943,-391.450
16944,-383.575
16945,-385.150
16946,-387.500
16947,-389.800
16948,-392.450
16949,-395.000
16950,-386.275
16951,-389.050
16952,-391.350
16953,-393.200
16954,-395.775
16955,-398.175
16956,-389.950
16957,-392.325
16958,-394.925
16959,-396.875
16960,-399.150
16961,-401.700
16962,-393.775
16963,-396.075
16964,-398.375
16965,-400.500
16966,-402.900
16967,-394.350
16968,-397.075
16969,-398.975
16970,-401.850
16971,-403.475
16972,-405.925
16973,-398.075
16974,-399.950
16975,-402.175
16976,-405.325
16977,-381.775
16978,-383.750
16979,-401.650
16980,-403.650
16981,-405.925
16982,-383.125
16983,-384.700
16984,-386.900
16985,-404.875
16986,-381.675
16987,-384.100
16988,-386.000
16989,-388.750
16990,-390.700
16991,-383.125
16992,-385.000
16993,-387.600
16994,-389.950
16995,-392.200
16996,-383.875
16997,-386.025
16998,-388.350
16999,-390.775
17000,-393.075
17001,-395.650
17002,-387.050
17003,-389.925
17004,-391.500
17005,-394.125
17006,-396.075
17007,-398.575
17008,-390.725
17009,-392.800
17010,-395.250
17011,-397.775
17012,-399.925
17013,-402.050
17014,-394.175
17015,-396.375
17016,-398.950
17017,-401.350
17018,-403.375
17019,-395.125
17020,-397.450
17021,-399.775
17022,-402.275
17023,-404.250
17024,-380.950
17025,-398.775
17026,-400.750
17027,-403.225
17028,-405.550
17029,-382.450
17030,-384.350
17031,-402.450
17032,-404.700
17033,-381.500
17034,-383.750
17035,-386.025
17036,-387.575
17037,-405.500
17038,-382.450
17039,-384.500
17040,-386.925
17041,-388.800
17042,-381.450
17043,-383.475
17044,-385.925
17045,-387.575
17046,-390.625
17047,-392.500
17048,-384.700
17049,-387.025
17050,-389.400
17051,-391.400
17052,-393.675
17053,-395.825
17054,-387.850
17055,-390.625
17056,-392.775
17057,-395.050
17058,-397.475
17059,-399.825
17060,-391.725
17061,-393.950
17062,-395.850
17063,-398.075
17064,-400.900
17065,-403.225
17066,-394.575
17067,-397.025
17068,-399.275
17069,-401.525
17070,-404.300
17071,-396.350
17072,-398.375
17073,-400.600
17074,-403.225
17075,-405.300
17076,-381.775
17077,-399.325
17078,-401.700
17079,-404.400
17080,-406.275
17081,-383.175
17082,-384.950
17083,-403.100
17084,-405.350
17085,-382.200
17086,-384.350
17087,-386.350
17088,-388.375
17089,-406.675
17090,-383.075
17091,-385.600
17092,-387.450
17093,-389.425
17094,-382.025
17095,-384.200
17096,-386.250
17097,-389.000
17098,-391.075
17099,-393.175
17100,-385.175
17101,-387.975
17102,-389.925
17103,-391.775
17104,-394.075
17105,-396.550
17106,-388.500
17107,-391.075
17108,-393.300
17109,-395.725
17110,-398.125
17111,-399.950
17112,-392.450
17113,-394.300
17114,-396.675
17115,-399.350
17116,-401.500
17117,-393.550
17118,-395.875
17119,-397.950
17120,-400.275
17121,-402.175
17122,-404.375
17123,-396.775
17124,-398.875
17125,-401.250
17126,-403.550
17127,-405.600
17128,-382.675
17129,-400.500
17130,-402.275
17131,-404.850
17132,-381.675
17133,-384.075
17134,-385.825
17135,-403.325
17136,-406.325
17137,-382.550
17138,-384.700
17139,-387.300
17140,-389.675
17141,-381.550
17142,-383.775
17143,-385.850
17144,-388.225
17145,-390.600
17146,-382.825
17147,-385.225
17148,-387.025
17149,-389.325
17150,-392.000
17151,-393.925
17152,-386.150
17153,-388.100
17154,-390.875
17155,-392.525
17156,-395.125
17157,-397.100
17158,-389.575
17159,-391.825
17160,-393.775
17161,-396.075
17162,-398.350
17163,-401.100
17164,-392.800
17165,-395.150
17166,-397.775
17167,-400.025
17168,-402.000
17169,-393.875
17170,-396.375
17171,-398.775
17172,-400.850
17173,-402.775
17174,-405.350
17175,-397.375
17176,-399.425
17177,-402.325
17178,-404.250
17179,-406.750
17180,-383.250
17181,-400.800
17182,-403.475
17183,-405.500
17184,-382.350
17185,-384.150
17186,-386.725
17187,-404.000
17188,-406.825
17189,-383.350
17190,-385.725
17191,-388.075
17192,-405.800
17193,-382.400
17194,-384.650
17195,-386.925
17196,-388.625
17197,-391.350
17198,-383.175
17199,-385.425
17200,-388.000
17201,-390.300
17202,-392.625
17203,-394.650
17204,-386.300
17205,-388.850
17206,-391.500
17207,-393.675
17208,-395.850
17209,-397.925
17210,-390.375
17211,-392.150
17212,-395.050
17213,-397.175
17214,-399.175
17215,-401.500
17216,-393.850
17217,-395.775
17218,-398.250
17219,-400.500
17220,-402.850
17221,-394.850
17222,-396.775
17223,-399.225
17224,-401.750
17225,-404.175
17226,-406.425
17227,-398.350
17228,-400.325
17229,-402.900
17230,-405.225
17231,-382.050
17232,-384.100
17233,-401.750
17234,-404.200
17235,-406.100
17236,-383.150
17237,-384.675
17238,-386.925
17239,-404.975
17240,-381.625
17241,-383.800
17242,-386.400
17243,-388.450
17244,-406.100
17245,-382.725
17246,-385.500
17247,-387.625
17248,-389.725
17249,-392.275
17250,-384.050
17251,-386.600
17252,-388.850
17253,-391.125
17254,-392.800
17255,-395.675
17256,-387.600
17257,-389.225
17258,-392.275
17259,-394.625
17260,-396.725
17261,-399.075
17262,-391.225
17263,-393.350
17264,-395.325
17265,-397.625
17266,-399.975
17267,-391.875
17268,-394.275
17269,-396.550
17270,-398.675
17271,-401.150
17272,-403.250
17273,-395.675
17274,-397.950
17275,-400.025
17276,-401.925
17277,-404.250
17278,-381.550
17279,-399.075
17280,-401.100
17281,-403.800
17282,-405.800
17283,-382.350
17284,-384.300
17285,-402.525
17286,-404.700
17287,-381.500
17288,-383.400
17289,-386.125
17290,-387.850
17291,-405.650
17292,-382.650
17293,-384.975
17294,-386.800
17295,-389.225
17296,-381.050
17297,-383.075
17298,-385.975
17299,-387.950
17300,-390.625
17301,-392.825
17302,-384.550
17303,-387.200
17304,-389.475
17305,-391.700
17306,-393.500
17307,-395.775
17308,-388.175
17309,-390.400
17310,-392.975
17311,-395.225
17312,-397.375
17313,-399.425
17314,-391.800
17315,-393.750
17316,-396.025
17317,-398.775
17318,-400.950
17319,-392.675
17320,-395.125
17321,-397.250
17322,-399.750
17323,-401.900
17324,-404.100
17325,-396.225
17326,-398.825
17327,-400.600
17328,-402.850
17329,-404.975
17330,-381.550
17331,-399.825
17332,-401.925
17333,-404.200
17334,-406.225
17335,-383.250
17336,-385.225
17337,-403.225
17338,-405.500
17339,-382.175
17340,-384.250
17341,-386.075
17342,-404.575
17343,-406.200
17344,-382.975
17345,-385.050
17346,-387.600
17347,-389.975
17348,-382.350
17349,-384.275
17350,-386.725
17351,-388.800
17352,-390.700
17353,-393.300
17354,-385.225
17355,-387.725
17356,-389.950
17357,-392.225
17358,-394.600
17359,-397.175
17360,-389.050
17361,-390.975
17362,-393.825
17363,-395.925
17364,-397.775
17365,-400.250
17366,-392.675
17367,-394.450
17368,-396.650
17369,-399.350
17370,-401.350
17371,-393.300
17372,-395.750
17373,-398.225
17374,-400.325
17375,-402.275
17376,-404.975
17377,-396.725
17378,-398.850
17379,-401.850
17380,-403.350
17381,-406.225
17382,-382.725
17383,-400.350
17384,-402.500
17385,-405.225
17386,-381.825
17387,-383.625
17388,-386.275
17389,-403.775
17390,-406.275
17391,-382.325
17392,-385.275
17393,-387.300
17394,-404.925
17395,-381.675
17396,-383.975
17397,-385.975
17398,-388.225
17399,-390.300
17400,-383.025
17401,-385.125
17402,-387.600
17403,-389.675
17404,-392.125
17405,-394.250
17406,-385.650
17407,-388.575
17408,-390.725
17409,-393.250
17410,-395.550
17411,-397.775
17412,-389.325
17413,-391.825
17414,-394.400
17415,-396.350
17416,-398.375
17417,-390.550
17418,-393.275
17419,-395.375
17420,-397.825
17421,-399.850
17422,-402.000
17423,-394.275
17424,-396.725
17425,-398.750
17426,-401.050
17427,-403.350
17428,-405.850
17429,-397.825
17430,-400.225
17431,-402.375
17432,-404.725
17433,-380.850
17434,-383.450
17435,-400.850
17436,-403.550
17437,-405.975
17438,-382.050
17439,-384.350
17440,-386.625
17441,-404.450
17442,-381.450
17443,-383.725
17444,-385.750
17445,-387.875
17446,-406.000
17447,-382.600
17448,-384.150
17449,-386.525
17450,-389.100
17451,-391.700
17452,-383.075
17453,-385.725
17454,-388.000
17455,-390.650
17456,-392.375
17457,-394.750
17458,-387.100
17459,-389.425
17460,-391.700
17461,-393.575
17462,-395.825
17463,-398.275
17464,-390.150
17465,-392.450
17466,-394.700
17467,-397.275
17468,-399.475
17469,-391.725
17470,-393.650
17471,-396.300
17472,-398.075
17473,-400.600
17474,-402.725
17475,-394.575
17476,-397.450
17477,-399.350
17478,-401.450
17479,-404.050
17480,-406.225
17481,-398.475
17482,-400.575
17483,-402.725
17484,-404.875
17485,-381.600
17486,-383.950
17487,-401.500
17488,-404.275
17489,-406.075
17490,-383.125
17491,-385.075
17492,-376.925
17493,-404.850
17494,-381.775
17495,-384.100
17496,-386.325
17497,-388.625
17498,-406.275
17499,-383.025
17500,-385.175
17501,-387.050
17502,-389.875
17503,-392.050
17504,-384.300
17505,-386.675
17506,-388.625
17507,-390.825
17508,-393.400
17509,-395.825
17510,-387.625
17511,-389.650
17512,-392.050
17513,-394.375
17514,-396.725
17515,-398.850
17516,-390.650
17517,-393.200
17518,-395.425
17519,-397.975
17520,-399.825
17521,-392.100
17522,-394.400
17523,-396.825
17524,-398.975
17525,-401.100
17526,-403.550
17527,-395.925
17528,-397.825
17529,-400.275
17530,-402.375
17531,-404.650
17532,-381.450
17533,-399.025
17534,-401.375
17535,-403.550
17536,-405.550
17537,-382.700
17538,-384.450
17539,-402.350
17540,-404.550
17541,-381.675
17542,-383.275
17543,-385.575
17544,-403.550
17545,-405.500
17546,-382.800
17547,-384.700
17548,-387.150
17549,-389.200
17550,-381.225
17551,-383.950
17552,-386.025
17553,-388.000
17554,-390.175
17555,-392.675
17556,-385.200
17557,-387.050
17558,-389.700
17559,-391.875
17560,-394.025
17561,-396.075
17562,-388.100
17563,-390.500
17564,-393.100
17565,-395.375
17566,-397.025
17567,-389.700
17568,-391.550
17569,-394.250
17570,-396.225
17571,-398.250
17572,-400.825
17573,-392.625
17574,-394.850
17575,-397.650
17576,-399.775
17577,-401.800
17578,-404.600
17579,-396.275
17580,-398.350
17581,-400.800
17582,-402.725
17583,-405.700
17584,-382.350
17585,-400.075
17586,-402.275
17587,-404.200
17588,-406.850
17589,-382.825
17590,-385.125
17591,-403.000
17592,-405.400
17593,-382.225
17594,-384.375
17595,-386.800
17596,-404.275
17597,-406.900
17598,-383.475
17599,-385.725
17600,-388.100
17601,-390.375
17602,-382.450
17603,-384.200
17604,-386.925
17605,-388.400
17606,-391.175
17607,-393.775
17608,-385.325
17609,-387.575
17610,-389.825
17611,-392.425
17612,-394.750
17613,-396.600
17614,-388.950
17615,-391.175
17616,-393.025
17617,-396.125
17618,-398.350
17619,-389.875
17620,-392.725
17621,-394.350
17622,-396.725
17623,-399.475
17624,-401.150
17625,-393.175
17626,-396.125
17627,-398.425
17628,-400.750
17629,-402.550
17630,-405.050
17631,-397.150
17632,-399.275
17633,-401.900
17634,-403.550
17635,-405.650
17636,-383.175
17637,-400.750
17638,-402.775
17639,-404.775
17640,-381.600
17641,-384.150
17642,-386.150
17643,-404.200
17644,-406.075
17645,-383.125
17646,-385.075
17647,-386.900
17648,-405.125
17649,-381.675
17650,-383.550
17651,-386.025
17652,-388.425
17653,-391.150
17654,-383.175
17655,-385.325
17656,-386.925
17657,-389.925
17658,-392.325
17659,-394.400
17660,-385.925
17661,-388.500
17662,-390.775
17663,-393.275
17664,-395.000
17665,-397.625
17666,-389.600
17667,-392.250
17668,-394.150
17669,-396.225
17670,-399.050
17671,-390.800
17672,-393.350
17673,-395.450
17674,-397.625
17675,-399.850
17676,-402.325
17677,-394.500
17678,-396.275
17679,-398.875
17680,-401.400
17681,-403.250
17682,-405.850
17683,-397.575
17684,-399.750
17685,-401.850
17686,-404.450
17687,-381.525
17688,-383.300
17689,-401.300
17690,-403.150
17691,-405.550
17692,-382.325
17693,-384.550
17694,-402.100
17695,-404.475
17696,-381.525
17697,-383.275
17698,-386.075
17699,-388.175
17700,-406.025
17701,-382.575
17702,-384.975
17703,-386.675
17704,-389.150
17705,-391.050
17706,-383.175
17707,-385.575
17708,-387.950
17709,-390.400
17710,-392.875
17711,-394.875
17712,-386.850
17713,-389.125
17714,-391.875
17715,-393.675
17716,-395.875
17717,-398.325
17718,-390.700
17719,-392.450
17720,-394.575
17721,-397.075
17722,-399.375
17723,-391.875
17724,-394.175
17725,-395.925
17726,-398.375
17727,-400.825
17728,-402.750
17729,-395.175
17730,-397.125
17731,-399.150
17732,-402.050
17733,-404.500
17734,-406.375
17735,-398.350
17736,-400.575
17737,-402.950
17738,-405.400
17739,-381.850
17740,-384.175
17741,-402.125
17742,-403.700
17743,-406.600
17744,-383.075
17745,-385.125
17746,-403.150
17747,-405.175
17748,-381.675
17749,-384.175
17750,-386.250
17751,-388.700
17752,-406.550
17753,-383.300
17754,-385.325
17755,-387.375
17756,-389.475
17757,-391.875
17758,-384.150
17759,-386.075
17760,-388.625
17761,-391.400
17762,-393.025
17763,-395.225
17764,-387.175
17765,-390.275
17766,-392.150
17767,-394.450
17768,-397.075
17769,-388.900
17770,-391.500
17771,-393.350
17772,-395.925
17773,-398.250
17774,-400.000
17775,-392.200
17776,-394.700
17777,-397.025
17778,-399.100
17779,-401.500
17780,-403.550
17781,-395.750
17782,-397.925
17783,-400.275
17784,-402.775
17785,-404.825
17786,-381.450
17787,-398.625
17788,-401.200
17789,-403.850
17790,-405.700
17791,-382.725
17792,-384.675
17793,-402.325
17794,-404.400
17795,-381.500
17796,-384.050
17797,-385.650
17798,-403.800
17799,-405.625
17800,-382.650
17801,-385.075
17802,-386.925
17803,-389.425
17804,-381.550
17805,-383.750
17806,-385.750
17807,-388.050
17808,-390.500
17809,-393.075
17810,-384.600
17811,-387.100
17812,-389.425
17813,-391.450
17814,-394.350
17815,-396.450
17816,-388.150
17817,-390.725
17818,-392.925
17819,-394.875
17820,-397.525
17821,-389.675
17822,-391.875
17823,-394.500
17824,-396.125
17825,-398.625
17826,-401.100
17827,-392.925
17828,-395.475
17829,-397.575
17830,-400.075
17831,-402.325
17832,-404.075
17833,-396.375
17834,-398.175
17835,-401.125
17836,-403.125
17837,-405.650
17838,-382.400
17839,-400.075
17840,-402.325
17841,-404.375
17842,-406.900
17843,-383.050
17844,-400.575
17845,-403.100
17846,-405.700
17847,-382.050
17848,-384.175
17849,-387.025
17850,-404.500
17851,-381.275
17852,-383.650
17853,-385.700
17854,-387.825
17855,-389.700
17856,-382.325
17857,-384.800
17858,-387.050
17859,-388.975
17860,-391.225
17861,-393.275
17862,-385.750
17863,-387.975
17864,-390.525
17865,-392.775
17866,-394.750
17867,-396.825
17868,-389.050
17869,-390.975
17870,-393.575
17871,-395.575
17872,-398.375
17873,-390.175
17874,-392.700
17875,-395.125
17876,-396.925
17877,-399.625
17878,-401.900
17879,-393.650
17880,-396.225
17881,-397.775
17882,-400.800
17883,-402.900
17884,-405.075
17885,-396.625
17886,-399.725
17887,-401.500
17888,-404.000
17889,-406.125
17890,-382.975
17891,-400.175
17892,-403.100
17893,-405.400
17894,-381.825
17895,-384.350
17896,-401.500
17897,-404.275
17898,-406.225
17899,-383.175
17900,-385.075
17901,-387.775
17902,-405.425
17903,-381.675
17904,-383.750
17905,-386.275
17906,-388.475
17907,-390.700
17908,-382.675
17909,-385.000
17910,-387.575
17911,-389.675
17912,-391.550
17913,-394.150
17914,-386.475
17915,-388.700
17916,-390.925
17917,-393.350
17918,-395.825
17919,-387.200
17920,-389.700
17921,-392.450
17922,-394.400
17923,-396.275
17924,-399.075
17925,-391.325
17926,-393.250
17927,-395.475
17928,-397.775
17929,-400.075
17930,-402.325
17931,-394.550
17932,-396.650
17933,-399.175
17934,-401.450
17935,-403.675
17936,-406.075
17937,-397.875
17938,-399.725
17939,-402.350
17940,-404.850
17941,-381.650
17942,-383.475
17943,-400.850
17944,-403.125
17945,-405.700
17946,-382.600
17947,-384.675
17948,-402.275
17949,-404.725
17950,-381.500
17951,-383.525
17952,-385.800
17953,-388.275
17954,-405.850
17955,-382.825
17956,-384.975
17957,-386.975
17958,-389.150
17959,-391.350
17960,-383.900
17961,-385.750
17962,-388.025
17963,-390.875
17964,-393.100
17965,-395.250
17966,-387.100
17967,-389.400
17968,-391.825
17969,-393.775
17970,-395.925
17971,-387.850
17972,-390.825
17973,-392.675
17974,-395.325
17975,-397.525
17976,-399.775
17977,-391.200
17978,-393.975
17979,-396.500
17980,-398.525
17981,-400.625
17982,-402.675
17983,-394.650
17984,-397.625
17985,-399.875
17986,-402.000
17987,-404.150
17988,-406.600
17989,-398.775
17990,-400.650
17991,-402.825
17992,-405.450
17993,-381.975
17994,-399.675
17995,-401.800
17996,-403.775
17997,-406.200
17998,-382.875
17999,-385.525
18000,-402.625
18001,-405.800
18002,-382.325
18003,-384.500
18004,-386.225
18005,-388.950
18006,-406.375
18007,-383.075
18008,-385.800
18009,-387.500
18010,-390.325
18011,-392.225
18012,-384.550
18013,-386.625
18014,-389.050
18015,-391.300
18016,-393.750
18017,-395.875
18018,-387.375
18019,-390.075
18020,-392.275
18021,-394.275
18022,-397.175
18023,-388.900
18024,-391.050
18025,-393.450
18026,-395.725
18027,-398.025
18028,-400.425
18029,-392.150
18030,-394.925
18031,-396.925
18032,-399.225
18033,-401.200
18034,-403.675
18035,-395.375
18036,-398.075
18037,-400.450
18038,-402.250
18039,-405.050
18040,-381.625
18041,-399.075
18042,-401.575
18043,-403.675
18044,-406.100
18045,-383.025
18046,-400.275
18047,-402.950
18048,-404.850
18049,-381.950
18050,-383.725
18051,-385.650
18052,-403.350
18053,-406.025
18054,-383.075
18055,-384.950
18056,-387.175
18057,-389.825
18058,-381.350
18059,-383.975
18060,-386.125
18061,-388.500
18062,-390.975
18063,-393.250
18064,-385.075
18065,-387.450
18066,-389.925
18067,-391.800
18068,-394.500
18069,-386.325
18070,-388.850
18071,-390.975
18072,-392.825
18073,-395.150
18074,-397.625
18075,-389.925
18076,-392.050
18077,-394.275
18078,-396.725
18079,-398.625
18080,-400.600
18081,-392.975
18082,-395.375
18083,-398.050
18084,-400.250
18085,-402.450
18086,-404.575
18087,-396.125
18088,-398.975
18089,-401.300
18090,-403.175
18091,-405.650
18092,-382.050
18093,-399.850
18094,-402.375
18095,-404.500
18096,-381.375
18097,-383.550
18098,-400.900
18099,-403.475
18100,-405.225
18101,-382.250
18102,-384.400
18103,-386.925
18104,-404.450
18105,-381.050
18106,-383.175
18107,-385.975
18108,-388.325
18109,-390.600
18110,-382.725
18111,-384.275
18112,-386.775
18113,-389.325
18114,-391.350
18115,-393.550
18116,-386.050
18117,-388.325
18118,-390.675
18119,-392.450
18120,-394.850
18121,-386.575
18122,-388.850
18123,-391.425
18124,-393.725
18125,-396.225
18126,-398.650
18127,-390.325
18128,-392.375
18129,-394.850
18130,-397.100
18131,-399.375
18132,-401.750
18133,-393.875
18134,-396.300
18135,-398.150
18136,-400.800
18137,-402.950
18138,-405.300
18139,-397.575
18140,-399.375
18141,-401.800
18142,-404.350
18143,-406.200
18144,-373.075
18145,-400.950
18146,-402.625
18147,-405.075
18148,-382.200
18149,-384.275
18150,-401.850
18151,-404.450
18152,-406.700
18153,-383.250
18154,-385.575
18155,-387.500
18156,-405.175
18157,-381.775
18158,-384.150
18159,-386.400
18160,-388.925
18161,-390.675
18162,-383.250
18163,-385.425
18164,-387.525
18165,-389.475
18166,-391.775
18167,-394.025
18168,-386.475
18169,-388.950
18170,-391.300
18171,-393.675
18172,-395.250
18173,-387.875
18174,-390.025
18175,-392.100
18176,-394.300
18177,-397.025
18178,-399.025
18179,-391.300
18180,-393.300
18181,-395.525
18182,-398.025
18183,-400.500
18184,-402.100
18185,-394.050
18186,-396.450
18187,-398.675
18188,-401.525
18189,-403.950
18190,-405.800
18191,-398.175
18192,-400.025
18193,-402.575
18194,-404.950
18195,-381.450
18196,-399.275
18197,-401.375
18198,-403.125
18199,-406.025
18200,-382.725
18201,-384.475
18202,-402.850
18203,-404.775
18204,-381.750
18205,-383.800
18206,-386.300
18207,-388.275
18208,-406.225
18209,-382.450
18210,-384.750
18211,-386.925
18212,-389.025
18213,-391.875
18214,-383.675
18215,-385.525
18216,-388.050
18217,-390.550
18218,-393.200
18219,-385.175
18220,-387.275
18221,-389.650
18222,-391.500
18223,-394.025
18224,-396.225
18225,-387.850
18226,-390.550
18227,-392.650
18228,-395.475
18229,-397.550
18230,-399.975
18231,-391.300
18232,-393.750
18233,-396.225
18234,-398.875
18235,-400.800
18236,-403.150
18237,-395.575
18238,-397.450
18239,-399.525
18240,-402.150
18241,-404.000
18242,-406.450
18243,-398.475
18244,-401.000
18245,-403.225
18246,-405.750
18247,-382.025
18248,-399.675
18249,-401.925
18250,-403.900
18251,-406.950
18252,-383.525
18253,-385.450
18254,-402.900
18255,-405.800
18256,-381.950
18257,-384.625
18258,-386.625
18259,-388.575
18260,-381.075
18261,-383.250
18262,-385.450
18263,-387.825
18264,-389.950
18265,-392.625
18266,-384.550
18267,-386.925
18268,-389.100
18269,-391.300
18270,-393.075
18271,-385.225
18272,-388.100
18273,-389.675
18274,-392.325
18275,-394.750
18276,-396.875
18277,-388.700
18278,-391.625
18279,-393.675
18280,-395.525
18281,-398.450
18282,-400.350
18283,-392.150
18284,-395.075
18285,-397.100
18286,-399.175
18287,-401.550
18288,-404.200
18289,-395.650
18290,-398.325
18291,-400.650
18292,-402.375
18293,-405.275
18294,-381.350
18295,-398.975
18296,-401.575
18297,-403.750
18298,-406.175
18299,-382.600
18300,-400.750
18301,-403.000
18302,-404.725
18303,-381.925
18304,-383.725
18305,-386.525
18306,-403.850
18307,-405.775
18308,-382.775
18309,-385.325
18310,-387.500
18311,-389.925
18312,-381.825
18313,-384.300
18314,-385.850
18315,-388.575
18316,-390.925
18317,-393.375
18318,-385.075
18319,-387.450
18320,-390.125
18321,-392.150
18322,-394.500
18323,-386.175
18324,-388.150
18325,-391.125
18326,-393.200
18327,-395.225
18328,-397.625
18329,-389.725
18330,-392.000
18331,-394.400
18332,-396.425
18333,-398.575
18334,-401.150
18335,-393.400
18336,-395.250
18337,-397.775
18338,-400.175
18339,-402.575
18340,-404.450
18341,-396.550
18342,-398.725
18343,-401.050
18344,-403.150
18345,-405.800
18346,-397.750
18347,-400.225
18348,-402.125
18349,-404.500
18350,-381.050
18351,-383.300
18352,-401.200
18353,-403.225
18354,-405.700
18355,-382.550
18356,-384.950
18357,-386.575
18358,-404.975
18359,-381.625
18360,-383.300
18361,-385.925
18362,-387.725
18363,-390.075
18364,-382.800
18365,-384.750
18366,-386.975
18367,-389.050
18368,-391.325
18369,-393.550
18370,-385.425
18371,-388.000
18372,-390.400
18373,-392.450
18374,-394.800
18375,-387.175
18376,-388.900
18377,-391.700
18378,-393.825
18379,-396.500
18380,-398.025
18381,-390.625
18382,-392.700
18383,-394.925
18384,-397.375
18385,-399.850
18386,-402.175
18387,-393.925
18388,-396.025
18389,-398.575
18390,-400.350
18391,-402.825
18392,-405.350
18393,-397.225
18394,-399.875
18395,-401.750
18396,-403.800
18397,-406.425
18398,-398.150
18399,-400.750
18400,-402.725
18401,-405.025
18402,-381.875
18403,-384.050
18404,-402.150
18405,-404.000
18406,-406.075
18407,-382.975
18408,-385.500
18409,-387.525
18410,-405.125
18411,-381.950
18412,-384.375
18413,-386.675
18414,-389.150
18415,-391.300
18416,-383.025
18417,-385.700
18418,-387.975
18419,-389.500
18420,-392.150
18421,-384.150
18422,-386.475
18423,-389.100
18424,-391.450
18425,-393.025
18426,-395.975
18427,-387.300
18428,-390.300
18429,-392.325
18430,-394.300
18431,-396.725
18432,-399.150
18433,-391.250
18434,-393.825
18435,-395.750
18436,-398.250
18437,-400.325
18438,-402.275
18439,-394.800
18440,-396.725
18441,-399.425
18442,-401.575
18443,-404.075
18444,-406.375
18445,-398.125
18446,-400.600
18447,-402.275
18448,-404.975
18449,-381.625
18450,-399.025
18451,-401.575
18452,-404.000
18453,-405.900
18454,-382.650
18455,-384.950
18456,-402.675
18457,-405.275
18458,-381.550
18459,-384.100
18460,-386.375
18461,-388.500
18462,-406.125
18463,-382.975
18464,-384.875
18465,-387.200
18466,-389.350
18467,-391.550
18468,-383.575
18469,-386.075
18470,-388.275
18471,-390.600
18472,-392.900
18473,-384.850
18474,-387.600
18475,-389.125
18476,-391.500
18477,-393.850
18478,-396.475
18479,-388.325
18480,-391.075
18481,-392.975
18482,-395.275
18483,-397.325
18484,-399.725
18485,-391.775
18486,-394.175
18487,-396.450
18488,-398.650
18489,-401.375
18490,-403.125
18491,-394.875
18492,-397.175
18493,-399.475
18494,-402.375
18495,-404.000
18496,-396.175
18497,-398.925
18498,-400.500
18499,-403.350
18500,-405.550
18501,-382.425
18502,-399.675
18503,-401.850
18504,-404.700
18505,-381.075
18506,-383.675
18507,-385.825
18508,-403.100
18509,-405.975
18510,-382.050
18511,-384.675
18512,-386.700
18513,-389.150
18514,-381.050
18515,-383.725
18516,-385.675
18517,-387.575
18518,-389.950
18519,-392.875
18520,-384.975
18521,-386.925
18522,-388.700
18523,-391.500
18524,-393.575
18525,-385.850
18526,-388.275
18527,-390.225
18528,-392.625
18529,-395.175
18530,-397.225
18531,-388.825
18532,-391.350
18533,-393.450
18534,-396.350
18535,-398.525
18536,-400.700
18537,-392.975
18538,-394.650
18539,-397.425
18540,-399.325
18541,-401.700
18542,-404.000
18543,-395.675
18544,-398.075
18545,-400.950
18546,-402.675
18547,-405.500
18548,-397.150
18549,-399.475
18550,-401.500
18551,-403.850
18552,-406.225
18553,-383.075
18554,-400.425
18555,-403.000
18556,-405.125
18557,-382.200
18558,-383.775
18559,-385.925
18560,-404.350
18561,-406.325
18562,-383.175
18563,-385.325
18564,-387.575
18565,-389.650
18566,-381.925
18567,-384.300
18568,-386.250
18569,-388.575
18570,-391.175
18571,-383.275
18572,-385.075
18573,-387.725
18574,-389.525
18575,-392.150
18576,-394.475
18577,-386.700
18578,-388.525
18579,-391.400
18580,-393.350
18581,-395.250
18582,-397.875
18583,-390.075
18584,-391.700
18585,-394.275
18586,-396.625
18587,-399.125
18588,-401.525
18589,-393.650
18590,-395.850
18591,-397.475
18592,-400.275
18593,-402.325
18594,-404.250
18595,-396.925
18596,-398.725
18597,-400.800
18598,-403.900
18599,-406.200
18600,-397.950
18601,-400.325
18602,-402.425
18603,-405.075
18604,-381.450
18605,-383.775
18606,-401.325
18607,-403.550
18608,-405.650
18609,-382.775
18610,-384.950
18611,-386.800
18612,-405.125
18613,-381.250
18614,-383.850
18615,-385.850
18616,-387.875
18617,-390.500
18618,-382.825
18619,-385.000
18620,-387.025
18621,-389.675
18622,-391.675
18623,-383.750
18624,-386.325
18625,-388.275
18626,-390.175
18627,-393.075
18628,-394.925
18629,-386.625
18630,-389.650
18631,-391.875
18632,-394.075
18633,-396.325
18634,-398.450
18635,-390.650
18636,-393.175
18637,-395.375
18638,-397.250
18639,-399.250
18640,-401.700
18641,-394.275
18642,-396.225
18643,-398.275
18644,-401.150
18645,-403.000
18646,-395.375
18647,-397.675
18648,-399.750
18649,-401.850
18650,-404.600
18651,-406.775
18652,-398.750
18653,-401.200
18654,-403.375
18655,-405.225
18656,-382.125
18657,-384.625
18658,-401.900
18659,-404.000
18660,-406.650
18661,-382.875
18662,-385.525
18663,-388.025
18664,-405.700
18665,-382.125
18666,-384.050
18667,-386.850
18668,-389.000
18669,-390.825
18670,-383.375
18671,-385.700
18672,-388.175
18673,-390.150
18674,-392.425
18675,-384.500
18676,-387.000
18677,-389.250
18678,-391.575
18679,-393.675
18680,-395.975
18681,-387.400
18682,-390.125
18683,-392.725
18684,-395.000
18685,-396.825
18686,-399.425
18687,-391.450
18688,-393.850
18689,-396.200
18690,-398.375
18691,-400.575
18692,-402.900
18693,-394.950
18694,-396.625
18695,-399.075
18696,-401.575
18697,-403.975
18698,-395.425
18699,-398.525
18700,-400.800
18701,-402.750
18702,-404.725
18703,-381.600
18704,-398.975
18705,-401.500
18706,-403.800
18707,-405.925
18708,-383.075
18709,-385.375
18710,-402.500
18711,-404.700
18712,-381.825
18713,-383.650
18714,-386.300
18715,-388.775
18716,-406.100
18717,-382.875
18718,-385.200
18719,-387.325
18720,-389.575
18721,-381.975
18722,-384.050
18723,-386.350
18724,-387.850
18725,-391.175
18726,-393.200
18727,-384.625
18728,-387.600
18729,-389.875
18730,-392.225
18731,-394.575
18732,-396.275
18733,-388.425
18734,-391.125
18735,-392.975
18736,-395.725
18737,-397.925
18738,-400.000
18739,-392.275
18740,-393.925
18741,-396.525
18742,-399.075
18743,-400.825
18744,-403.600
18745,-395.775
18746,-398.075
18747,-400.325
18748,-402.225
18749,-404.750
18750,-396.725
18751,-398.850
18752,-400.950
18753,-403.150
18754,-405.925
18755,-382.675
18756,-399.725
18757,-402.625
18758,-404.175
18759,-381.100
18760,-383.625
18761,-385.425
18762,-403.425
18763,-406.025
18764,-382.175
18765,-384.550
18766,-387.200
18767,-389.100
18768,-381.500
18769,-383.975
18770,-386.125
18771,-388.175
18772,-390.500
18773,-382.525
18774,-384.950
18775,-386.850
18776,-389.100
18777,-391.875
18778,-393.950
18779,-385.600
18780,-388.050
18781,-390.650
18782,-392.800
18783,-394.550
18784,-397.075
18785,-389.250
18786,-391.800
18787,-393.875
18788,-395.975
18789,-398.425
18790,-400.650
18791,-392.375
18792,-394.950
18793,-397.525
18794,-399.625
18795,-401.550
18796,-394.025
18797,-396.175
18798,-398.825
18799,-400.650
18800,-403.350
18801,-405.275
18802,-397.625
18803,-399.425
18804,-401.700
18805,-404.400
18806,-406.325
18807,-382.875
18808,-400.750
18809,-403.100
18810,-405.325
18811,-381.650
18812,-384.550
18813,-386.550
18814,-404.575
18815,-406.575
18816,-383.350
18817,-385.500
18818,-387.775
18819,-390.125
18820,-382.075
18821,-384.450
18822,-386.675
18823,-388.700
18824,-390.925
18825,-383.375
18826,-385.075
18827,-387.600
18828,-389.775
18829,-391.825
18830,-394.700
18831,-386.725
18832,-388.675
18833,-391.425
18834,-393.550
18835,-395.475
18836,-398.250
18837,-389.925
18838,-392.450
18839,-394.850
18840,-396.575
18841,-399.125
18842,-401.400
18843,-393.275
18844,-395.325
18845,-398.250
18846,-400.175
18847,-402.500
18848,-394.550
18849,-397.025
18850,-399.125
18851,-401.400
18852,-403.975
18853,-405.925
18854,-398.250
18855,-399.975
18856,-402.725
18857,-405.075
18858,-381.450
18859,-383.550
18860,-401.100
18861,-403.375
18862,-406.075
18863,-382.825
18864,-385.050
18865,-387.450
18866,-405.125
18867,-381.825
18868,-383.900
18869,-386.175
18870,-388.175
18871,-390.925
18872,-382.875
18873,-385.225
18874,-386.925
18875,-389.725
18876,-391.600
18877,-383.775
18878,-386.150
18879,-388.175
18880,-390.800
18881,-393.200
18882,-395.325
18883,-387.375
18884,-389.650
18885,-392.200
18886,-394.450
18887,-396.275
18888,-398.325
18889,-391.025
18890,-393.175
18891,-394.800
18892,-397.675
18893,-399.750
18894,-402.275
18895,-394.575
18896,-396.475
18897,-398.975
18898,-401.250
18899,-403.150
18900,-395.375
18901,-397.950
18902,-399.950
18903,-401.950
18904,-404.825
18905,-406.500
18906,-398.350
18907,-400.850
18908,-403.525
18909,-405.275
18910,-381.975
18911,-384.150
18912,-402.375
18913,-404.575
18914,-381.275
18915,-383.575
18916,-385.650
18917,-387.975
18918,-405.925
18919,-382.425
18920,-384.425
18921,-386.475
18922,-389.350
18923,-380.975
18924,-383.300
18925,-385.975
18926,-387.825
18927,-390.325
18928,-392.450
18929,-384.400
18930,-386.675
18931,-389.300
18932,-391.150
18933,-393.825
18934,-395.775
18935,-387.525
18936,-390.175
18937,-392.825
18938,-395.150
18939,-397.325
18940,-398.975
18941,-391.400
18942,-393.875
18943,-395.550
18944,-398.550
18945,-400.800
18946,-402.900
18947,-394.450
18948,-397.450
18949,-399.675
18950,-401.800
18951,-404.250
18952,-396.025
18953,-398.625
18954,-400.500
18955,-403.050
18956,-405.300
18957,-381.675
18958,-399.275
18959,-401.450
18960,-404.300
18961,-406.175
18962,-382.925
18963,-385.425
18964,-402.500
18965,-405.075
18966,-381.450
18967,-384.350
18968,-385.925
18969,-388.500
18970,-406.600
18971,-383.025
18972,-385.175
18973,-387.500
18974,-389.775
18975,-381.950
18976,-384.375
18977,-386.375
18978,-388.425
18979,-390.775
18980,-393.300
18981,-385.450
18982,-387.000
18983,-389.475
18984,-392.150
18985,-394.600
18986,-396.725
18987,-388.800
18988,-391.175
18989,-392.900
18990,-395.625
18991,-397.425
18992,-400.325
18993,-392.425
18994,-393.975
18995,-396.825
18996,-398.950
18997,-401.200
18998,-393.025
18999,-395.450
19000,-397.875
19001,-399.875
19002,-402.650
19003,-404.700
19004,-396.475
19005,-398.575
19006,-401.500
19007,-403.600
19008,-405.875
19009,-382.550
19010,-400.325
19011,-401.900
19012,-404.950
19013,-381.350
19014,-383.550
19015,-386.175
19016,-403.475
19017,-405.400
19018,-382.425
19019,-385.075
19020,-387.050
19021,-389.050
19022,-381.275
19023,-383.900
19024,-385.975
19025,-388.525
19026,-390.825
19027,-382.700
19028,-384.625
19029,-386.850
19030,-389.575
19031,-391.925
19032,-393.950
19033,-386.175
19034,-388.000
19035,-390.550
19036,-392.675
19037,-395.250
19038,-397.250
19039,-389.300
19040,-391.975
19041,-394.125
19042,-395.975
19043,-398.050
19044,-400.800
19045,-392.425
19046,-395.275
19047,-397.275
19048,-399.925
19049,-401.700
19050,-394.150
19051,-396.025
19052,-398.350
19053,-400.800
19054,-403.050
19055,-405.050
19056,-397.375
19057,-399.850
19058,-401.900
19059,-404.175
19060,-406.425
19061,-383.475
19062,-400.650
19063,-403.050
19064,-405.225
19065,-382.250
19066,-384.600
19067,-386.825
19068,-404.250
19069,-406.900
19070,-383.575
19071,-385.275
19072,-387.950
19073,-405.450
19074,-381.775
19075,-384.200
19076,-386.275
19077,-388.700
19078,-390.875
19079,-383.125
19080,-385.500
19081,-387.600
19082,-390.125
19083,-392.700
19084,-394.500
19085,-386.725
19086,-388.950
19087,-391.600
19088,-393.375
19089,-395.425
19090,-398.275
19091,-390.225
19092,-392.150
19093,-394.275
19094,-397.250
19095,-399.150
19096,-401.750
19097,-393.500
19098,-396.075
19099,-398.225
19100,-400.175
19101,-402.775
19102,-394.800
19103,-396.625
19104,-399.375
19105,-401.450
19106,-403.900
19107,-405.975
19108,-398.225
19109,-400.250
19110,-402.625
19111,-405.325
19112,-381.725
19113,-383.975
19114,-401.900
19115,-404.250
19116,-406.125
19117,-382.550
19118,-384.600
19119,-387.050
19120,-405.125
19121,-381.600
19122,-383.775
19123,-386.300
19124,-388.325
19125,-406.125
19126,-382.700
19127,-384.750
19128,-387.500
19129,-389.600
19130,-391.700
19131,-384.050
19132,-386.350
19133,-388.225
19134,-390.975
19135,-393.400
19136,-395.725
19137,-387.400
19138,-389.975
19139,-391.550
19140,-393.925
19141,-396.725
19142,-398.650
19143,-390.525
19144,-392.925
19145,-395.550
19146,-397.525
19147,-400.150
19148,-391.875
19149,-394.650
19150,-396.725
19151,-398.975
19152,-401.000
19153,-403.175
19154,-395.375
19155,-398.025
19156,-399.550
19157,-402.225
19158,-404.725
19159,-381.100
19160,-398.925
19161,-400.700
19162,-403.600
19163,-405.875
19164,-382.650
19165,-384.975
19166,-402.125
19167,-404.500
19168,-381.050
19169,-383.525
19170,-385.925
19171,-388.325
19172,-405.650
19173,-382.650
19174,-384.550
19175,-387.150
19176,-388.925
19177,-381.275
19178,-383.900
19179,-385.325
19180,-388.325
19181,-390.125
19182,-392.875
19183,-385.000
19184,-386.675
19185,-389.475
19186,-391.400
19187,-393.675
19188,-395.575
19189,-387.775
19190,-390.250
19191,-392.900
19192,-395.125
19193,-396.875
19194,-399.075
19195,-391.550
19196,-394.050
19197,-396.475
19198,-398.025
19199,-400.900
19200,-392.800
19201,-395.225
19202,-397.275
19203,-399.475
19204,-402.050
19205,-403.625
19206,-395.750
19207,-398.375
19208,-400.275
19209,-403.050
19210,-405.225
19211,-381.625
19212,-399.875
19213,-401.700
19214,-403.900
19215,-406.275
19216,-382.975
19217,-385.600
19218,-403.300
19219,-405.225
19220,-381.600
19221,-384.300
19222,-386.025
19223,-404.375
19224,-406.700
19225,-383.200
19226,-385.225
19227,-387.275
19228,-389.600
19229,-381.850
19230,-384.075
19231,-386.800
19232,-388.975
19233,-391.175
19234,-393.550
19235,-385.475
19236,-387.175
19237,-390.125
19238,-392.150
19239,-394.600
19240,-397.025
19241,-388.350
19242,-391.200
19243,-393.075
19244,-395.975
19245,-398.275
19246,-400.000
19247,-392.225
19248,-394.400
19249,-396.650
19250,-398.950
19251,-401.250
19252,-393.100
19253,-395.750
19254,-398.050
19255,-399.950
19256,-402.725
19257,-404.850
19258,-397.075
19259,-399.350
19260,-401.750
19261,-403.875
19262,-405.850
19263,-382.825
19264,-400.350
19265,-402.575
19266,-404.500
19267,-381.300
19268,-383.875
19269,-386.300
19270,-404.075
19271,-405.925
19272,-382.875
19273,-384.850
19274,-387.100
19275,-404.650
19276,-381.675
19277,-383.800
19278,-386.325
19279,-388.100
19280,-390.600
19281,-383.025
19282,-385.225
19283,-387.050
19284,-389.300
19285,-391.625
19286,-394.400
19287,-385.975
19288,-388.325
19289,-390.975
19290,-393.100
19291,-395.275
19292,-397.375
19293,-389.225
19294,-391.950
19295,-394.300
19296,-396.625
19297,-398.375
19298,-390.550
19299,-392.875
19300,-395.450
19301,-397.025
19302,-399.650
19303,-401.700
19304,-393.975
19305,-396.075
19306,-398.350
19307,-401.200
19308,-403.050
19309,-405.800
19310,-397.375
19311,-399.650
19312,-402.100
19313,-404.300
19314,-380.725
19315,-383.350
19316,-401.050
19317,-403.175
19318,-405.800
19319,-381.875
19320,-384.275
19321,-386.700
19322,-404.275
19323,-406.775
19324,-382.975
19325,-385.650
19326,-387.825
19327,-405.350
19328,-381.950
19329,-384.175
19330,-386.300
19331,-388.750
19332,-391.250
19333,-383.750
19334,-385.850
19335,-387.825
19336,-390.225
19337,-392.325
19338,-394.800
19339,-386.850
19340,-389.125
19341,-391.125
19342,-393.250
19343,-396.025
19344,-398.275
19345,-389.925
19346,-392.450
19347,-394.800
19348,-396.925
19349,-399.100
19350,-391.050
19351,-393.925
19352,-396.050
19353,-398.325
19354,-400.700
19355,-403.050
19356,-394.850
19357,-397.175
19358,-399.175
19359,-402.050
19360,-404.175
19361,-406.225
19362,-398.150
19363,-400.800
19364,-402.525
19365,-405.325
19366,-381.625
19367,-384.150
19368,-401.250
19369,-403.875
19370,-406.550
19371,-383.075
19372,-385.125
19373,-377.125
19374,-404.950
19375,-381.500
19376,-384.300
19377,-386.250
19378,-388.625
19379,-406.325
19380,-382.550
19381,-385.400
19382,-387.575
19383,-390.025
19384,-392.200
19385,-383.575
19386,-386.625
19387,-388.575
19388,-391.300
19389,-393.375
19390,-395.775
19391,-387.200
19392,-389.800
19393,-392.100
19394,-394.450
19395,-396.275
19396,-399.150
19397,-391.025
19398,-393.075
19399,-395.275
19400,-398.025
19401,-400.150
19402,-392.000
19403,-394.475
19404,-396.725
19405,-399.125
19406,-401.400
19407,-403.875
19408,-395.675
19409,-397.725
19410,-399.425
19411,-402.350
19412,-404.775
19413,-381.000
19414,-398.925
19415,-401.050
19416,-403.350
19417,-405.800
19418,-382.775
19419,-384.625
19420,-402.750
19421,-404.700
19422,-381.050
19423,-383.750
19424,-385.600
19425,-403.375
19426,-406.025
19427,-382.300
19428,-384.550
19429,-386.625
19430,-388.900
19431,-381.300
19432,-383.650
19433,-386.125
19434,-388.525
19435,-390.700
19436,-393.050
19437,-384.700
19438,-386.850
19439,-389.600
19440,-391.425
19441,-393.675
19442,-395.925
19443,-388.025
19444,-390.600
19445,-393.150
19446,-395.275
19447,-397.575
19448,-389.100
19449,-391.875
19450,-394.200
19451,-395.975
19452,-398.450
19453,-400.575
19454,-392.925
19455,-394.800
19456,-397.075
19457,-399.575
19458,-402.000
19459,-404.450
19460,-395.575
19461,-398.775
19462,-400.750
19463,-403.250
19464,-405.425
19465,-382.350
19466,-399.325
19467,-402.100
19468,-404.300
19469,-406.375
19470,-383.075
19471,-385.725
19472,-403.000
19473,-405.325
19474,-381.725
19475,-384.150
19476,-386.400
19477,-404.500
19478,-406.825
19479,-383.400
19480,-385.525
19481,-387.250
19482,-389.600
19483,-382.225
19484,-384.700
19485,-386.475
19486,-388.575
19487,-391.125
19488,-393.825
19489,-385.150
19490,-387.975
19491,-390.375
19492,-392.600
19493,-394.750
19494,-396.550
19495,-388.875
19496,-391.150
19497,-393.450
19498,-395.550
19499,-398.275
19500,-390.450
19501,-392.275
19502,-394.925
19503,-396.925
19504,-399.375
19505,-401.250
19506,-393.750
19507,-395.750
19508,-398.225
19509,-400.075
19510,-402.675
19511,-404.950
19512,-396.475
19513,-399.275
19514,-401.500
19515,-403.975
19516,-406.275
19517,-382.975
19518,-400.325
19519,-402.575
19520,-404.875
19521,-381.925
19522,-383.875
19523,-385.925
19524,-404.200
19525,-405.925
19526,-382.725
19527,-384.975
19528,-386.725
19529,-405.125
19530,-381.525
19531,-383.475
19532,-386.175
19533,-388.075
19534,-390.975
19535,-382.950
19536,-384.675
19537,-387.300
19538,-389.875
19539,-392.150
19540,-394.250
19541,-386.525
19542,-388.700
19543,-390.975
19544,-393.175
19545,-395.150
19546,-397.775
19547,-389.625
19548,-391.800
19549,-394.250
19550,-396.475
19551,-398.375
19552,-391.125
19553,-392.875
19554,-395.575
19555,-397.825
19556,-400.150
19557,-402.350
19558,-394.025
19559,-396.075
19560,-399.075
19561,-400.750
19562,-403.175
19563,-405.625
19564,-397.750
19565,-400.225
19566,-402.375
19567,-404.100
19568,-380.850
19569,-383.450
19570,-401.050
19571,-403.550
19572,-405.875
19573,-382.125
19574,-384.600
19575,-402.100
19576,-404.750
19577,-381.225
19578,-383.575
19579,-386.025
19580,-388.050
19581,-405.975
19582,-382.450
19583,-384.475
19584,-387.050
19585,-389.425
19586,-391.725
19587,-383.200
19588,-386.150
19589,-388.250
19590,-390.150
19591,-392.200
19592,-394.700
19593,-386.625
19594,-389.425
19595,-391.675
19596,-393.450
19597,-396.225
19598,-398.250
19599,-390.050
19600,-392.525
19601,-394.575
19602,-397.250
19603,-399.250
19604,-391.625
19605,-393.950
19606,-396.125
19607,-398.275
19608,-400.325
19609,-402.750
19610,-394.925
19611,-397.025
19612,-399.825
19613,-401.450
19614,-404.075
19615,-406.175
19616,-397.950
19617,-400.950
19618,-403.175
19619,-405.500
19620,-382.075
19621,-384.100
19622,-402.000
19623,-404.275
19624,-406.650
19625,-382.725
19626,-385.075
19627,-403.100
19628,-405.125
19629,-382.025
19630,-384.400
19631,-386.025
19632,-388.925
19633,-406.275
19634,-383.175
19635,-385.200
19636,-387.600
19637,-389.750
19638,-392.100
19639,-384.475
19640,-386.575
19641,-389.025
19642,-391.225
19643,-393.375
19644,-395.575
19645,-387.825
19646,-390.025
19647,-392.400
19648,-394.725
19649,-396.500
19650,-388.600
19651,-391.350
19652,-393.775
19653,-395.575
19654,-397.725
19655,-400.450
19656,-392.625
19657,-394.475
19658,-397.025
19659,-398.850
19660,-401.650
19661,-403.225
19662,-395.875
19663,-397.875
19664,-399.875
19665,-402.350
19666,-404.500
19667,-381.775
19668,-398.975
19669,-401.700
19670,-403.300
19671,-406.275
19672,-382.800
19673,-384.550
19674,-402.325
19675,-405.025
19676,-381.600
19677,-383.725
19678,-386.175
19679,-403.800
19680,-406.275
19681,-382.825
19682,-384.700
19683,-387.250
19684,-389.000
19685,-381.725
19686,-383.725
19687,-385.750
19688,-388.450
19689,-390.175
19690,-393.075
19691,-385.150
19692,-387.375
19693,-389.675
19694,-391.575
19695,-393.925
19696,-396.450
19697,-388.175
19698,-390.975
19699,-392.800
19700,-395.225
19701,-397.475
19702,-389.750
19703,-391.400
19704,-394.050
19705,-396.225
19706,-398.250
19707,-401.150
19708,-392.450
19709,-395.550
19710,-397.725
19711,-400.050
19712,-401.900
19713,-404.250
19714,-396.550
19715,-398.525
19716,-400.350
19717,-403.375
19718,-405.425
19719,-381.875
19720,-399.675
19721,-402.375
19722,-404.600
19723,-406.375
19724,-383.250
19725,-401.100
19726,-403.225
19727,-405.525
19728,-382.125
19729,-384.500
19730,-386.250
19731,-404.150
19732,-406.825
19733,-383.175
19734,-385.750
19735,-388.000
19736,-390.325
19737,-382.175
19738,-384.475
19739,-386.800
19740,-389.125
19741,-391.225
19742,-393.525
19743,-385.500
19744,-387.700
19745,-390.375
19746,-392.275
19747,-394.400
19748,-397.275
19749,-389.350
19750,-391.175
19751,-393.625
19752,-395.775
19753,-397.875
19754,-390.425
19755,-392.625
19756,-394.700
19757,-397.375
19758,-399.525
19759,-401.650
19760,-393.825
19761,-396.225
19762,-398.325
19763,-400.800
19764,-403.000
19765,-405.125
19766,-396.925
19767,-398.850
19768,-401.575
19769,-404.200
19770,-406.200
19771,-382.975
19772,-400.850
19773,-402.375
19774,-405.275
19775,-381.775
19776,-384.300
19777,-401.150
19778,-403.650
19779,-406.550
19780,-382.550
19781,-385.125
19782,-387.650
19783,-405.200
19784,-381.850
19785,-383.800
19786,-386.550
19787,-388.425
19788,-390.675
19789,-382.875
19790,-384.775
19791,-386.925
19792,-389.775
19793,-391.925
19794,-393.875
19795,-386.025
19796,-388.875
19797,-391.125
19798,-393.350
19799,-395.825
19800,-387.200
19801,-389.850
19802,-391.700
19803,-393.925
19804,-396.725
19805,-399.175
19806,-390.500
19807,-392.825
19808,-395.775
19809,-398.050
19810,-400.150
19811,-402.100
19812,-394.025
19813,-396.575
19814,-399.225
19815,-401.150
19816,-403.625
19817,-406.100
19818,-397.925
19819,-400.325
19820,-402.575
19821,-404.300
19822,-381.000
19823,-383.475
19824,-401.150
19825,-403.425
19826,-406.100
19827,-382.800
19828,-384.950
19829,-402.100
19830,-404.650
19831,-381.625
19832,-383.850
19833,-386.125
19834,-388.525
19835,-406.000
19836,-382.675
19837,-385.075
19838,-386.850
19839,-388.950
19840,-391.500
19841,-383.525
19842,-385.975
19843,-388.225
19844,-390.175
19845,-392.800
19846,-395.325
19847,-386.775
19848,-389.125
19849,-391.575
19850,-393.375
19851,-396.050
19852,-388.275
19853,-390.400
19854,-392.875
19855,-395.000
19856,-397.375
19857,-399.425
19858,-391.675
19859,-393.775
19860,-396.225
19861,-398.450
19862,-400.900
19863,-402.750
19864,-394.875
19865,-397.175
19866,-399.950
19867,-401.750
19868,-403.950
19869,-406.450
19870,-398.825
19871,-400.850
19872,-403.125
19873,-405.225
19874,-382.225
19875,-399.375
19876,-402.050
19877,-404.150
19878,-406.475
19879,-383.250
19880,-385.225
19881,-402.825
19882,-405.025
19883,-381.675
19884,-384.500
19885,-386.350
19886,-389.100
19887,-406.650
19888,-383.025
19889,-385.575
19890,-387.450
19891,-390.250
19892,-392.550
19893,-384.300
19894,-386.525
19895,-388.625
19896,-391.125
19897,-393.075
19898,-395.675
19899,-387.775
19900,-390.025
19901,-392.250
19902,-394.250
19903,-396.375
19904,-388.600
19905,-390.975
19906,-393.350
19907,-395.550
19908,-397.975
19909,-400.450
19910,-392.250
19911,-394.575
19912,-397.175
19913,-399.050
19914,-401.150
19915,-403.700
19916,-395.350
19917,-397.775
19918,-400.250
19919,-402.650
19920,-405.075
19921,-381.450
19922,-399.075
19923,-401.575
19924,-403.525
19925,-406.100
19926,-382.900
19927,-400.375
19928,-402.900
19929,-405.275
19930,-381.850
19931,-384.000
19932,-385.825
19933,-403.700
19934,-406.125
19935,-382.825
19936,-384.975
19937,-387.400
19938,-389.400
19939,-381.875
19940,-383.900
19941,-386.450
19942,-387.875
19943,-390.700
19944,-392.800
19945,-385.050
19946,-387.300
19947,-389.425
19948,-392.200
19949,-393.725
19950,-386.025
19951,-387.850
19952,-390.975
19953,-393.025
19954,-395.550
19955,-397.625
19956,-389.775
19957,-391.975
19958,-394.025
19959,-396.825
19960,-398.525
19961,-401.150
19962,-392.975
19963,-394.925
19964,-397.175
19965,-399.975
19966,-402.350
19967,-404.300
19968,-396.075
19969,-398.675
19970,-401.300
19971,-403.375
19972,-405.650
19973,-382.550
19974,-400.000
19975,-402.175
19976,-404.375
19977,-381.275
19978,-383.800
19979,-401.200
19980,-403.625
19981,-405.800
19982,-382.600
19983,-384.900
19984,-386.350
19985,-404.775
19986,-380.675
19987,-383.275
19988,-385.425
19989,-388.225
19990,-390.275
19991,-382.550
19992,-384.375
19993,-386.725
19994,-388.975
19995,-391.700
19996,-393.625
19997,-386.050
19998,-387.725
19999,-389.875
20000,-392.675
20001,-394.600
20002,-387.050
20003,-389.250
20004,-391.500
20005,-393.875
20006,-395.575
20007,-398.575
20008,-390.250
20009,-392.425
20010,-394.875
20011,-396.975
20012,-399.725
20013,-401.650
20014,-393.300
20015,-396.075
20016,-397.950
20017,-400.850
20018,-403.175
20019,-404.775
20020,-397.525
20021,-399.575
20022,-401.575
20023,-403.900
20024,-406.600
20025,-373.025
20026,-400.825
20027,-402.725
20028,-405.175
20029,-381.600
20030,-384.050
20031,-401.575
20032,-404.050
20033,-406.275
20034,-382.950
20035,-385.125
20036,-387.500
20037,-405.450
20038,-381.750
20039,-383.725
20040,-386.275
20041,-388.800
20042,-391.075
20043,-383.275
20044,-385.075
20045,-387.575
20046,-390.075
20047,-392.100
20048,-394.275
20049,-386.475
20050,-388.900
20051,-390.900
20052,-393.500
20053,-395.775
20054,-387.000
20055,-389.350
20056,-391.875
20057,-394.250
20058,-396.575
20059,-399.175
20060,-390.800
20061,-393.550
20062,-395.550
20063,-398.125
20064,-399.725
20065,-402.100
20066,-394.400
20067,-396.725
20068,-399.275
20069,-401.500
20070,-403.350
20071,-405.925
20072,-397.825
20073,-400.250
20074,-402.375
20075,-404.600
20076,-381.175
20077,-399.350
20078,-401.400
20079,-403.875
20080,-406.200
20081,-382.900
20082,-384.450
20083,-402.650
20084,-404.725
20085,-381.650
20086,-383.950
20087,-385.975
20088,-387.875
20089,-406.075
20090,-382.875
20091,-385.225
20092,-386.625
20093,-389.025
20094,-391.925
20095,-383.675
20096,-386.325
20097,-387.775
20098,-390.700
20099,-392.775
20100,-384.600
20101,-387.400
20102,-388.925
20103,-391.925
20104,-394.300
20105,-396.650
20106,-388.475
20107,-390.675
20108,-392.675
20109,-395.125
20110,-397.475
20111,-399.775
20112,-392.050
20113,-393.850
20114,-396.725
20115,-398.750
20116,-400.700
20117,-402.825
20118,-395.275
20119,-397.750
20120,-399.925
20121,-401.800
20122,-404.375
20123,-406.900
20124,-398.475
20125,-400.750
20126,-403.450
20127,-405.500
20128,-382.525
20129,-399.650
20130,-402.250
20131,-404.575
20132,-406.825
20133,-383.050
20134,-385.650
20135,-403.050
20136,-405.850
20137,-382.525
20138,-384.150
20139,-386.525
20140,-388.475
20141,-406.975
20142,-383.300
20143,-385.425
20144,-387.600
20145,-390.325
20146,-392.675
20147,-384.300
20148,-386.250
20149,-389.250
20150,-391.250
20151,-393.750
20152,-385.850
20153,-387.850
20154,-389.675
20155,-392.425
20156,-394.825
20157,-396.775
20158,-389.325
20159,-390.975
20160,-393.925
20161,-395.450
20162,-398.125
20163,-399.950
20164,-392.325
20165,-394.925
20166,-396.725
20167,-399.375
20168,-401.900
20169,-403.650
20170,-396.275
20171,-398.175
20172,-400.750
20173,-402.550
20174,-404.975
20175,-381.875
20176,-399.250
20177,-401.450
20178,-404.200
20179,-405.800
20180,-382.825
20181,-400.325
20182,-403.050
20183,-404.875
20184,-381.850
20185,-384.275
20186,-385.825
20187,-404.250
20188,-406.550
20189,-382.550
20190,-384.950
20191,-387.375
20192,-390.050
20193,-381.675
20194,-383.975
20195,-386.475
20196,-388.275
20197,-391.175
20198,-392.775
20199,-384.950
20200,-387.200
20201,-389.775
20202,-392.000
20203,-394.025
20204,-386.150
20205,-388.825
20206,-391.075
20207,-393.300
20208,-395.350
20209,-397.625
20210,-389.650
20211,-391.925
20212,-394.275
20213,-396.825
20214,-398.875
20215,-401.050
20216,-393.100
20217,-395.225
20218,-397.375
20219,-399.875
20220,-402.275
20221,-404.575
20222,-396.725
20223,-398.475
20224,-401.100
20225,-403.475
20226,-405.450
20227,-397.725
20228,-400.025
20229,-402.450
20230,-404.450
20231,-381.600
20232,-383.650
20233,-400.750
20234,-403.100
20235,-405.700
20236,-382.400
20237,-384.475
20238,-386.525
20239,-404.350
20240,-381.250
20241,-383.850
20242,-385.500
20243,-388.375
20244,-390.800
20245,-382.700
20246,-384.500
20247,-386.525
20248,-389.050
20249,-391.800
20250,-393.625
20251,-386.025
20252,-388.050
20253,-390.325
20254,-393.025
20255,-394.875
20256,-386.925
20257,-389.150
20258,-391.600
20259,-394.200
20260,-395.850
20261,-398.650
20262,-390.025
20263,-392.900
20264,-394.650
20265,-397.575
20266,-399.850
20267,-402.000
20268,-393.925
20269,-395.925
20270,-398.350
20271,-400.550
20272,-402.625
20273,-404.975
20274,-397.250
20275,-399.225
20276,-401.925
20277,-403.975
20278,-406.575
20279,-398.675
20280,-400.650
20281,-403.000
20282,-404.925
20283,-382.050
20284,-384.275
20285,-401.950
20286,-404.575
20287,-406.550
20288,-383.175
20289,-385.225
20290,-387.575
20291,-405.425
20292,-382.125
20293,-384.550
20294,-386.300
20295,-388.500
20296,-390.900
20297,-383.300
20298,-385.575
20299,-387.875
20300,-389.850
20301,-392.150
20302,-384.600
20303,-386.400
20304,-388.600
20305,-390.725
20306,-393.025
20307,-395.925
20308,-387.500
20309,-390.250
20310,-392.225
20311,-394.350
20312,-396.450
20313,-398.775
20314,-390.975
20315,-393.350
20316,-395.450
20317,-398.350
20318,-399.925
20319,-402.450
20320,-394.475
20321,-396.575
20322,-399.350
20323,-401.650
20324,-404.075
20325,-405.875
20326,-398.350
20327,-400.425
20328,-402.325
20329,-404.650
20330,-381.775
20331,-398.750
20332,-401.750
20333,-404.000
20334,-405.850
20335,-382.600
20336,-385.175
20337,-402.150
20338,-404.500
20339,-381.625
20340,-383.950
20341,-385.575
20342,-388.475
20343,-405.925
20344,-382.350
20345,-384.600
20346,-387.575
20347,-389.250
20348,-392.000
20349,-383.775
20350,-385.825
20351,-388.450
20352,-390.975
20353,-393.100
20354,-385.125
20355,-387.600
20356,-389.350
20357,-391.700
20358,-394.350
20359,-395.975
20360,-388.225
20361,-390.725
20362,-392.525
20363,-395.000
20364,-397.850
20365,-399.825
20366,-392.000
20367,-394.025
20368,-396.525
20369,-398.550
20370,-400.650
20371,-403.475
20372,-395.525
20373,-397.250
20374,-400.075
20375,-402.525
20376,-404.450
20377,-396.350
20378,-398.975
20379,-401.200
20380,-403.375
20381,-405.650
20382,-382.050
20383,-400.050
20384,-402.225
20385,-404.400
20386,-381.500
20387,-383.525
20388,-385.825
20389,-403.550
20390,-405.775
20391,-381.925
20392,-384.675
20393,-387.100
20394,-389.525
20395,-381.450
20396,-383.075
20397,-385.575
20398,-388.100
20399,-390.450
20400,-392.600
20401,-384.500
20402,-386.975
20403,-388.900
20404,-391.500
20405,-393.650
20406,-385.925
20407,-388.100
20408,-390.550
20409,-392.325
20410,-394.875
20411,-396.825
20412,-389.050
20413,-391.400
20414,-393.375
20415,-395.625
20416,-398.550
20417,-400.250
20418,-392.450
20419,-394.950
20420,-397.325
20421,-399.675
20422,-401.350
20423,-404.100
20424,-395.850
20425,-398.625
20426,-400.800
20427,-402.775
20428,-405.450
20429,-397.375
20430,-399.575
20431,-401.750
20432,-403.850
20433,-406.550
20434,-382.875
20435,-400.650
20436,-402.750
20437,-404.775
20438,-382.100
20439,-384.000
20440,-386.475
20441,-404.050
20442,-406.675
20443,-383.200
20444,-384.900
20445,-387.250
20446,-389.725
20447,-382.125
20448,-384.475
20449,-386.300
20450,-388.600
20451,-390.975
20452,-382.875
20453,-385.525
20454,-387.850
20455,-390.075
20456,-391.725
20457,-394.600
20458,-386.550
20459,-388.750
20460,-391.225
20461,-393.375
20462,-395.875
20463,-397.550
20464,-389.475
20465,-392.325
20466,-394.650
20467,-396.775
20468,-398.675
20469,-401.450
20470,-393.100
20471,-395.650
20472,-397.875
20473,-399.575
20474,-402.275
20475,-404.550
20476,-396.525
20477,-398.775
20478,-401.225
20479,-403.600
20480,-406.100
20481,-397.650
20482,-400.375
20483,-402.775
20484,-404.975
20485,-380.950
20486,-383.475
20487,-401.550
20488,-403.900
20489,-405.600
20490,-382.325
20491,-384.700
20492,-387.100
20493,-404.650
20494,-381.300
20495,-383.850
20496,-386.150
20497,-388.425
20498,-390.700
20499,-382.725
20500,-385.000
20501,-386.975
20502,-389.425
20503,-391.725
20504,-383.850
20505,-385.725
20506,-388.175
20507,-390.125
20508,-392.825
20509,-395.350
20510,-387.200
20511,-389.650
20512,-391.675
20513,-393.950
20514,-395.850
20515,-398.450
20516,-390.400
20517,-392.875
20518,-395.425
20519,-397.650
20520,-399.550
20521,-401.500
20522,-394.025
20523,-396.375
20524,-398.450
20525,-401.150
20526,-403.450
20527,-395.250
20528,-397.675
20529,-399.975
20530,-402.100
20531,-404.200
20532,-406.850
20533,-398.425
20534,-400.450
20535,-403.050
20536,-405.650
20537,-382.050
20538,-384.375
20539,-402.175
20540,-404.375
20541,-406.550
20542,-383.475
20543,-385.375
20544,-387.725
20545,-405.400
20546,-382.350
20547,-384.375
20548,-386.800
20549,-389.225
20550,-391.600
20551,-383.025
20552,-385.000
20553,-387.375
20554,-390.075
20555,-392.400
20556,-384.400
20557,-386.700
20558,-389.200
20559,-391.400
20560,-393.625
20561,-396.025
20562,-387.950
20563,-390.450
20564,-392.375
20565,-395.000
20566,-397.250
20567,-398.875
20568,-391.150
20569,-393.200
20570,-395.650
20571,-398.450
20572,-400.600
20573,-402.550
20574,-394.300
20575,-396.925
20576,-399.050
20577,-401.650
20578,-404.075
20579,-395.925
20580,-398.450
20581,-400.575
20582,-402.825
20583,-405.350
20584,-381.975
20585,-399.375
20586,-401.450
20587,-404.150
20588,-405.775
20589,-382.550
20590,-385.150
20591,-403.000
20592,-404.925
20593,-381.725
20594,-383.625
20595,-386.475
20596,-388.075
20597,-406.125
20598,-382.725
20599,-384.700
20600,-387.100
20601,-389.225
20602,-381.950
20603,-384.350
20604,-386.050
20605,-388.475
20606,-390.700
20607,-393.200
20608,-385.300
20609,-387.325
20610,-389.325
20611,-392.050
20612,-394.500
20613,-396.925
20614,-388.775
20615,-390.725
20616,-393.400
20617,-395.550
20618,-397.450
20619,-399.975
20620,-392.375
20621,-394.300
20622,-396.775
20623,-398.425
20624,-401.200
20625,-403.525
20626,-395.250
20627,-397.575
20628,-400.050
20629,-402.250
20630,-404.450
20631,-396.675
20632,-399.125
20633,-401.400
20634,-403.700
20635,-405.525
20636,-382.550
20637,-399.725
20638,-402.350
20639,-404.500
20640,-381.375
20641,-383.250
20642,-385.750
20643,-403.425
20644,-406.025
20645,-382.250
20646,-384.700
20647,-387.000
20648,-389.100
20649,-381.175
20650,-383.075
20651,-385.975
20652,-387.925
20653,-390.125
20654,-382.650
20655,-384.150
20656,-386.525
20657,-388.850
20658,-391.625
20659,-393.625
20660,-385.750
20661,-388.325
20662,-390.400
20663,-392.450
20664,-394.875
20665,-397.425
20666,-388.825
20667,-391.950
20668,-393.975
20669,-395.650
20670,-398.325
20671,-400.850
20672,-392.225
20673,-395.125
20674,-397.450
20675,-398.975
20676,-401.450
20677,-393.775
20678,-395.975
20679,-398.050
20680,-400.850
20681,-402.450
20682,-404.875
20683,-397.175
20684,-399.750
20685,-401.500
20686,-404.000
20687,-406.325
20688,-383.350
20689,-400.750
20690,-403.100
20691,-405.700
20692,-382.400
20693,-384.275
20694,-386.300
20695,-404.275
20696,-406.350
20697,-382.875
20698,-385.275
20699,-387.100
20700,-389.850
20701,-381.625
20702,-384.400
20703,-386.300
20704,-388.850
20705,-390.925
20706,-383.175
20707,-385.300
20708,-387.850
20709,-390.250
20710,-392.450
20711,-394.125
20712,-386.300
20713,-388.575
20714,-391.125
20715,-393.525
20716,-395.975
20717,-398.325
20718,-389.575
20719,-392.550
20720,-394.600
20721,-396.575
20722,-399.375
20723,-401.300
20724,-393.250
20725,-395.725
20726,-397.825
20727,-400.450
20728,-402.675
20729,-394.450
20730,-397.125
20731,-399.325
20732,-401.550
20733,-403.225
20734,-405.975
20735,-398.225
20736,-399.950
20737,-402.125
20738,-405.050
20739,-381.850
20740,-383.550
20741,-401.350
20742,-403.850
20743,-405.800
20744,-382.575
20745,-385.075
20746,-386.725
20747,-405.175
20748,-381.775
20749,-384.075
20750,-386.075
20751,-387.950
20752,-390.275
20753,-382.600
20754,-384.450
20755,-387.000
20756,-389.650
20757,-391.825
20758,-383.725
20759,-386.225
20760,-388.175
20761,-390.700
20762,-392.975
20763,-395.450
20764,-387.175
20765,-389.750
20766,-391.675
20767,-394.400
20768,-396.175
20769,-398.675
20770,-390.975
20771,-392.975
20772,-395.275
20773,-397.475
20774,-400.075
20775,-401.800
20776,-394.550
20777,-396.375
20778,-398.475
20779,-400.850
20780,-403.000
20781,-395.375
20782,-397.100
20783,-399.350
20784,-402.325
20785,-404.350
20786,-380.950
20787,-398.975
20788,-401.375
20789,-403.450
20790,-405.700
20791,-382.200
20792,-384.650
20793,-402.150
20794,-404.350
20795,-381.300
20796,-383.300
20797,-385.600
20798,-387.875
20799,-405.850
20800,-382.350
20801,-384.550
20802,-386.275
20803,-389.350
20804,-381.000
20805,-383.250
20806,-385.400
20807,-387.975
20808,-389.950
20809,-392.325
20810,-384.300
20811,-387.025
20812,-389.200
20813,-391.400
20814,-393.450
20815,-396.125
20816,-387.875
20817,-390.450
20818,-392.550
20819,-395.075
20820,-397.350
20821,-399.350
20822,-391.600
20823,-393.375
20824,-396.175
20825,-397.950
20826,-400.825
20827,-402.650
20828,-395.050
20829,-397.375
20830,-399.525
20831,-401.725
20832,-404.000
20833,-395.850
20834,-398.425
20835,-400.600
20836,-402.950
20837,-404.825
20838,-381.850
20839,-399.475
20840,-401.500
20841,-403.475
20842,-406.100
20843,-383.025
20844,-385.325
20845,-402.650
20846,-404.975
20847,-381.600
20848,-384.150
20849,-386.475
20850,-389.000
20851,-406.325
20852,-382.725
20853,-385.000
20854,-387.625
20855,-389.525
20856,-381.675
20857,-383.800
20858,-386.275
20859,-388.500
20860,-390.975
20861,-392.975
20862,-385.425
20863,-386.975
20864,-389.725
20865,-392.150
20866,-394.550
20867,-396.600
20868,-388.600
20869,-390.925
20870,-393.200
20871,-395.425
20872,-397.775
20873,-399.575
20874,-392.225
20875,-394.550
20876,-396.225
20877,-399.225
20878,-401.400
20879,-393.075
20880,-395.725
20881,-397.675
20882,-399.950
20883,-402.550
20884,-404.650
20885,-396.525
20886,-398.775
20887,-401.375
20888,-403.750
20889,-405.750
20890,-382.600
20891,-400.375
20892,-402.150
20893,-404.950
20894,-381.675
20895,-383.475
20896,-386.150
20897,-403.425
20898,-405.775
20899,-382.800
20900,-384.875
20901,-387.200
20902,-389.575
20903,-381.450
20904,-384.200
20905,-385.925
20906,-388.275
20907,-390.425
20908,-382.125
20909,-384.950
20910,-387.375
20911,-389.025
20912,-391.550
20913,-393.950
20914,-385.750
20915,-388.150
20916,-390.800
20917,-392.550
20918,-395.075
20919,-397.175
20920,-389.725
20921,-391.875
20922,-394.150
20923,-396.100
20924,-398.675
20925,-400.575
20926,-392.975
20927,-394.875
20928,-397.475
20929,-399.525
20930,-401.850
20931,-393.850
20932,-396.125
20933,-398.875
20934,-400.950
20935,-402.750
20936,-405.625
20937,-397.375
20938,-399.850
20939,-401.575
20940,-404.050
20941,-406.850
20942,-383.550
20943,-401.000
20944,-403.050
20945,-405.525
20946,-382.400
20947,-384.200
20948,-386.600
20949,-403.850
20950,-406.850
20951,-383.475
20952,-385.500
20953,-387.300
20954,-405.700
20955,-382.250
20956,-384.650
20957,-386.575
20958,-388.700
20959,-391.550
20960,-382.900
20961,-385.425
20962,-388.100
20963,-390.400
20964,-392.275
20965,-394.750
20966,-386.675
20967,-388.700
20968,-390.925
20969,-393.825
20970,-395.575
20971,-397.650
20972,-390.450
20973,-392.675
20974,-394.550
20975,-397.075
20976,-399.475
20977,-401.525
20978,-393.825
20979,-396.075
20980,-398.175
20981,-400.650
20982,-402.450
20983,-394.450
20984,-397.225
20985,-399.425
20986,-401.550
20987,-404.075
20988,-405.800
20989,-398.450
20990,-400.550
20991,-402.775
20992,-405.075
20993,-381.675
20994,-384.100
20995,-401.300
20996,-404.075
20997,-406.125
20998,-382.650
20999,-384.900
21000,-387.050
21001,-404.975
21002,-381.825
21003,-383.775
21004,-385.925
21005,-388.625
21006,-406.275
21007,-383.125
21008,-385.225
21009,-387.000
21010,-389.475
21011,-392.000
21012,-384.375
21013,-386.125
21014,-388.375
21015,-391.175
21016,-392.925
21017,-395.650
21018,-387.625
21019,-389.525
21020,-391.725
21021,-394.400
21022,-396.425
21023,-398.425
21024,-391.025
21025,-392.875
21026,-395.575
21027,-397.825
21028,-400.225
21029,-391.550
21030,-394.150
21031,-396.875
21032,-399.100
21033,-400.950
21034,-403.350
21035,-395.775
21036,-397.575
21037,-399.775
21038,-402.425
21039,-404.475
21040,-380.950
21041,-399.075
21042,-401.150
21043,-403.250
21044,-405.300
21045,-382.075
21046,-384.950
21047,-402.150
21048,-404.550
21049,-381.300
21050,-383.725
21051,-385.800
21052,-387.525
21053,-406.000
21054,-382.550
21055,-384.800
21056,-386.450
21057,-388.600
21058,-381.250
21059,-383.200
21060,-385.975
21061,-388.375
21062,-390.375
21063,-392.325
21064,-384.700
21065,-386.825
21066,-389.325
21067,-391.500
21068,-393.750
21069,-396.200
21070,-388.325
21071,-390.300
21072,-392.775
21073,-395.250
21074,-396.900
21075,-399.775
21076,-391.500
21077,-393.925
21078,-395.925
21079,-398.525
21080,-400.950
21081,-392.550
21082,-394.925
21083,-397.225
21084,-399.725
21085,-401.650
21086,-403.975
21087,-396.125
21088,-397.975
21089,-400.375
21090,-402.650
21091,-405.275
21092,-381.950
21093,-399.625
21094,-402.050
21095,-404.350
21096,-406.600
21097,-383.025
21098,-385.125
21099,-403.225
21100,-405.175
21101,-381.750
21102,-384.175
21103,-386.575
21104,-404.375
21105,-406.425
21106,-383.200
21107,-385.475
21108,-387.450
21109,-389.950
21110,-382.025
21111,-384.050
21112,-386.300
21113,-388.950
21114,-391.125
21115,-393.200
21116,-385.175
21117,-387.150
21118,-390.125
21119,-392.250
21120,-394.400
21121,-396.550
21122,-388.625
21123,-390.925
21124,-393.500
21125,-395.825
21126,-397.825
21127,-400.375
21128,-392.375
21129,-394.575
21130,-396.925
21131,-399.350
21132,-401.575
21133,-393.525
21134,-395.625
21135,-398.075
21136,-400.425
21137,-402.725
21138,-404.600
21139,-397.100
21140,-399.025
21141,-401.575
21142,-403.600
21143,-406.275
21144,-382.500
21145,-400.525
21146,-402.900
21147,-405.175
21148,-381.675
21149,-383.750
21150,-385.925
21151,-403.375
21152,-406.225
21153,-382.550
21154,-384.750
21155,-386.700
21156,-404.825
21157,-381.400
21158,-383.775
21159,-385.975
21160,-388.500
21161,-390.775
21162,-382.950
21163,-385.150
21164,-387.325
21165,-389.325
21166,-391.600
21167,-393.925
21168,-386.175
21169,-388.175
21170,-390.825
21171,-393.200
21172,-395.150
21173,-397.725
21174,-389.750
21175,-391.350
21176,-393.650
21177,-396.025
21178,-398.650
21179,-390.650
21180,-392.625
21181,-395.050
21182,-397.275
21183,-400.075
21184,-401.750
21185,-394.025
21186,-396.350
21187,-398.425
21188,-400.750
21189,-403.375
21190,-405.775
21191,-397.450
21192,-399.875
21193,-402.125
21194,-404.275
21195,-406.375
21196,-383.275
21197,-401.200
21198,-402.950
21199,-405.175
21200,-382.025
21201,-384.675
21202,-386.850
21203,-404.500
21204,-381.350
21205,-383.475
21206,-385.075
21207,-387.450
21208,-405.650
21209,-382.125
21210,-384.475
21211,-386.375
21212,-388.625
21213,-391.600
21214,-383.625
21215,-385.525
21216,-387.450
21217,-390.325
21218,-392.525
21219,-395.050
21220,-386.800
21221,-389.250
21222,-391.500
21223,-393.375
21224,-396.175
21225,-398.225
21226,-390.075
21227,-392.250
21228,-395.000
21229,-397.100
21230,-399.150
21231,-391.550
21232,-393.500
21233,-396.225
21234,-398.475
21235,-400.750
21236,-402.950
21237,-395.000
21238,-397.150
21239,-399.650
21240,-401.575
21241,-404.350
21242,-406.475
21243,-397.950
21244,-400.225
21245,-402.575
21246,-404.825
21247,-381.550
21248,-383.625
21249,-401.325
21250,-404.300
21251,-406.575
21252,-383.025
21253,-385.225
21254,-377.400
21255,-405.125
21256,-381.600
21257,-383.750
21258,-386.400
21259,-388.825
21260,-406.375
21261,-382.775
21262,-384.975
21263,-387.150
21264,-389.525
21265,-391.950
21266,-384.050
21267,-386.225
21268,-388.975
21269,-390.825
21270,-393.300
21271,-395.725
21272,-387.200
21273,-389.975
21274,-391.800
21275,-394.050
21276,-396.400
21277,-398.775
21278,-390.725
21279,-393.075
21280,-395.775
21281,-397.775
21282,-399.675
21283,-392.225
21284,-394.200
21285,-396.575
21286,-399.050
21287,-401.250
21288,-403.100
21289,-395.675
21290,-398.075
21291,-400.325
21292,-402.175
21293,-404.500
21294,-381.100
21295,-398.850
21296,-401.150
21297,-403.125
21298,-406.175
21299,-382.125
21300,-384.675
21301,-402.050
21302,-404.775
21303,-381.400
21304,-383.850
21305,-385.825
21306,-403.450
21307,-405.425
21308,-382.450
21309,-384.550
21310,-387.100
21311,-389.525
21312,-381.175
21313,-383.625
21314,-385.975
21315,-388.075
21316,-390.525
21317,-392.650
21318,-384.950
21319,-386.925
21320,-388.875
21321,-391.300
21322,-394.200
21323,-395.975
21324,-388.375
21325,-390.600
21326,-392.700
21327,-395.125
21328,-397.450
21329,-389.600
21330,-391.975
21331,-393.925
21332,-396.075
21333,-398.150
21334,-400.575
21335,-392.875
21336,-395.425
21337,-397.325
21338,-399.850
21339,-401.550
21340,-404.500
21341,-396.050
21342,-398.525
21343,-401.100
21344,-403.175
21345,-405.700
21346,-381.750
21347,-399.850
21348,-402.050
21349,-404.000
21350,-406.775
21351,-383.475
21352,-385.300
21353,-403.425
21354,-405.175
21355,-381.825
21356,-384.450
21357,-386.675
21358,-404.200
21359,-406.825
21360,-383.475
21361,-385.050
21362,-387.950
21363,-390.125
21364,-381.975
21365,-384.100
21366,-386.725
21367,-388.625
21368,-391.400
21369,-393.775
21370,-385.800
21371,-388.000
21372,-389.975
21373,-392.650
21374,-394.750
21375,-397.150
21376,-388.475
21377,-391.250
21378,-393.275
21379,-395.925
21380,-397.925
21381,-390.175
21382,-392.325
21383,-394.650
21384,-397.275
21385,-399.375
21386,-401.300
21387,-393.675
21388,-396.000
21389,-397.675
21390,-400.325
21391,-402.900
21392,-404.925
21393,-397.075
21394,-398.775
21395,-401.750
21396,-403.900
21397,-405.925
21398,-382.675
21399,-400.650
21400,-402.775
21401,-404.875
21402,-381.775
21403,-384.250
21404,-386.450
21405,-404.150
21406,-406.225
21407,-382.550
21408,-384.850
21409,-387.200
21410,-405.125
21411,-382.025
21412,-384.150
21413,-386.475
21414,-388.450
21415,-390.650
21416,-383.125
21417,-384.800
21418,-387.125
21419,-389.425
21420,-391.800
21421,-394.200
21422,-385.725
21423,-388.150
21424,-391.050
21425,-392.900
21426,-395.150
21427,-397.850
21428,-389.425
21429,-392.225
21430,-394.375
21431,-396.225
21432,-398.750
21433,-390.825
21434,-393.275
21435,-395.725
21436,-397.975
21437,-399.425
21438,-402.100
21439,-394.500
21440,-396.450
21441,-399.100
21442,-401.375
21443,-403.350
21444,-405.625
21445,-397.725
21446,-400.125
21447,-402.000
21448,-404.600
21449,-381.400
21450,-383.675
21451,-400.850
21452,-403.550
21453,-405.325
21454,-382.500
21455,-384.800
21456,-401.900
21457,-404.300
21458,-381.450
21459,-383.350
21460,-385.575
21461,-388.175
21462,-405.700
21463,-382.775
21464,-384.800
21465,-386.400
21466,-389.150
21467,-391.675
21468,-383.475
21469,-385.975
21470,-388.225
21471,-390.500
21472,-392.625
21473,-395.075
21474,-386.675
21475,-388.950
21476,-391.450
21477,-393.850
21478,-395.750
21479,-398.125
21480,-390.450
21481,-392.325
21482,-395.150
21483,-396.925
21484,-399.475
21485,-391.325
21486,-393.750
21487,-396.175
21488,-398.125
21489,-400.850
21490,-402.375
21491,-394.700
21492,-396.875
21493,-399.225
21494,-401.850
21495,-403.875
21496,-406.675
21497,-398.275
21498,-400.650
21499,-402.775
21500,-405.525
21501,-381.850
21502,-383.800
21503,-401.850
21504,-404.500
21505,-406.375
21506,-382.650
21507,-385.125
21508,-402.625
21509,-405.350
21510,-382.325
21511,-383.950
21512,-386.175
21513,-388.875
21514,-406.325
21515,-382.975
21516,-385.125
21517,-387.375
21518,-389.975
21519,-392.275
21520,-383.850
21521,-386.300
21522,-388.925
21523,-390.650
21524,-393.450
21525,-395.225
21526,-387.025
21527,-389.975
21528,-392.100
21529,-394.450
21530,-396.825
21531,-388.525
21532,-390.675
21533,-393.575
21534,-395.775
21535,-397.850
21536,-399.950
21537,-392.250
21538,-394.700
21539,-396.650
21540,-399.150
21541,-401.250
21542,-403.225
21543,-395.725
21544,-397.925
21545,-400.350
21546,-402.675
21547,-404.875
21548,-381.275
21549,-398.950
21550,-401.425
21551,-403.800
21552,-406.275
21553,-382.775
21554,-384.975
21555,-402.500
21556,-404.700
21557,-381.725
21558,-383.750
21559,-386.325
21560,-403.600
21561,-405.900
21562,-382.925
21563,-384.625
21564,-387.100
21565,-389.625
21566,-381.675
21567,-384.050
21568,-385.725
21569,-388.475
21570,-390.625
21571,-392.650
21572,-385.225
21573,-387.500
21574,-389.425
21575,-391.925
21576,-394.150
21577,-396.125
21578,-388.150
21579,-390.925
21580,-392.900
21581,-395.325
21582,-397.075
21583,-389.350
21584,-392.000
21585,-394.250
21586,-396.275
21587,-398.775
21588,-401.000
21589,-393.075
21590,-395.375
21591,-397.475
21592,-399.725
21593,-402.325
21594,-404.175
21595,-396.125
21596,-398.950
21597,-400.750
21598,-403.125
21599,-405.650
21600,-382.500
21601,-399.350
21602,-402.100
21603,-404.100
21604,-406.375
21605,-383.375
21606,-401.100
21607,-403.100
21608,-405.700
21609,-382.175
21610,-384.525
21611,-386.725
21612,-404.175
21613,-406.200
21614,-383.450
21615,-385.325
21616,-387.400
21617,-389.800
21618,-382.025
21619,-384.800
21620,-386.250
21621,-389.025
21622,-391.350
21623,-393.200
21624,-385.600
21625,-388.000
21626,-390.225
21627,-392.325
21628,-394.950
21629,-396.725
21630,-388.800
21631,-391.625
21632,-393.925
21633,-396.125
21634,-398.125
21635,-390.075
21636,-392.200
21637,-395.050
21638,-397.025
21639,-398.850
21640,-401.850
21641,-393.375
21642,-396.225
21643,-397.875
21644,-400.000
21645,-402.850
21646,-405.350
21647,-397.275
21648,-399.675
21649,-401.550
21650,-403.975
21651,-406.375
21652,-382.875
21653,-400.450
21654,-402.725
21655,-404.725
21656,-381.725
21657,-383.550
21658,-401.400
21659,-403.950
21660,-406.000
21661,-383.125
21662,-384.750
21663,-387.500
21664,-405.125
21665,-381.750
21666,-383.675
21667,-386.400
21668,-388.375
21669,-391.225
21670,-383.125
21671,-384.750
21672,-387.575
21673,-389.875
21674,-392.275
21675,-394.500
21676,-386.000
21677,-388.925
21678,-391.075
21679,-393.250
21680,-395.375
21681,-387.100
21682,-390.050
21683,-392.275
21684,-394.075
21685,-396.225
21686,-398.875
21687,-390.425
21688,-392.975
21689,-395.000
21690,-397.925
21691,-399.975
21692,-402.375
21693,-394.475
21694,-396.425
21695,-398.850
21696,-401.400
21697,-403.475
21698,-405.700
21699,-397.775
21700,-400.325
21701,-402.275
21702,-404.250
21703,-381.600
21704,-383.750
21705,-401.400
21706,-403.525
21707,-405.450
21708,-382.600
21709,-384.900
21710,-402.575
21711,-404.750
21712,-381.100
21713,-383.375
21714,-386.125
21715,-388.400
21716,-405.875
21717,-382.825
21718,-384.750
21719,-387.175
21720,-389.650
21721,-391.775
21722,-383.475
21723,-385.400
21724,-388.325
21725,-390.075
21726,-392.925
21727,-395.050
21728,-387.050
21729,-389.200
21730,-391.925
21731,-393.975
21732,-396.400
21733,-387.975
21734,-390.600
21735,-392.250
21736,-394.650
21737,-397.625
21738,-399.525
21739,-391.800
21740,-394.025
21741,-396.225
21742,-398.575
21743,-401.100
21744,-402.650
21745,-394.850
21746,-397.325
21747,-399.850
21748,-402.150
21749,-404.175
21750,-406.700
21751,-398.475
21752,-400.900
21753,-403.300
21754,-405.650
21755,-381.675
21756,-399.350
21757,-402.050
21758,-404.100
21759,-406.450
21760,-383.025
21761,-385.300
21762,-403.175
21763,-405.450
21764,-381.975
21765,-384.100
21766,-386.700
21767,-389.100
21768,-406.375
21769,-383.375
21770,-385.575
21771,-388.025
21772,-389.625
21773,-392.650
21774,-383.975
21775,-386.400
21776,-388.375
21777,-391.175
21778,-393.625
21779,-395.675
21780,-387.450
21781,-390.025
21782,-392.450
21783,-394.550
21784,-396.600
21785,-389.200
21786,-391.575
21787,-393.375
21788,-395.650
21789,-398.275
21790,-400.600
21791,-392.000
21792,-394.875
21793,-396.800
21794,-399.350
21795,-401.450
21796,-403.950
21797,-395.850
21798,-398.325
21799,-399.950
21800,-402.325
21801,-404.500
21802,-381.525
21803,-399.275
21804,-401.750
21805,-403.975
21806,-406.175
21807,-382.450
21808,-400.175
21809,-402.550
21810,-404.975
21811,-381.675
21812,-383.725
21813,-385.825
21814,-403.750
21815,-406.025
21816,-382.300
21817,-385.175
21818,-386.925
21819,-389.475
21820,-381.650
21821,-384.075
21822,-386.300
21823,-388.325
21824,-390.975
21825,-393.250
21826,-385.000
21827,-387.375
21828,-389.250
21829,-391.875
21830,-393.950
21831,-386.075
21832,-388.225
21833,-391.025
21834,-393.100
21835,-395.175
21836,-397.375
21837,-389.350
21838,-392.150
21839,-394.200
21840,-396.575
21841,-399.050
21842,-400.850
21843,-393.075
21844,-395.125
21845,-397.525
21846,-400.025
21847,-402.100
21848,-404.500
21849,-396.425
21850,-398.425
21851,-401.250
21852,-403.300
21853,-405.975
21854,-382.025
21855,-400.125
21856,-401.950
21857,-404.775
21858,-381.225
21859,-383.350
21860,-401.250
21861,-403.350
21862,-405.400
21863,-382.125
21864,-384.550
21865,-386.325
21866,-404.825
21867,-381.350
21868,-383.475
21869,-385.375
21870,-387.775
21871,-390.450
21872,-382.450
21873,-384.600
21874,-387.150
21875,-389.025
21876,-391.200
21877,-393.350
21878,-385.925
21879,-387.725
21880,-390.250
21881,-392.900
21882,-394.750
21883,-386.575
21884,-389.100
21885,-391.450
21886,-393.675
21887,-395.875
21888,-397.975
21889,-390.525
21890,-392.975
21891,-395.000
21892,-397.175
21893,-399.650
21894,-401.950
21895,-393.825
21896,-395.775
21897,-398.675
21898,-400.500
21899,-402.775
21900,-405.125
21901,-397.075
21902,-399.550
21903,-401.925
21904,-404.175
21905,-406.175
21906,-372.875
21907,-400.250
21908,-403.100
21909,-405.500
21910,-381.875
21911,-384.150
21912,-401.400
21913,-404.050
21914,-406.700
21915,-382.925
21916,-385.200
21917,-387.800
21918,-405.575
21919,-381.650
21920,-384.450
21921,-386.600
21922,-388.750
21923,-390.800
21924,-382.800
21925,-385.425
21926,-387.150
21927,-390.175
21928,-392.500
21929,-394.500
21930,-386.475
21931,-388.950
21932,-390.975
21933,-393.250
21934,-395.550
21935,-387.150
21936,-390.025
21937,-391.800
21938,-394.375
21939,-396.875
21940,-399.275
21941,-391.175
21942,-393.475
21943,-395.525
21944,-397.750
21945,-400.050
21946,-402.675
21947,-394.350
21948,-396.925
21949,-398.750
21950,-401.400
21951,-403.475
21952,-405.850
21953,-397.925
21954,-400.250
21955,-402.625
21956,-404.700
21957,-381.675
21958,-399.025
21959,-401.325
21960,-403.375
21961,-406.075
21962,-382.650
21963,-385.075
21964,-402.500
21965,-404.975
21966,-381.350
21967,-383.950
21968,-385.750
21969,-388.575
21970,-405.875
21971,-382.925
21972,-384.775
21973,-387.375
21974,-389.725
21975,-391.825
21976,-383.850
21977,-386.075
21978,-388.175
21979,-390.800
21980,-392.775
21981,-395.525
21982,-386.850
21983,-389.225
21984,-391.575
21985,-394.025
21986,-396.375
21987,-388.325
21988,-390.775
21989,-393.100
21990,-394.825
21991,-397.725
21992,-399.975
21993,-392.100
21994,-393.950
21995,-396.075
21996,-398.525
21997,-401.100
21998,-403.250
21999,-395.275
22000,-397.225
22001,-399.725
22002,-402.150
22003,-403.975
22004,-406.775
22005,-398.525
22006,-400.750
22007,-403.300
22008,-405.450
22009,-382.250
22010,-400.025
22011,-402.350
22012,-403.900
22013,-406.825
22014,-383.375
22015,-385.375
22016,-403.550
22017,-405.650
22018,-382.425
22019,-384.600
22020,-386.925
22021,-388.500
22022,-381.000
22023,-383.475
22024,-385.375
22025,-387.975
22026,-390.450
22027,-392.650
22028,-384.625
22029,-386.725
22030,-389.050
22031,-391.400
22032,-393.400
22033,-385.425
22034,-387.825
22035,-390.400
22036,-392.775
22037,-394.750
22038,-397.250
22039,-389.100
22040,-391.400
22041,-393.875
22042,-396.175
22043,-398.425
22044,-400.550
22045,-392.150
22046,-395.075
22047,-396.725
22048,-399.375
22049,-401.425
22050,-404.200
22051,-395.675
22052,-398.025
22053,-400.750
22054,-402.625
22055,-404.650
22056,-381.925
22057,-399.200
22058,-401.750
22059,-404.100
22060,-406.100
22061,-383.125
22062,-400.250
22063,-402.525
22064,-405.400
22065,-381.300
22066,-384.275
22067,-386.025
22068,-403.900
22069,-406.075
22070,-382.900
22071,-385.225
22072,-387.175
22073,-389.500
22074,-381.675
22075,-384.100
22076,-386.475
22077,-388.000
22078,-391.025
22079,-392.825
22080,-385.400
22081,-387.400
22082,-389.500
22083,-392.000
22084,-393.925
22085,-386.275
22086,-388.850
22087,-391.075
22088,-393.175
22089,-395.125
22090,-397.525
22091,-389.775
22092,-391.975
22093,-393.975
22094,-396.725
22095,-398.650
22096,-401.450
22097,-393.525
22098,-395.650
22099,-397.850
22100,-399.625
22101,-402.550
22102,-404.875
22103,-396.200
22104,-398.850
22105,-401.050
22106,-403.800
22107,-405.550
22108,-397.750
22109,-400.325
22110,-402.125
22111,-404.775
22112,-381.375
22113,-383.725
22114,-400.925
22115,-403.375
22116,-405.800
22117,-382.175
22118,-385.075
22119,-386.525
22120,-404.700
22121,-381.300
22122,-383.400
22123,-385.400
22124,-388.375
22125,-390.400
22126,-382.500
22127,-385.075
22128,-387.200
22129,-389.475
22130,-391.225
22131,-393.975
22132,-385.850
22133,-388.275
22134,-390.375
22135,-392.825
22136,-394.650
22137,-387.250
22138,-389.525
22139,-391.450
22140,-393.950
22141,-396.225
22142,-398.275
22143,-390.175
22144,-392.925
22145,-395.075
22146,-397.550
22147,-399.925
22148,-401.850
22149,-393.650
22150,-396.275
22151,-398.425
22152,-401.000
22153,-403.375
22154,-405.125
22155,-397.575
22156,-399.825
22157,-401.550
22158,-404.550
22159,-406.650
22160,-398.150
22161,-400.425
22162,-403.350
22163,-405.700
22164,-381.825
22165,-384.750
22166,-401.800
22167,-404.450
22168,-406.875
22169,-382.975
22170,-385.475
22171,-387.800
22172,-405.700
22173,-382.075
22174,-384.300
22175,-386.725
22176,-388.875
22177,-390.800
22178,-383.300
22179,-385.400
22180,-387.975
22181,-389.425
22182,-392.375
22183,-384.500
22184,-386.800
22185,-389.125
22186,-391.225
22187,-392.900
22188,-395.550
22189,-387.875
22190,-390.075
22191,-392.275
22192,-394.550
22193,-396.625
22194,-399.250
22195,-391.075
22196,-393.175
22197,-395.725
22198,-397.675
22199,-400.225
22200,-402.850
22201,-394.825
22202,-396.725
22203,-399.025
22204,-401.150
22205,-403.550
22206,-406.350
22207,-397.950
22208,-400.075
22209,-402.650
22210,-404.725
22211,-381.825
22212,-399.250
22213,-401.750
22214,-403.950
22215,-405.850
22216,-382.975
22217,-384.750
22218,-402.750
22219,-404.550
22220,-381.650
22221,-383.725
22222,-386.325
22223,-388.375
22224,-406.500
22225,-382.950
22226,-384.850
22227,-386.850
22228,-389.950
22229,-391.700
22230,-383.900
22231,-386.175
22232,-388.625
22233,-391.050
22234,-393.100
22235,-385.375
22236,-387.150
22237,-389.775
22238,-391.800
22239,-394.200
22240,-396.450
22241,-388.475
22242,-390.975
22243,-392.650
22244,-395.675
22245,-397.725
22246,-400.175
22247,-391.825
22248,-394.175
22249,-396.825
22250,-398.250
22251,-400.950
22252,-403.425
22253,-395.025
22254,-397.550
22255,-400.150
22256,-402.125
22257,-404.400
22258,-396.225
22259,-398.775
22260,-401.250
22261,-403.550
22262,-405.525
22263,-381.875
22264,-400.125
22265,-402.150
22266,-404.850
22267,-381.100
22268,-383.300
22269,-385.850
22270,-403.475
22271,-405.550
22272,-382.700
22273,-384.600
22274,-386.925
22275,-388.950
22276,-381.350
22277,-383.375
22278,-386.075
22279,-388.175
22280,-390.325
22281,-392.525
22282,-384.650
22283,-387.175
22284,-388.625
22285,-391.700
22286,-393.475
22287,-385.325
22288,-388.275
22289,-390.700
22290,-392.725
22291,-394.850
22292,-396.825
22293,-389.050
22294,-391.125
22295,-393.625
22296,-395.775
22297,-398.125
22298,-400.950
22299,-392.900
22300,-395.150
22301,-397.025
22302,-399.275
22303,-401.900
22304,-403.975
22305,-395.525
22306,-398.325
22307,-400.500
22308,-402.850
22309,-404.975
22310,-397.175
22311,-399.250
22312,-401.850
22313,-403.950
22314,-406.450
22315,-382.975
22316,-400.225
22317,-403.175
22318,-405.400
22319,-381.500
22320,-384.500
22321,-386.525
22322,-404.275
22323,-406.550
22324,-383.200
22325,-385.375
22326,-387.025
22327,-389.700
22328,-381.950
22329,-384.100
22330,-386.575
22331,-388.475
22332,-390.775
22333,-382.700
22334,-385.450
22335,-387.050
22336,-389.325
22337,-391.825
22338,-394.300
22339,-386.475
22340,-388.850
22341,-390.975
22342,-393.525
22343,-395.825
22344,-397.775
22345,-389.750
22346,-391.925
22347,-394.125
22348,-396.875
22349,-399.325
22350,-401.525
22351,-393.375
22352,-395.350
22353,-398.050
22354,-400.175
22355,-402.225
22356,-404.550
22357,-396.775
22358,-398.775
22359,-400.900
22360,-403.800
22361,-406.100
22362,-397.975
22363,-399.750
22364,-402.725
22365,-405.200
22366,-381.225
22367,-383.875
22368,-401.250
22369,-403.425
22370,-405.800
22371,-382.650
22372,-385.200
22373,-387.375
22374,-404.725
22375,-381.750
22376,-383.950
22377,-385.925
22378,-388.225
22379,-390.600
22380,-382.875
22381,-385.000
22382,-386.700
22383,-389.575
22384,-391.875
22385,-383.775
22386,-385.975
22387,-388.225
22388,-390.500
22389,-392.375
22390,-395.350
22391,-387.025
22392,-389.625
22393,-391.875
22394,-394.350
22395,-396.525
22396,-398.850
22397,-390.325
22398,-392.975
22399,-395.050
22400,-397.450
22401,-399.775
22402,-401.625
22403,-394.075
22404,-396.125
22405,-398.825
22406,-400.800
22407,-403.175
22408,-395.375
22409,-397.475
22410,-399.825
22411,-402.275
22412,-404.200
22413,-406.950
22414,-398.250
22415,-401.100
22416,-403.425
22417,-405.400
22418,-381.875
22419,-384.000
22420,-402.050
22421,-404.300
22422,-406.975
22423,-383.025
22424,-385.225
22425,-387.375
22426,-405.650
22427,-382.250
22428,-384.275
22429,-386.925
22430,-388.975
22431,-390.975
22432,-383.400
22433,-385.300
22434,-388.050
22435,-390.075
22436,-392.675
22437,-384.675
22438,-386.925
22439,-389.100
22440,-391.075
22441,-393.175
22442,-395.675
22443,-387.850
22444,-389.750
22445,-392.550
22446,-394.575
22447,-397.325
22448,-398.925
22449,-391.600
22450,-393.400
22451,-395.750
22452,-398.025
22453,-400.325
22454,-402.850
22455,-394.750
22456,-397.000
22457,-399.425
22458,-401.500
22459,-404.000
22460,-396.125
22461,-398.375
22462,-400.450
22463,-402.625
22464,-404.725
22465,-381.250
22466,-398.925
22467,-401.625
22468,-403.600
22469,-406.025
22470,-382.975
22471,-385.275
22472,-402.825
22473,-405.050
22474,-382.050
22475,-384.050
22476,-386.400
22477,-388.325
22478,-405.925
22479,-382.900
22480,-385.325
22481,-387.275
22482,-390.025
22483,-382.125
22484,-383.675
22485,-386.250
22486,-388.500
22487,-390.400
22488,-393.100
22489,-385.325
22490,-387.600
22491,-389.975
22492,-391.800
22493,-394.150
22494,-396.825
22495,-388.250
22496,-390.775
22497,-393.250
22498,-395.775
22499,-397.750
22500,-400.075
22501,-391.825
22502,-393.925
22503,-396.725
22504,-398.625
22505,-401.250
22506,-403.100
22507,-395.675
22508,-397.575
22509,-400.175
22510,-402.100
22511,-404.700
22512,-396.675
22513,-399.150
22514,-401.425
22515,-403.250
22516,-406.025
22517,-382.425
22518,-400.125
22519,-402.550
22520,-404.575
22521,-381.550
22522,-383.775
22523,-385.850
22524,-403.525
22525,-405.550
22526,-382.525
22527,-384.800
22528,-386.375
22529,-389.200
22530,-381.075
22531,-383.950
22532,-385.825
22533,-387.875
22534,-389.975
22535,-382.525
22536,-384.550
22537,-387.150
22538,-389.525
22539,-391.950
22540,-393.525
22541,-385.675
22542,-388.375
22543,-389.875
22544,-392.925
22545,-395.325
22546,-397.325
22547,-389.250
22548,-391.675
22549,-393.975
22550,-395.925
22551,-398.675
22552,-400.600
22553,-393.025
22554,-395.225
22555,-397.675
22556,-399.175
22557,-402.100
22558,-393.875
22559,-396.500
22560,-398.550
22561,-400.650
22562,-403.300
22563,-405.600
22564,-397.325
22565,-399.775
22566,-401.925
22567,-404.250
22568,-406.225
22569,-382.975
22570,-400.950
22571,-403.300
22572,-405.650
22573,-381.925
22574,-384.150
22575,-386.375
22576,-403.700
22577,-406.075
22578,-383.125
22579,-385.500
22580,-387.450
22581,-389.875
22582,-382.325
22583,-384.450
22584,-386.700
22585,-388.900
22586,-391.400
22587,-382.950
22588,-385.600
22589,-387.275
22590,-390.325
22591,-392.675
22592,-394.500
22593,-386.400
22594,-388.750
22595,-390.975
22596,-393.525
22597,-395.350
22598,-398.350
22599,-389.950
22600,-392.250
22601,-394.350
22602,-396.600
22603,-398.750
22604,-401.750
22605,-393.375
22606,-395.650
22607,-398.225
22608,-400.175
22609,-402.450
22610,-394.600
22611,-397.225
22612,-399.075
22613,-401.225
22614,-403.800
22615,-406.225
22616,-398.250
22617,-399.875
22618,-402.850
22619,-404.750
22620,-381.525
22621,-384.100
22622,-401.525
22623,-403.650
22624,-406.075
22625,-382.775
22626,-384.850
22627,-387.200
22628,-404.600
22629,-381.500
22630,-384.100
22631,-385.800
22632,-388.675
22633,-390.325
22634,-383.025
22635,-385.175
22636,-386.700
22637,-389.525
22638,-391.500
22639,-384.100
22640,-385.675
22641,-388.375
22642,-390.375
22643,-393.200
22644,-395.325
22645,-387.000
22646,-389.425
22647,-391.450
22648,-394.125
22649,-396.725
22650,-399.050
22651,-390.625
22652,-392.975
22653,-395.275
22654,-397.850
22655,-400.050
22656,-402.050
22657,-394.025
22658,-396.725
22659,-399.075
22660,-401.200
22661,-403.150
22662,-395.325
22663,-397.725
22664,-399.975
22665,-402.250
22666,-404.300
22667,-381.225
22668,-398.625
22669,-401.000
22670,-402.950
22671,-405.450
22672,-382.025
22673,-384.750
22674,-402.375
22675,-404.825
22676,-381.250
22677,-383.375
22678,-385.400
22679,-387.625
22680,-405.850
22681,-382.500
22682,-384.650
22683,-386.675
22684,-388.925
22685,-380.825
22686,-383.275
22687,-385.925
22688,-387.650
22689,-390.400
22690,-392.625
22691,-384.500
22692,-387.125
22693,-388.700
22694,-391.425
22695,-393.400
22696,-396.000
22697,-388.275
22698,-389.975
22699,-392.875
22700,-394.475
22701,-396.725
22702,-399.575
22703,-391.700
22704,-393.875
22705,-396.175
22706,-397.925
22707,-400.375
22708,-402.850
22709,-394.500
22710,-397.125
22711,-398.950
22712,-401.525
22713,-404.475
22714,-395.850
22715,-398.375
22716,-400.950
22717,-403.175
22718,-405.325
22719,-382.050
22720,-399.675
22721,-401.575
22722,-404.275
22723,-406.775
22724,-383.025
22725,-385.075
22726,-402.725
22727,-405.550
22728,-382.125
22729,-384.425
22730,-386.700
22731,-388.275
22732,-406.450
22733,-383.200
22734,-385.175
22735,-387.300
22736,-389.350
22737,-381.750
22738,-384.475
22739,-386.275
22740,-388.675
22741,-390.875
22742,-392.975
22743,-385.575
22744,-387.725
22745,-390.075
22746,-392.125
22747,-394.575
22748,-396.325
22749,-388.500
22750,-391.150
22751,-392.900
22752,-395.675
22753,-398.175
22754,-400.325
22755,-391.725
22756,-394.650
22757,-396.875
22758,-398.775
22759,-401.100
22760,-393.575
22761,-395.550
22762,-397.775
22763,-399.625
22764,-402.650
22765,-404.350
22766,-396.325
22767,-398.625
22768,-401.525
22769,-403.475
22770,-405.425
22771,-382.450
22772,-399.875
22773,-402.450
22774,-404.750
22775,-381.175
22776,-383.725
22777,-385.975
22778,-403.950
22779,-406.025
22780,-382.550
22781,-384.400
22782,-386.900
22783,-389.675
22784,-381.350
22785,-383.900
22786,-386.175
22787,-388.325
22788,-390.875
22789,-382.125
22790,-384.500
22791,-387.200
22792,-389.100
22793,-391.550
22794,-394.275
22795,-385.475
22796,-388.425
22797,-390.775
22798,-392.375
22799,-395.250
22800,-397.625
22801,-389.025
22802,-391.875
22803,-394.250
22804,-396.625
22805,-398.725
22806,-401.150
22807,-393.075
22808,-395.025
22809,-397.025
22810,-399.975
22811,-401.800
22812,-393.550
22813,-396.225
22814,-398.675
22815,-400.700
22816,-403.175
22817,-405.600
22818,-397.425
22819,-400.050
22820,-402.375
22821,-404.600
22822,-406.325
22823,-382.825
22824,-400.800
22825,-403.225
22826,-405.750
22827,-382.300
22828,-384.200
22829,-386.475
22830,-404.700
22831,-406.850
22832,-383.275
22833,-385.700
22834,-387.825
22835,-405.500
22836,-382.325
22837,-384.300
22838,-386.550
22839,-389.225
22840,-391.050
22841,-383.375
22842,-385.225
22843,-387.650
22844,-389.675
22845,-392.725
22846,-394.300
22847,-386.400
22848,-388.700
22849,-391.125
22850,-393.275
22851,-395.725
22852,-397.825
22853,-389.675
22854,-392.150
22855,-394.750
22856,-396.825
22857,-399.050
22858,-401.450
22859,-393.875
22860,-396.050
22861,-398.350
22862,-400.650
22863,-402.250
22864,-394.750
22865,-397.250
22866,-399.425
22867,-401.725
22868,-404.200
22869,-406.500
22870,-398.075
22871,-400.550
22872,-403.025
22873,-404.875
22874,-381.950
22875,-383.625
22876,-401.800
22877,-404.100
22878,-406.475
22879,-382.525
22880,-385.275
22881,-387.700
22882,-405.125
22883,-381.975
22884,-384.050
22885,-386.400
22886,-388.075
22887,-405.975
22888,-382.825
22889,-385.225
22890,-387.250
22891,-389.875
22892,-392.100
22893,-384.350
22894,-386.075
22895,-388.500
22896,-390.400
22897,-393.025
22898,-395.450
22899,-387.325
22900,-389.850
22901,-391.875
22902,-393.850
22903,-396.825
22904,-398.725
22905,-390.550
22906,-393.500
22907,-395.625
22908,-397.975
22909,-400.325
22910,-392.325
22911,-394.500
22912,-396.425
22913,-399.150
22914,-400.950
22915,-403.700
22916,-395.775
22917,-397.975
22918,-400.075
22919,-402.575
22920,-404.275
22921,-381.100
22922,-398.575
22923,-401.250
22924,-403.625
22925,-405.650
22926,-382.650
22927,-384.900
22928,-402.500
22929,-404.950
22930,-381.400
22931,-383.575
22932,-385.500
22933,-387.975
22934,-405.325
22935,-382.400
22936,-384.850
22937,-386.475
22938,-389.500
22939,-381.500
22940,-383.850
22941,-385.750
22942,-387.600
22943,-390.525
22944,-392.275
22945,-384.400
22946,-387.200
22947,-389.400
22948,-391.700
22949,-393.625
22950,-396.325
22951,-388.100
22952,-390.125
22953,-392.325
22954,-394.575
22955,-397.650
22956,-399.350
22957,-391.125
22958,-393.725
22959,-396.050
22960,-398.550
22961,-400.650
22962,-393.025
22963,-395.025
22964,-397.175
22965,-399.350
22966,-401.700
22967,-403.950
22968,-395.875
22969,-398.725
22970,-401.050
22971,-403.050
22972,-405.075
22973,-381.825
22974,-399.325
22975,-401.650
22976,-404.075
22977,-406.500
22978,-383.350
22979,-385.525
22980,-403.325
22981,-405.600
22982,-382.025
22983,-384.475
22984,-386.675
22985,-404.250
22986,-406.775
22987,-382.925
22988,-385.275
22989,-387.825
22990,-389.975
22991,-382.175
22992,-384.375
22993,-386.575
22994,-388.700
22995,-391.350
22996,-393.550
22997,-385.525
22998,-387.250
22999,-389.875
23000,-391.875
23001,-394.400
23002,-396.825
23003,-388.500
23004,-390.975
23005,-393.200
23006,-395.675
23007,-398.225
23008,-400.550
23009,-392.250
23010,-394.175
23011,-396.525
23012,-399.225
23013,-401.650
23014,-393.750
23015,-395.825
23016,-397.950
23017,-400.225
23018,-402.850
23019,-405.100
23020,-397.150
23021,-399.425
23022,-401.800
23023,-403.250
23024,-405.850
23025,-382.975
23026,-400.150
23027,-402.775
23028,-404.575
23029,-381.600
23030,-383.775
23031,-385.975
23032,-403.975
23033,-405.650
23034,-382.900
23035,-385.275
23036,-387.000
23037,-404.700
23038,-381.925
23039,-383.975
23040,-386.125
23041,-388.375
23042,-390.550
23043,-382.975
23044,-385.325
23045,-387.025
23046,-389.425
23047,-391.800
23048,-394.025
23049,-385.750
23050,-388.150
23051,-390.725
23052,-392.875
23053,-395.350
23054,-397.525
23055,-389.425
23056,-392.200
23057,-394.400
23058,-396.350
23059,-398.750
23060,-390.450
23061,-392.650
23062,-395.575
23063,-397.275
23064,-400.250
23065,-401.925
23066,-394.175
23067,-396.300
23068,-398.875
23069,-401.350
23070,-403.525
23071,-405.275
23072,-397.225
23073,-400.225
23074,-401.800
23075,-404.550
23076,-381.175
23077,-383.075
23078,-401.400
23079,-403.350
23080,-405.225
23081,-382.025
23082,-384.350
23083,-386.925
23084,-404.400
23085,-381.175
23086,-383.075
23087,-385.600
23088,-387.725
23089,-405.300
23090,-382.175
23091,-384.250
23092,-386.700
23093,-389.200
23094,-391.250
23095,-383.075
23096,-385.600
23097,-387.775
23098,-390.600
23099,-392.225
23100,-395.075
23101,-386.325
23102,-389.125
23103,-391.550
23104,-394.025
23105,-396.075
23106,-398.075
23107,-390.225
23108,-392.225
23109,-394.750
23110,-397.350
23111,-399.425
23112,-391.700
23113,-393.450
23114,-395.925
23115,-398.475
23116,-400.850
23117,-403.100
23118,-394.825
23119,-396.925
23120,-399.425
23121,-401.425
23122,-404.000
23123,-406.200
23124,-398.350
23125,-400.650
23126,-403.175
23127,-405.350
23128,-381.550
23129,-383.775
23130,-401.450
23131,-404.250
23132,-406.225
23133,-382.875
23134,-385.275
23135,-377.050
23136,-405.450
23137,-381.550
23138,-384.000
23139,-386.475
23140,-388.950
23141,-406.375
23142,-382.675
23143,-385.125
23144,-387.325
23145,-389.925
23146,-391.950
23147,-383.875
23148,-386.675
23149,-388.325
23150,-391.225
23151,-393.475
23152,-395.025
23153,-387.600
23154,-389.750
23155,-392.425
23156,-394.175
23157,-396.575
23158,-398.975
23159,-391.175
23160,-393.300
23161,-395.850
23162,-397.450
23163,-399.975
23164,-391.625
23165,-394.575
23166,-396.725
23167,-398.975
23168,-401.300
23169,-403.225
23170,-395.450
23171,-397.625
23172,-399.925
23173,-402.375
23174,-405.075
23175,-381.225
23176,-399.050
23177,-401.500
23178,-403.425
23179,-405.750
23180,-382.650
23181,-384.900
23182,-402.500
23183,-404.725
23184,-381.500
23185,-383.775
23186,-386.125
23187,-403.675
23188,-406.000
23189,-382.900
23190,-384.900
23191,-386.675
23192,-389.600
23193,-381.500
23194,-383.975
23195,-386.050
23196,-388.325
23197,-390.500
23198,-392.325
23199,-384.950
23200,-386.925
23201,-389.700
23202,-392.050
23203,-393.750
23204,-396.575
23205,-387.850
23206,-390.800
23207,-392.550
23208,-395.175
23209,-397.550
23210,-389.325
23211,-392.000
23212,-394.300
23213,-396.350
23214,-398.075
23215,-400.725
23216,-392.775
23217,-395.350
23218,-397.025
23219,-399.925
23220,-401.850
23221,-404.050
23222,-396.325
23223,-398.575
23224,-401.000
23225,-402.775
23226,-404.975
23227,-382.125
23228,-399.925
23229,-402.050
23230,-404.575
23231,-406.675
23232,-383.075
23233,-385.325
23234,-402.775
23235,-405.350
23236,-381.850
23237,-384.200
23238,-386.600
23239,-404.450
23240,-406.575
23241,-383.375
23242,-385.525
23243,-387.825
23244,-390.400
23245,-382.425
23246,-384.350
23247,-386.925
23248,-388.575
23249,-391.325
23250,-393.175
23251,-385.375
23252,-387.875
23253,-390.275
23254,-392.675
23255,-394.600
23256,-396.475
23257,-389.300
23258,-391.425
23259,-393.625
23260,-395.825
23261,-397.725
23262,-390.025
23263,-392.425
23264,-394.650
23265,-396.875
23266,-398.925
23267,-401.750
23268,-393.550
23269,-395.625
23270,-398.450
23271,-400.275
23272,-402.450
23273,-405.125
23274,-397.025
23275,-399.525
23276,-401.450
23277,-404.075
23278,-405.850
23279,-382.550
23280,-400.650
23281,-403.050
23282,-405.125
23283,-381.550
23284,-383.850
23285,-386.300
23286,-404.050
23287,-405.925
23288,-383.025
23289,-384.975
23290,-387.250
23291,-404.725
23292,-381.950
23293,-384.200
23294,-385.850
23295,-388.225
23296,-391.200
23297,-382.650
23298,-385.375
23299,-386.925
23300,-390.025
23301,-391.675
23302,-394.200
23303,-386.175
23304,-388.825
23305,-390.975
23306,-393.075
23307,-395.650
23308,-397.775
23309,-389.950
23310,-391.975
23311,-394.450
23312,-396.825
23313,-398.875
23314,-390.925
23315,-393.400
23316,-395.025
23317,-397.650
23318,-399.850
23319,-402.500
23320,-394.050
23321,-396.575
23322,-398.425
23323,-401.050
23324,-403.225
23325,-405.975
23326,-397.650
23327,-400.175
23328,-402.250
23329,-404.725
23330,-381.300
23331,-383.625
23332,-401.400
23333,-403.250
23334,-405.300
23335,-382.550
23336,-384.375
23337,-401.925
23338,-404.500
23339,-381.500
23340,-383.525
23341,-386.075
23342,-387.775
23343,-405.700
23344,-382.700
23345,-384.950
23346,-386.700
23347,-388.800
23348,-391.775
23349,-383.175
23350,-385.825
23351,-388.350
23352,-390.325
23353,-392.775
23354,-394.825
23355,-386.625
23356,-389.125
23357,-391.500
23358,-393.875
23359,-396.500
23360,-398.750
23361,-390.375
23362,-392.250
23363,-395.150
23364,-397.150
23365,-399.675
23366,-391.500
23367,-394.250
23368,-396.275
23369,-398.725
23370,-400.700
23371,-402.850
23372,-394.500
23373,-397.275
23374,-399.675
23375,-401.750
23376,-404.475
23377,-406.275
23378,-398.325
23379,-401.050
23380,-402.850
23381,-405.450
23382,-381.650
23383,-384.550
23384,-401.850
23385,-403.900
23386,-406.175
23387,-383.300
23388,-385.125
23389,-402.950
23390,-405.425
23391,-382.250
23392,-384.275
23393,-386.175
23394,-388.675
23395,-406.125
23396,-383.350
23397,-385.425
23398,-387.625
23399,-389.625
23400,-392.150
23401,-384.175
23402,-386.600
23403,-388.875
23404,-390.875
23405,-393.625
23406,-395.625
23407,-387.875
23408,-389.650
23409,-392.425
23410,-394.750
23411,-396.925
23412,-388.625
23413,-391.350
23414,-393.400
23415,-395.625
23416,-397.575
23417,-400.425
23418,-392.150
23419,-394.825
23420,-396.925
23421,-399.025
23422,-401.525
23423,-403.325
23424,-395.975
23425,-397.975
23426,-400.650
23427,-402.750
23428,-405.025
23429,-381.625
23430,-398.825
23431,-401.700
23432,-404.000
23433,-405.900
23434,-382.450
23435,-385.000
23436,-402.500
23437,-405.225
23438,-381.400
23439,-383.675
23440,-386.175
23441,-403.600
23442,-406.325
23443,-382.675
23444,-384.950
23445,-387.450
23446,-389.000
23447,-381.725
23448,-383.975
23449,-385.925
23450,-388.575
23451,-390.625
23452,-393.100
23453,-384.625
23454,-386.725
23455,-389.725
23456,-392.100
23457,-394.200
23458,-396.325
23459,-388.225
23460,-390.900
23461,-393.025
23462,-395.450
23463,-397.625
23464,-389.350
23465,-391.800
23466,-394.025
23467,-396.125
23468,-398.750
23469,-400.650
23470,-392.900
23471,-395.675
23472,-397.525
23473,-400.175
23474,-402.050
23475,-404.000
23476,-396.375
23477,-398.725
23478,-400.575
23479,-403.100
23480,-405.075
23481,-382.400
23482,-399.675
23483,-402.100
23484,-404.400
23485,-406.875
23486,-383.125
23487,-400.600
23488,-403.250
23489,-405.975
23490,-382.175
23491,-384.675
23492,-387.000
23493,-404.100
23494,-381.250
23495,-383.025
23496,-385.925
23497,-387.975
23498,-390.125
23499,-382.450
23500,-384.100
23501,-386.925
23502,-389.325
23503,-391.050
23504,-393.850
23505,-385.475
23506,-388.325
23507,-390.025
23508,-392.650
23509,-394.600
23510,-396.825
23511,-388.925
23512,-391.200
23513,-394.025
23514,-396.125
23515,-397.950
23516,-390.075
23517,-392.250
23518,-394.850
23519,-396.875
23520,-399.425
23521,-401.700
23522,-393.475
23523,-395.650
23524,-398.375
23525,-400.450
23526,-402.950
23527,-404.825
23528,-397.525
23529,-399.425
23530,-401.800
23531,-403.750
23532,-406.325
23533,-383.200
23534,-400.450
23535,-402.675
23536,-405.425
23537,-381.975
23538,-383.650
23539,-401.325
23540,-403.875
23541,-406.225
23542,-382.975
23543,-385.225
23544,-387.450
23545,-405.025
23546,-381.750
23547,-384.050
23548,-386.475
23549,-388.050
23550,-390.775
23551,-382.975
23552,-385.525
23553,-387.325
23554,-389.325
23555,-392.325
23556,-394.600
23557,-386.575
23558,-388.850
23559,-390.900
23560,-393.300
23561,-395.675
23562,-387.400
23563,-389.750
23564,-392.325
23565,-393.925
23566,-396.925
23567,-399.050
23568,-391.350
23569,-393.400
23570,-395.650
23571,-398.125
23572,-400.225
23573,-402.450
23574,-394.300
23575,-396.600
23576,-398.825
23577,-401.450
23578,-403.700
23579,-405.700
23580,-397.775
23581,-399.875
23582,-402.525
23583,-404.575
23584,-381.500
23585,-383.300
23586,-400.900
23587,-403.750
23588,-405.400
23589,-382.450
23590,-384.750
23591,-402.275
23592,-405.050
23593,-381.400
23594,-384.000
23595,-386.250
23596,-388.100
23597,-405.750
23598,-382.700
23599,-384.750
23600,-387.200
23601,-389.425
23602,-391.350
23603,-383.975
23604,-386.050
23605,-388.250
23606,-390.250
23607,-392.625
23608,-395.000
23609,-387.375
23610,-389.225
23611,-391.875
23612,-393.850
23613,-396.225
23614,-387.975
23615,-390.700
23616,-393.100
23617,-394.850
23618,-397.350
23619,-399.775
23620,-391.325
23621,-394.200
23622,-396.175
23623,-398.575
23624,-400.650
23625,-403.300
23626,-395.125
23627,-397.275
23628,-399.375
23629,-402.175
23630,-404.375
23631,-406.850
23632,-398.525
23633,-401.000
23634,-403.375
23635,-405.300
23636,-381.950
23637,-399.675
23638,-402.350
23639,-404.650
23640,-406.575
23641,-383.375
23642,-385.650
23643,-403.375
23644,-405.700
23645,-381.950
23646,-384.175
23647,-386.925
23648,-388.825
23649,-406.450
23650,-383.525
23651,-385.650
23652,-387.725
23653,-390.175
23654,-392.600
23655,-384.300
23656,-386.800
23657,-389.250
23658,-391.050
23659,-393.400
23660,-395.350
23661,-387.850
23662,-390.450
23663,-392.600
23664,-395.025
23665,-397.025
23666,-388.575
23667,-391.125
23668,-393.250
23669,-395.825
23670,-397.825
23671,-400.225
23672,-392.275
23673,-394.875
23674,-396.975
23675,-399.125
23676,-401.750
23677,-403.850
23678,-395.425
23679,-398.325
23680,-400.450
23681,-402.550
23682,-405.100
23683,-381.850
23684,-399.175
23685,-401.550
23686,-403.675
23687,-405.900
23688,-383.025
23689,-400.750
23690,-402.375
23691,-404.500
23692,-381.625
23693,-384.050
23694,-385.725
23695,-404.075
23696,-406.075
23697,-382.425
23698,-384.975
23699,-387.450
23700,-389.475
23701,-382.050
23702,-383.650
23703,-386.300
23704,-388.375
23705,-390.825
23706,-392.975
23707,-385.150
23708,-387.500
23709,-389.350
23710,-392.200
23711,-394.450
23712,-385.800
23713,-388.175
23714,-390.975
23715,-393.025
23716,-395.450
23717,-397.375
23718,-389.475
23719,-391.625
23720,-394.250
23721,-396.575
23722,-398.975
23723,-401.375
23724,-393.475
23725,-395.350
23726,-397.625
23727,-400.000
23728,-401.850
23729,-404.650
23730,-396.775
23731,-398.625
23732,-401.250
23733,-403.175
23734,-405.400
23735,-382.450
23736,-400.075
23737,-402.350
23738,-404.475
23739,-381.075
23740,-383.025
23741,-401.300
23742,-402.950
23743,-405.650
23744,-382.525
23745,-384.850
23746,-386.825
23747,-404.700
23748,-381.550
23749,-383.875
23750,-385.750
23751,-387.775
23752,-390.150
23753,-382.400
23754,-384.450
23755,-387.000
23756,-389.250
23757,-391.575
23758,-393.975
23759,-386.150
23760,-388.225
23761,-390.600
23762,-392.275
23763,-395.325
23764,-386.925
23765,-389.025
23766,-391.500
23767,-393.450
23768,-396.075
23769,-398.450
23770,-390.375
23771,-392.275
23772,-394.875
23773,-397.275
23774,-399.850
23775,-402.000
23776,-393.850
23777,-395.925
23778,-398.350
23779,-400.750
23780,-403.150
23781,-405.075
23782,-396.925
23783,-399.750
23784,-401.650
23785,-403.600
23786,-405.925
23787,-372.325
23788,-400.275
23789,-402.850
23790,-405.225
23791,-381.975
23792,-384.275
23793,-401.750
23794,-404.275
23795,-406.125
23796,-383.025
23797,-385.075
23798,-387.450
23799,-405.450
23800,-381.975
23801,-384.400
23802,-386.675
23803,-388.975
23804,-390.925
23805,-383.125
23806,-385.525
23807,-387.175
23808,-389.650
23809,-391.700
23810,-394.475
23811,-386.575
23812,-388.850
23813,-391.125
23814,-393.625
23815,-396.000
23816,-387.725
23817,-389.825
23818,-392.150
23819,-394.125
23820,-396.925
23821,-399.200
23822,-391.325
23823,-393.350
23824,-395.875
23825,-397.775
23826,-400.450
23827,-402.000
23828,-394.575
23829,-397.075
23830,-399.125
23831,-401.200
23832,-403.950
23833,-406.275
23834,-397.975
23835,-400.175
23836,-402.450
23837,-405.225
23838,-381.250
23839,-399.050
23840,-401.650
23841,-403.875
23842,-406.275
23843,-382.425
23844,-384.850
23845,-402.125
23846,-405.075
23847,-381.625
23848,-383.475
23849,-385.900
23850,-387.950
23851,-406.000
23852,-382.300
23853,-384.625
23854,-386.775
23855,-389.725
23856,-391.825
23857,-384.050
23858,-386.275
23859,-388.425
23860,-390.375
23861,-392.775
23862,-394.875
23863,-387.250
23864,-389.225
23865,-391.825
23866,-394.200
23867,-396.325
23868,-388.625
23869,-390.725
23870,-393.025
23871,-395.525
23872,-397.075
23873,-399.950
23874,-392.150
23875,-394.125
23876,-396.375
23877,-399.025
23878,-401.400
23879,-403.225
23880,-395.475
23881,-397.625
23882,-399.875
23883,-402.350
23884,-404.300
23885,-406.500
23886,-399.025
23887,-400.800
23888,-402.900
23889,-405.750
23890,-382.425
23891,-399.425
23892,-402.175
23893,-404.700
23894,-406.275
23895,-383.200
23896,-385.600
23897,-403.600
23898,-405.900
23899,-381.925
23900,-384.700
23901,-386.375
23902,-389.100
23903,-406.750
23904,-383.250
23905,-385.750
23906,-387.450
23907,-390.400
23908,-392.450
23909,-384.600
23910,-386.700
23911,-389.425
23912,-391.175
23913,-393.950
23914,-385.700
23915,-387.625
23916,-390.325
23917,-392.100
23918,-394.750
23919,-397.225
23920,-389.425
23921,-390.975
23922,-393.950
23923,-395.775
23924,-398.175
23925,-400.650
23926,-392.275
23927,-395.150
23928,-397.350
23929,-399.325
23930,-401.925
23931,-404.250
23932,-395.775
23933,-398.150
23934,-400.525
23935,-402.625
23936,-405.225
23937,-382.075
23938,-399.225
23939,-401.750
23940,-404.350
23941,-406.475
23942,-382.450
23943,-400.900
23944,-402.950
23945,-404.775
23946,-381.875
23947,-384.150
23948,-386.050
23949,-404.050
23950,-406.100
23951,-382.800
23952,-385.300
23953,-387.500
23954,-390.075
23955,-381.400
23956,-384.050
23957,-386.400
23958,-388.500
23959,-391.050
23960,-393.625
23961,-385.425
23962,-387.775
23963,-389.600
23964,-392.325
23965,-394.275
23966,-386.350
23967,-388.500
23968,-390.650
23969,-393.100
23970,-395.450
23971,-397.625
23972,-389.500
23973,-391.675
23974,-394.175
23975,-396.325
23976,-398.825
23977,-401.450
23978,-392.875
23979,-395.775
23980,-398.075
23981,-400.025
23982,-401.950
23983,-404.725
23984,-396.450
23985,-399.175
23986,-401.375
23987,-403.450
23988,-406.125
23989,-397.550
23990,-400.450
23991,-402.275
23992,-404.250
23993,-381.175
23994,-383.800
23995,-401.200
23996,-403.475
23997,-405.925
23998,-382.400
23999,-384.600
24000,-386.925
24001,-405.025
24002,-381.650
24003,-383.525
24004,-386.125
24005,-387.700
24006,-390.425
24007,-382.175
24008,-385.000
24009,-387.175
24010,-389.425
24011,-391.925
24012,-394.275
24013,-386.050
24014,-387.725
24015,-390.875
24016,-393.075
24017,-395.225
24018,-387.275
24019,-389.050
24020,-391.550
24021,-394.200
24022,-396.425
24023,-398.825
24024,-390.925
24025,-393.100
24026,-395.150
24027,-397.575
24028,-399.375
24029,-402.050
24030,-393.975
24031,-396.125
24032,-398.275
24033,-400.750
24034,-403.300
24035,-405.425
24036,-397.350
24037,-399.750
24038,-401.700
24039,-404.175
24040,-406.575
24041,-398.625
24042,-400.825
24043,-403.100
24044,-405.625
24045,-382.250
24046,-384.475
24047,-401.900
24048,-404.075
24049,-406.700
24050,-383.075
24051,-385.525
24052,-387.975
24053,-405.175
24054,-382.225
24055,-384.275
24056,-386.725
24057,-388.925
24058,-390.725
24059,-382.975
24060,-385.650
24061,-388.100
24062,-389.925
24063,-392.050
24064,-384.200
24065,-386.325
24066,-388.425
24067,-391.500
24068,-393.475
24069,-395.900
24070,-387.400
24071,-390.450
24072,-392.525
24073,-394.700
24074,-396.450
24075,-399.425
24076,-391.400
24077,-393.075
24078,-395.550
24079,-397.925
24080,-400.150
24081,-402.950
24082,-394.875
24083,-396.875
24084,-398.725
24085,-401.500
24086,-403.750
24087,-406.225
24088,-398.275
24089,-400.350
24090,-402.275
24091,-405.225
24092,-381.825
24093,-399.025
24094,-401.700
24095,-404.075
24096,-406.125
24097,-382.900
24098,-384.750
24099,-402.950
24100,-404.700
24101,-382.050
24102,-384.200
24103,-385.975
24104,-388.625
24105,-406.100
24106,-382.700
24107,-385.200
24108,-387.375
24109,-389.325
24110,-392.000
24111,-384.200
24112,-386.525
24113,-388.850
24114,-390.500
24115,-392.600
24116,-385.325
24117,-386.925
24118,-389.825
24119,-392.200
24120,-394.150
24121,-396.225
24122,-388.475
24123,-390.725
24124,-393.375
24125,-395.250
24126,-397.650
24127,-400.225
24128,-392.325
24129,-394.350
24130,-396.125
24131,-398.650
24132,-400.850
24133,-403.300
24134,-395.325
24135,-397.950
24136,-399.950
24137,-402.450
24138,-404.100
24139,-396.775
24140,-398.575
24141,-401.250
24142,-403.250
24143,-405.650
24144,-382.550
24145,-400.325
24146,-402.550
24147,-404.350
24148,-381.450
24149,-383.850
24150,-385.800
24151,-403.600
24152,-406.100
24153,-381.950
24154,-384.875
24155,-386.850
24156,-389.250
24157,-381.225
24158,-383.475
24159,-385.975
24160,-387.725
24161,-390.075
24162,-392.775
24163,-385.000
24164,-387.275
24165,-389.500
24166,-391.350
24167,-393.775
24168,-385.800
24169,-387.975
24170,-390.375
24171,-392.625
24172,-394.575
24173,-396.925
24174,-389.300
24175,-391.500
24176,-393.775
24177,-396.075
24178,-398.575
24179,-400.950
24180,-392.225
24181,-394.800
24182,-397.525
24183,-399.525
24184,-401.650
24185,-403.750
24186,-396.475
24187,-398.750
24188,-400.550
24189,-403.050
24190,-404.825
24191,-397.525
24192,-399.550
24193,-401.700
24194,-404.400
24195,-406.675
24196,-382.675
24197,-400.650
24198,-403.025
24199,-405.550
24200,-382.350
24201,-384.300
24202,-386.275
24203,-404.350
24204,-406.650
24205,-383.200
24206,-385.125
24207,-387.775
24208,-390.250
24209,-382.325
24210,-384.400
24211,-386.225
24212,-388.575
24213,-390.875
24214,-382.825
24215,-385.475
24216,-387.925
24217,-389.975
24218,-392.100
24219,-394.475
24220,-386.275
24221,-388.825
24222,-390.625
24223,-393.200
24224,-395.825
24225,-398.025
24226,-390.150
24227,-392.550
24228,-394.500
24229,-396.475
24230,-398.975
24231,-401.500
24232,-393.300
24233,-395.575
24234,-398.150
24235,-399.850
24236,-402.850
24237,-404.600
24238,-396.525
24239,-399.225
24240,-401.400
24241,-403.875
24242,-405.925
24243,-397.950
24244,-400.325
24245,-402.525
24246,-405.225
24247,-381.400
24248,-383.950
24249,-401.250
24250,-403.800
24251,-405.750
24252,-382.875
24253,-384.800
24254,-386.900
24255,-404.875
24256,-381.825
24257,-383.475
24258,-386.250
24259,-388.625
24260,-390.500
24261,-382.675
24262,-385.050
24263,-387.400
24264,-388.950
24265,-391.550
24266,-383.950
24267,-386.375
24268,-388.525
24269,-390.625
24270,-392.825
24271,-395.575
24272,-387.200
24273,-389.300
24274,-392.000
24275,-393.975
24276,-396.525
24277,-398.475
24278,-391.125
24279,-393.075
24280,-395.350
24281,-397.375
24282,-400.025
24283,-402.050
24284,-394.400
24285,-396.175
24286,-398.475
24287,-400.500
24288,-403.125
24289,-395.050
24290,-397.875
24291,-400.150
24292,-402.375
24293,-404.650
24294,-381.450
24295,-398.925
24296,-400.750
24297,-403.100
24298,-405.925
24299,-382.175
24300,-384.400
24301,-402.125
24302,-404.775
24303,-381.050
24304,-383.550
24305,-385.800
24306,-387.500
24307,-405.325
24308,-382.075
24309,-384.350
24310,-387.050
24311,-389.250
24312,-391.175
24313,-383.750
24314,-385.825
24315,-387.375
24316,-390.575
24317,-392.525
24318,-384.175
24319,-386.850
24320,-389.475
24321,-391.350
24322,-393.400
24323,-395.475
24324,-387.775
24325,-390.250
24326,-392.550
24327,-394.800
24328,-396.825
24329,-399.550
24330,-391.450
24331,-393.500
24332,-395.525
24333,-398.425
24334,-400.350
24335,-402.950
24336,-395.175
24337,-396.775
24338,-399.625
24339,-401.650
24340,-403.900
24341,-396.175
24342,-398.125
24343,-400.225
24344,-402.950
24345,-405.175
24346,-382.025
24347,-399.375
24348,-401.750
24349,-404.175
24350,-406.475
24351,-382.675
24352,-385.400
24353,-402.850
24354,-405.400
24355,-381.675
24356,-384.175
24357,-386.075
24358,-388.275
24359,-406.600
24360,-382.875
24361,-385.400
24362,-387.725
24363,-389.750
24364,-381.950
24365,-384.000
24366,-385.975
24367,-388.800
24368,-391.225
24369,-393.175
24370,-385.075
24371,-387.100
24372,-389.475
24373,-391.700
24374,-394.450
24375,-396.625
24376,-388.250
24377,-391.175
24378,-393.650
24379,-395.175
24380,-397.650
24381,-400.075
24382,-392.200
24383,-394.375
24384,-396.575
24385,-399.275
24386,-401.500
24387,-403.350
24388,-395.575
24389,-398.025
24390,-400.350
24391,-402.375
24392,-404.600
24393,-396.350
24394,-398.975
24395,-401.200
24396,-403.550
24397,-405.800
24398,-382.675
24399,-400.075
24400,-402.425
24401,-404.950
24402,-381.000
24403,-383.575
24404,-385.825
24405,-403.450
24406,-405.750
24407,-382.550
24408,-384.800
24409,-387.175
24410,-389.650
24411,-381.075
24412,-383.650
24413,-385.850
24414,-388.150
24415,-390.450
24416,-382.425
24417,-384.700
24418,-386.675
24419,-389.325
24420,-391.725
24421,-394.025
24422,-385.725
24423,-388.575
24424,-390.450
24425,-393.025
24426,-394.950
24427,-397.450
24428,-389.150
24429,-391.500
24430,-394.200
24431,-396.400
24432,-398.575
24433,-400.850
24434,-393.025
24435,-395.350
24436,-397.650
24437,-399.875
24438,-402.175
24439,-394.025
24440,-396.225
24441,-398.750
24442,-400.950
24443,-402.950
24444,-405.650
24445,-397.375
24446,-399.325
24447,-401.525
24448,-403.900
24449,-406.775
24450,-383.050
24451,-401.150
24452,-403.300
24453,-405.325
24454,-382.250
24455,-384.400
24456,-386.525
24457,-403.875
24458,-406.825
24459,-383.525
24460,-385.325
24461,-387.775
24462,-390.375
24463,-382.075
24464,-384.550
24465,-386.725
24466,-388.400
24467,-391.400
24468,-383.575
24469,-385.425
24470,-387.825
24471,-390.150
24472,-391.875
24473,-394.500
24474,-386.675
24475,-388.825
24476,-391.450
24477,-393.175
24478,-395.675
24479,-398.250
24480,-390.025
24481,-392.375
24482,-394.500
24483,-396.475
24484,-399.425
24485,-401.325
24486,-393.575
24487,-395.675
24488,-398.450
24489,-400.600
24490,-402.550
24491,-394.750
24492,-396.500
24493,-399.150
24494,-401.550
24495,-403.550
24496,-405.700
24497,-398.225
24498,-400.225
24499,-402.675
24500,-405.025
24501,-381.600
24502,-384.250
24503,-401.800
24504,-403.350
24505,-406.075
24506,-382.425
24507,-384.900
24508,-387.175
24509,-405.300
24510,-381.925
24511,-383.950
24512,-386.400
24513,-388.675
24514,-390.800
24515,-382.875
24516,-385.125
24517,-387.525
24518,-389.950
24519,-392.275
24520,-384.350
24521,-386.350
24522,-388.775
24523,-390.550
24524,-392.925
24525,-394.850
24526,-387.450
24527,-389.350
24528,-392.100
24529,-393.950
24530,-396.650
24531,-398.750
24532,-391.125
24533,-393.075
24534,-395.375
24535,-397.325
24536,-399.925
24537,-402.525
24538,-393.875
24539,-396.550
24540,-398.850
24541,-401.300
24542,-403.300
24543,-395.275
24544,-397.325
24545,-400.025
24546,-402.150
24547,-404.875
24548,-381.450
24549,-398.975
24550,-401.000
24551,-403.225
24552,-406.000
24553,-382.050
24554,-384.875
24555,-402.375
24556,-404.500
24557,-381.450
24558,-383.650
24559,-385.300
24560,-387.825
24561,-405.700
24562,-382.125
24563,-384.275
24564,-386.675
24565,-388.950
24566,-381.550
24567,-383.800
24568,-385.475
24569,-388.050
24570,-390.550
24571,-392.625
24572,-384.675
24573,-386.700
24574,-389.250
24575,-391.400
24576,-393.750
24577,-395.850
24578,-387.650
24579,-390.275
24580,-392.600
24581,-394.950
24582,-397.075
24583,-399.575
24584,-391.825
24585,-394.075
24586,-395.875
24587,-398.675
24588,-400.900
24589,-403.000
24590,-395.050
24591,-397.450
24592,-399.725
24593,-401.900
24594,-404.375
24595,-395.925
24596,-398.150
24597,-400.900
24598,-402.725
24599,-405.075
24600,-381.675
24601,-399.875
24602,-402.175
24603,-403.875
24604,-406.425
24605,-383.300
24606,-385.000
24607,-402.525
24608,-405.325
24609,-381.925
24610,-384.000
24611,-386.300
24612,-388.475
24613,-406.675
24614,-383.175
24615,-385.425
24616,-387.400
24617,-389.600
24618,-381.675
24619,-384.050
24620,-386.550
24621,-388.900
24622,-390.725
24623,-393.525
24624,-385.575
24625,-387.175
24626,-390.150
24627,-392.000
24628,-394.700
24629,-397.025
24630,-388.600
24631,-390.900
24632,-393.250
24633,-395.325
24634,-398.050
24635,-400.425
24636,-392.500
24637,-394.300
24638,-397.100
24639,-399.150
24640,-401.550
24641,-393.250
24642,-395.575
24643,-397.825
24644,-400.275
24645,-402.050
24646,-404.700
24647,-396.725
24648,-399.025
24649,-401.400
24650,-404.000
24651,-405.650
24652,-382.525
24653,-400.000
24654,-402.500
24655,-404.775
24656,-381.725
24657,-383.775
24658,-386.225
24659,-404.150
24660,-406.425
24661,-382.600
24662,-384.850
24663,-387.050
24664,-389.750
24665,-381.650
24666,-383.400
24667,-386.325
24668,-387.975
24669,-390.875
24670,-382.925
24671,-385.125
24672,-387.450
24673,-389.600
24674,-391.925
24675,-394.125
24676,-385.575
24677,-388.325
24678,-390.425
24679,-393.250
24680,-395.175
24681,-397.825
24682,-389.875
24683,-391.975
24684,-393.875
24685,-396.575
24686,-398.575
24687,-400.550
24688,-392.825
24689,-395.075
24690,-397.625
24691,-399.925
24692,-401.925
24693,-393.675
24694,-396.225
24695,-398.925
24696,-400.450
24697,-403.225
24698,-405.325
24699,-398.025
24700,-400.250
24701,-401.925
24702,-404.600
24703,-406.700
24704,-383.350
24705,-400.950
24706,-403.550
24707,-405.800
24708,-382.125
24709,-384.475
24710,-386.625
24711,-404.275
24712,-406.950
24713,-383.400
24714,-385.850
24715,-387.375
24716,-405.700
24717,-382.175
24718,-384.300
24719,-386.325
24720,-388.925
24721,-391.625
24722,-383.250
24723,-385.500
24724,-388.175
24725,-390.150
24726,-392.675
24727,-395.025
24728,-386.625
24729,-389.125
24730,-391.600
24731,-393.825
24732,-396.200
24733,-398.275
24734,-390.275
24735,-392.725
24736,-394.450
24737,-397.075
24738,-399.575
24739,-401.650
24740,-393.450
24741,-396.000
24742,-398.525
24743,-400.600
24744,-402.725
24745,-395.050
24746,-396.825
24747,-399.150
24748,-401.925
24749,-404.275
24750,-406.100
24751,-398.075
24752,-400.825
24753,-402.450
24754,-405.275
24755,-381.775
24756,-384.100
24757,-401.575
24758,-403.775
24759,-406.225
24760,-382.975
24761,-385.125
24762,-387.275
24763,-405.500
24764,-382.175
24765,-384.300
24766,-386.250
24767,-388.425
24768,-406.075
24769,-382.925
24770,-385.525
24771,-387.250
24772,-389.650
24773,-391.925
24774,-384.050
24775,-386.475
24776,-388.775
24777,-391.050
24778,-393.025
24779,-395.175
24780,-387.000
24781,-389.975
24782,-391.775
24783,-394.025
24784,-396.650
24785,-399.225
24786,-390.625
24787,-393.200
24788,-395.025
24789,-397.725
24790,-400.350
24791,-392.000
24792,-394.375
24793,-397.025
24794,-399.175
24795,-401.375
24796,-403.325
24797,-395.675
24798,-397.475
24799,-399.975
24800,-402.500
24801,-404.750
24802,-380.775
24803,-398.875
24804,-400.825
24805,-403.750
24806,-405.750
24807,-382.700
24808,-384.525
24809,-402.450
24810,-404.975
24811,-381.400
24812,-383.525
24813,-385.500
24814,-387.775
24815,-405.650
24816,-382.225
24817,-385.075
24818,-387.150
24819,-389.325
24820,-381.050
24821,-383.900
24822,-386.250
24823,-388.325
24824,-390.825
24825,-392.525
24826,-385.150
24827,-386.925
24828,-388.950
24829,-391.400
24830,-394.125
24831,-396.075
24832,-388.475
24833,-390.425
24834,-392.375
24835,-394.650
24836,-397.575
24837,-399.250
24838,-391.600
24839,-393.775
24840,-396.050
24841,-398.425
24842,-400.950
24843,-392.775
24844,-395.350
24845,-397.575
24846,-399.475
24847,-402.050
24848,-403.800
24849,-396.550
24850,-398.725
24851,-400.825
24852,-402.525
24853,-405.425
24854,-381.975
24855,-399.275
24856,-401.750
24857,-404.200
24858,-406.175
24859,-383.300
24860,-385.500
24861,-403.150
24862,-405.175
24863,-381.925
24864,-384.175
24865,-386.450
24866,-403.775
24867,-406.375
24868,-383.025
24869,-385.700
24870,-387.525
24871,-389.750
24872,-381.950
24873,-384.350
24874,-386.700
24875,-388.700
24876,-391.350
24877,-393.450
24878,-385.200
24879,-387.825
24880,-390.125
24881,-392.250
24882,-394.475
24883,-397.000
24884,-388.750
24885,-391.400
24886,-393.850
24887,-395.750
24888,-398.150
24889,-400.250
24890,-392.550
24891,-394.925
24892,-396.925
24893,-399.425
24894,-401.350
24895,-393.200
24896,-395.875
24897,-398.450
24898,-400.600
24899,-402.775
24900,-405.125
24901,-396.675
24902,-399.025
24903,-401.200
24904,-403.650
24905,-405.850
24906,-382.925
24907,-400.450
24908,-402.850
24909,-404.850
24910,-381.175
24911,-383.775
24912,-386.025
24913,-403.475
24914,-406.125
24915,-382.675
24916,-385.050
24917,-387.100
24918,-405.500
24919,-381.850
24920,-383.525
24921,-385.975
24922,-388.325
24923,-390.525
24924,-383.025
24925,-384.850
24926,-387.025
24927,-389.225
24928,-392.200
24929,-393.950
24930,-386.075
24931,-388.850
24932,-390.625
24933,-392.975
24934,-395.650
24935,-397.550
24936,-389.925
24937,-391.700
24938,-394.025
24939,-396.650
24940,-398.675
24941,-391.075
24942,-393.150
24943,-395.425
24944,-397.675
24945,-400.225
24946,-402.050
24947,-394.450
24948,-396.550
24949,-399.025
24950,-400.850
24951,-403.250
24952,-405.225
24953,-397.875
24954,-399.650
24955,-402.325
24956,-404.700
24957,-380.875
24958,-383.525
24959,-401.425
24960,-403.350
24961,-405.975
24962,-382.725
24963,-384.450
24964,-386.800
24965,-404.725
24966,-381.075
24967,-383.625
24968,-385.900
24969,-388.275
24970,-405.325
24971,-382.025
24972,-384.600
24973,-387.250
24974,-389.400
24975,-391.350
24976,-383.650
24977,-385.575
24978,-387.850
24979,-390.650
24980,-392.550
24981,-394.825
24982,-386.325
24983,-389.150
24984,-391.075
24985,-394.050
24986,-396.075
24987,-398.675
24988,-390.600
24989,-392.250
24990,-395.175
24991,-397.475
24992,-399.475
24993,-391.300
24994,-393.875
24995,-396.350
24996,-398.275
24997,-400.425
24998,-403.175
24999,-395.125
25000,-397.275
25001,-399.275
25002,-401.450
25003,-404.150
25004,-406.650
25005,-398.575
25006,-400.600
25007,-402.950
25008,-405.075
25009,-382.025
25010,-384.075
25011,-401.750
25012,-404.400
25013,-406.600
25014,-382.825
25015,-385.525
25016,-377.550
25017,-405.275
25018,-382.200
25019,-384.175
25020,-386.700
25021,-388.625
25022,-406.450
25023,-382.725
25024,-385.425
25025,-387.700
25026,-389.775
25027,-392.000
25028,-384.250
25029,-386.125
25030,-388.750
25031,-391.125
25032,-393.375
25033,-395.975
25034,-387.050
25035,-389.875
25036,-392.200
25037,-394.500
25038,-396.675
25039,-399.275
25040,-391.250
25041,-392.900
25042,-395.325
25043,-397.875
25044,-400.450
25045,-392.275
25046,-394.850
25047,-396.775
25048,-399.275
25049,-401.375
25050,-403.600
25051,-395.525
25052,-397.575
25053,-400.175
25054,-402.225
25055,-404.375
25056,-381.050
25057,-399.200
25058,-401.500
25059,-403.550
25060,-405.925
25061,-382.550
25062,-384.975
25063,-402.850
25064,-404.925
25065,-381.775
25066,-383.575
25067,-385.575
25068,-403.525
25069,-405.750
25070,-382.425
25071,-384.775
25072,-386.925
25073,-389.525
25074,-381.450
25075,-384.000
25076,-385.900
25077,-388.225
25078,-390.625
25079,-392.900
25080,-385.225
25081,-386.675
25082,-389.350
25083,-391.725
25084,-394.275
25085,-396.525
25086,-388.525
25087,-390.600
25088,-392.875
25089,-394.750
25090,-397.350
25091,-389.775
25092,-391.550
25093,-394.075
25094,-396.625
25095,-398.650
25096,-401.100
25097,-392.625
25098,-395.250
25099,-397.625
25100,-399.625
25101,-402.375
25102,-404.200
25103,-396.550
25104,-398.925
25105,-401.200
25106,-403.525
25107,-405.700
25108,-382.200
25109,-400.075
25110,-401.900
25111,-404.175
25112,-406.500
25113,-383.475
25114,-385.750
25115,-403.150
25116,-405.700
25117,-382.125
25118,-384.075
25119,-386.625
25120,-404.050
25121,-381.175
25122,-383.200
25123,-385.925
25124,-388.100
25125,-390.400
25126,-382.200
25127,-384.000
25128,-386.775
25129,-388.850
25130,-391.150
25131,-393.525
25132,-385.975
25133,-387.850
25134,-390.450
25135,-392.425
25136,-394.400
25137,-397.350
25138,-389.225
25139,-391.675
25140,-393.850
25141,-395.975
25142,-397.775
25143,-389.825
25144,-392.500
25145,-394.550
25146,-397.175
25147,-399.675
25148,-401.900
25149,-393.475
25150,-396.225
25151,-397.875
25152,-400.150
25153,-402.375
25154,-404.725
25155,-397.525
25156,-399.675
25157,-401.900
25158,-403.850
25159,-406.325
25160,-383.125
25161,-400.450
25162,-403.050
25163,-405.075
25164,-382.075
25165,-384.175
25166,-386.550
25167,-404.100
25168,-406.550
25169,-383.250
25170,-385.325
25171,-387.300
25172,-404.925
25173,-382.075
25174,-384.275
25175,-386.550
25176,-388.750
25177,-391.175
25178,-382.975
25179,-385.325
25180,-387.500
25181,-389.950
25182,-391.725
25183,-394.200
25184,-386.375
25185,-388.400
25186,-390.550
25187,-393.525
25188,-395.675
25189,-398.125
25190,-389.525
25191,-392.050
25192,-394.650
25193,-396.450
25194,-398.475
25195,-391.250
25196,-393.500
25197,-395.750
25198,-397.875
25199,-399.925
25200,-402.250
25201,-394.350
25202,-397.025
25203,-398.425
25204,-401.350
25205,-403.550
25206,-405.800
25207,-397.375
25208,-400.075
25209,-402.575
25210,-404.375
25211,-381.550
25212,-383.800
25213,-401.375
25214,-403.800
25215,-406.025
25216,-382.300
25217,-384.625
25218,-402.425
25219,-404.475
25220,-381.725
25221,-383.900
25222,-385.725
25223,-388.325
25224,-406.125
25225,-382.400
25226,-384.675
25227,-386.525
25228,-389.500
25229,-391.575
25230,-383.975
25231,-385.925
25232,-387.800
25233,-390.225
25234,-392.925
25235,-395.000
25236,-387.275
25237,-389.150
25238,-391.250
25239,-393.850
25240,-396.175
25241,-398.250
25242,-389.975
25243,-392.975
25244,-395.250
25245,-397.350
25246,-399.550
25247,-391.600
25248,-393.575
25249,-396.550
25250,-398.475
25251,-401.000
25252,-403.225
25253,-395.075
25254,-397.725
25255,-399.850
25256,-402.125
25257,-404.500
25258,-406.825
25259,-398.850
25260,-400.575
25261,-403.000
25262,-404.925
25263,-381.950
25264,-384.550
25265,-402.050
25266,-404.375
25267,-406.200
25268,-383.175
25269,-385.325
25270,-402.900
25271,-405.700
25272,-382.050
25273,-384.100
25274,-386.125
25275,-388.425
25276,-406.475
25277,-383.200
25278,-385.700
25279,-387.575
25280,-390.425
25281,-392.650
25282,-384.275
25283,-386.675
25284,-388.500
25285,-391.350
25286,-393.450
25287,-395.925
25288,-387.775
25289,-390.400
25290,-392.600
25291,-394.475
25292,-397.150
25293,-389.100
25294,-391.500
25295,-393.675
25296,-395.725
25297,-398.275
25298,-400.550
25299,-392.400
25300,-394.575
25301,-396.650
25302,-399.425
25303,-401.850
25304,-403.375
25305,-395.750
25306,-398.025
25307,-399.975
25308,-402.850
25309,-404.875
25310,-381.550
25311,-399.275
25312,-401.850
25313,-403.450
25314,-406.125
25315,-383.075
25316,-384.850
25317,-402.375
25318,-404.650
25319,-381.300
25320,-384.050
25321,-386.000
25322,-403.675
25323,-406.075
25324,-383.025
25325,-385.075
25326,-386.775
25327,-389.200
25328,-381.775
25329,-384.200
25330,-386.450
25331,-388.100
25332,-390.725
25333,-393.300
25334,-385.000
25335,-387.575
25336,-389.475
25337,-392.100
25338,-394.150
25339,-396.350
25340,-388.475
25341,-390.800
25342,-393.150
25343,-395.475
25344,-397.550
25345,-389.475
25346,-392.275
25347,-394.450
25348,-396.325
25349,-398.825
25350,-400.950
25351,-392.975
25352,-395.625
25353,-397.825
25354,-400.275
25355,-402.275
25356,-404.650
25357,-396.525
25358,-398.875
25359,-400.850
25360,-403.475
25361,-405.775
25362,-382.525
25363,-399.425
25364,-401.900
25365,-404.725
25366,-381.350
25367,-383.750
25368,-401.250
25369,-402.950
25370,-405.425
25371,-382.600
25372,-384.750
25373,-386.775
25374,-404.925
25375,-381.375
25376,-383.800
25377,-385.650
25378,-388.325
25379,-390.325
25380,-382.225
25381,-384.600
25382,-386.900
25383,-389.350
25384,-391.825
25385,-393.750
25386,-386.025
25387,-387.825
25388,-390.275
25389,-392.600
25390,-394.750
25391,-396.775
25392,-389.525
25393,-391.450
25394,-393.875
25395,-396.450
25396,-398.150
25397,-390.525
25398,-392.450
25399,-394.950
25400,-397.100
25401,-399.475
25402,-401.575
25403,-393.675
25404,-396.300
25405,-398.550
25406,-400.850
25407,-402.675
25408,-405.525
25409,-397.025
25410,-399.775
25411,-401.450
25412,-404.075
25413,-406.325
25414,-383.125
25415,-400.850
25416,-402.525
25417,-405.425
25418,-381.675
25419,-383.900
25420,-401.300
25421,-404.400
25422,-406.700
25423,-383.125
25424,-385.200
25425,-387.450
25426,-405.200
25427,-381.925
25428,-383.850
25429,-386.350
25430,-388.625
25431,-391.250
25432,-382.925
25433,-385.225
25434,-387.525
25435,-390.025
25436,-392.275
25437,-394.275
25438,-386.800
25439,-388.750
25440,-391.400
25441,-393.250
25442,-395.250
25443,-387.950
25444,-389.875
25445,-391.825
25446,-394.800
25447,-396.875
25448,-398.875
25449,-390.875
25450,-393.350
25451,-395.850
25452,-397.875
25453,-399.850
25454,-402.725
25455,-394.475
25456,-396.675
25457,-398.725
25458,-401.250
25459,-403.325
25460,-406.275
25461,-398.250
25462,-400.275
25463,-402.500
25464,-404.650
25465,-381.725
25466,-383.800
25467,-401.575
25468,-403.775
25469,-405.925
25470,-382.300
25471,-384.675
25472,-402.050
25473,-405.125
25474,-381.050
25475,-383.875
25476,-385.575
25477,-387.950
25478,-406.350
25479,-382.550
25480,-384.700
25481,-387.450
25482,-389.250
25483,-392.150
25484,-384.000
25485,-385.650
25486,-388.600
25487,-390.550
25488,-393.075
25489,-395.475
25490,-387.400
25491,-389.475
25492,-391.700
25493,-394.300
25494,-396.425
25495,-388.350
25496,-390.125
25497,-392.425
25498,-395.250
25499,-397.450
25500,-399.575
25501,-391.775
25502,-394.350
25503,-396.125
25504,-398.675
25505,-400.375
25506,-402.850
25507,-395.075
25508,-397.625
25509,-399.775
25510,-402.000
25511,-404.600
25512,-406.750
25513,-398.975
25514,-401.300
25515,-403.350
25516,-405.350
25517,-382.225
25518,-399.575
25519,-401.850
25520,-404.500
25521,-406.550
25522,-382.975
25523,-385.975
25524,-403.100
25525,-405.075
25526,-382.200
25527,-384.750
25528,-386.675
25529,-388.500
25530,-380.950
25531,-383.200
25532,-385.725
25533,-387.375
25534,-389.975
25535,-392.675
25536,-384.700
25537,-387.000
25538,-388.950
25539,-391.225
25540,-393.675
25541,-396.275
25542,-387.525
25543,-390.525
25544,-392.825
25545,-395.025
25546,-397.025
25547,-389.250
25548,-390.875
25549,-393.725
25550,-396.050
25551,-398.350
25552,-400.800
25553,-392.675
25554,-394.700
25555,-396.925
25556,-399.425
25557,-401.700
25558,-404.200
25559,-396.225
25560,-398.150
25561,-400.125
25562,-403.050
25563,-405.325
25564,-381.850
25565,-399.525
25566,-401.800
25567,-403.975
25568,-406.450
25569,-383.125
25570,-400.800
25571,-402.500
25572,-405.025
25573,-381.825
25574,-383.750
25575,-386.350
25576,-404.200
25577,-406.225
25578,-383.025
25579,-384.950
25580,-387.100
25581,-389.425
25582,-381.975
25583,-384.400
25584,-386.600
25585,-388.750
25586,-390.775
25587,-393.075
25588,-385.425
25589,-387.650
25590,-389.925
25591,-391.800
25592,-394.600
25593,-386.600
25594,-388.275
25595,-391.125
25596,-393.475
25597,-395.375
25598,-397.625
25599,-389.700
25600,-391.775
25601,-394.175
25602,-396.175
25603,-398.950
25604,-400.725
25605,-393.525
25606,-395.650
25607,-397.625
25608,-399.950
25609,-402.175
25610,-404.700
25611,-396.925
25612,-399.275
25613,-401.100
25614,-403.625
25615,-405.800
25616,-382.325
25617,-399.875
25618,-402.225
25619,-404.925
25620,-381.500
25621,-383.875
25622,-401.575
25623,-403.150
25624,-405.800
25625,-382.700
25626,-384.600
25627,-386.850
25628,-404.925
25629,-381.500
25630,-383.750
25631,-386.125
25632,-388.500
25633,-390.825
25634,-382.550
25635,-385.075
25636,-387.300
25637,-388.950
25638,-391.425
25639,-393.500
25640,-385.650
25641,-387.875
25642,-390.650
25643,-392.925
25644,-395.350
25645,-386.850
25646,-389.650
25647,-392.150
25648,-393.400
25649,-396.275
25650,-398.375
25651,-390.800
25652,-392.875
25653,-394.850
25654,-397.175
25655,-399.725
25656,-401.550
25657,-394.300
25658,-395.925
25659,-398.475
25660,-400.500
25661,-403.325
25662,-405.550
25663,-397.075
25664,-399.575
25665,-402.100
25666,-404.275
25667,-406.375
25668,-372.650
25669,-401.000
25670,-402.650
25671,-405.550
25672,-382.075
25673,-384.550
25674,-401.850
25675,-404.000
25676,-406.475
25677,-383.475
25678,-385.725
25679,-387.725
25680,-405.750
25681,-381.750
25682,-384.075
25683,-386.525
25684,-389.125
25685,-391.425
25686,-382.975
25687,-385.525
25688,-387.725
25689,-390.275
25690,-392.325
25691,-394.875
25692,-386.575
25693,-388.325
25694,-391.250
25695,-393.725
25696,-395.825
25697,-387.800
25698,-389.850
25699,-392.150
25700,-394.700
25701,-396.550
25702,-399.275
25703,-390.875
25704,-393.725
25705,-395.625
25706,-398.375
25707,-399.825
25708,-402.825
25709,-394.200
25710,-396.925
25711,-399.475
25712,-401.300
25713,-403.650
25714,-405.900
25715,-398.125
25716,-400.350
25717,-402.900
25718,-404.975
25719,-381.650
25720,-399.575
25721,-401.725
25722,-403.775
25723,-406.275
25724,-382.650
25725,-384.800
25726,-402.375
25727,-404.925
25728,-381.850
25729,-384.150
25730,-386.125
25731,-388.350
25732,-406.025
25733,-382.725
25734,-385.325
25735,-387.400
25736,-389.050
25737,-391.800
25738,-383.850
25739,-386.050
25740,-388.575
25741,-390.600
25742,-393.175
25743,-395.125
25744,-387.525
25745,-389.675
25746,-392.050
25747,-394.575
25748,-396.675
25749,-388.400
25750,-390.825
25751,-393.200
25752,-395.225
25753,-397.450
25754,-400.125
25755,-391.550
25756,-394.275
25757,-396.825
25758,-398.375
25759,-400.925
25760,-403.625
25761,-395.150
25762,-397.475
25763,-399.850
25764,-402.125
25765,-404.150
25766,-381.300
25767,-398.975
25768,-400.800
25769,-403.475
25770,-405.875
25771,-382.500
25772,-399.825
25773,-402.000
25774,-404.100
25775,-381.275
25776,-383.175
25777,-385.850
25778,-403.225
25779,-406.025
25780,-382.300
25781,-384.400
25782,-386.700
25783,-388.750
25784,-380.675
25785,-383.725
25786,-385.475
25787,-387.975
25788,-390.550
25789,-392.725
25790,-384.450
25791,-386.725
25792,-389.050
25793,-391.150
25794,-393.500
25795,-385.925
25796,-387.875
25797,-390.725
25798,-392.275
25799,-394.700
25800,-396.825
25801,-389.350
25802,-391.625
25803,-393.750
25804,-396.275
25805,-398.150
25806,-400.800
25807,-392.925
25808,-394.800
25809,-396.925
25810,-399.775
25811,-401.400
25812,-404.150
25813,-395.575
25814,-398.525
25815,-400.500
25816,-402.950
25817,-405.400
25818,-381.925
25819,-399.250
25820,-401.750
25821,-404.250
25822,-406.675
25823,-382.825
25824,-400.650
25825,-402.950
25826,-405.100
25827,-381.850
25828,-383.875
25829,-386.575
25830,-404.000
25831,-406.600
25832,-383.350
25833,-385.200
25834,-387.050
25835,-389.750
25836,-382.125
25837,-384.400
25838,-386.575
25839,-388.700
25840,-391.050
25841,-393.650
25842,-385.525
25843,-387.375
25844,-389.675
25845,-392.250
25846,-394.025
25847,-386.675
25848,-388.750
25849,-391.050
25850,-393.150
25851,-395.650
25852,-397.950
25853,-389.925
25854,-392.550
25855,-394.300
25856,-396.975
25857,-398.875
25858,-400.900
25859,-393.675
25860,-395.825
25861,-397.425
25862,-400.125
25863,-402.550
25864,-404.775
25865,-396.625
25866,-399.275
25867,-401.650
25868,-403.800
25869,-406.275
25870,-397.875
25871,-400.425
25872,-402.750
25873,-404.925
25874,-381.225
25875,-383.625
25876,-401.000
25877,-403.475
25878,-406.325
25879,-382.975
25880,-385.000
25881,-386.700
25882,-404.700
25883,-381.450
25884,-383.675
25885,-386.175
25886,-388.175
25887,-390.525
25888,-382.825
25889,-385.050
25890,-387.050
25891,-389.150
25892,-391.400
25893,-393.875
25894,-386.300
25895,-388.600
25896,-390.425
25897,-392.525
25898,-395.475
25899,-387.050
25900,-389.525
25901,-392.000
25902,-394.200
25903,-396.350
25904,-398.875
25905,-390.500
25906,-393.300
25907,-395.375
25908,-397.550
25909,-399.825
25910,-402.150
25911,-394.175
25912,-396.650
25913,-398.875
25914,-400.825
25915,-403.475
25916,-405.550
25917,-397.775
25918,-399.525
25919,-402.100
25920,-404.375
25921,-406.675
25922,-398.925
25923,-400.900
25924,-403.525
25925,-405.800
25926,-382.600
25927,-384.350
25928,-402.275
25929,-403.950
25930,-406.650
25931,-383.275
25932,-385.450
25933,-387.875
25934,-405.800
25935,-382.450
25936,-384.650
25937,-386.675
25938,-388.900
25939,-391.350
25940,-383.300
25941,-385.425
25942,-388.175
25943,-390.400
25944,-392.275
25945,-384.300
25946,-386.250
25947,-388.750
25948,-390.975
25949,-393.575
25950,-395.550
25951,-387.850
25952,-389.825
25953,-392.525
25954,-394.250
25955,-396.725
25956,-399.225
25957,-391.775
25958,-393.575
25959,-395.975
25960,-398.025
25961,-400.750
25962,-402.500
25963,-394.450
25964,-397.325
25965,-399.175
25966,-401.650
25967,-403.800
25968,-406.425
25969,-398.575
25970,-400.850
25971,-402.500
25972,-405.325
25973,-381.775
25974,-399.375
25975,-401.850
25976,-403.975
25977,-406.175
25978,-382.975
25979,-385.200
25980,-403.025
25981,-404.775
25982,-382.025
25983,-384.200
25984,-386.525
25985,-388.625
25986,-406.200
25987,-382.600
25988,-384.700
25989,-387.300
25990,-389.625
25991,-391.825
25992,-383.900
25993,-386.475
25994,-388.400
25995,-390.875
25996,-393.025
25997,-384.975
25998,-387.500
25999,-389.425
26000,-391.925
26001,-394.475
26002,-396.875
26003,-388.825
26004,-390.800
26005,-393.175
26006,-395.275
26007,-397.875
26008,-400.350
26009,-391.725
26010,-394.125
26011,-396.600
26012,-399.075
26013,-400.750
26014,-403.425
26015,-395.675
26016,-397.950
26017,-399.975
26018,-402.575
26019,-404.600
26020,-396.350
26021,-398.575
26022,-401.025
26023,-403.450
26024,-405.975
26025,-382.550
26026,-400.325
26027,-402.225
26028,-404.600
26029,-380.975
26030,-383.950
26031,-386.150
26032,-403.700
26033,-406.075
26034,-382.325
26035,-385.075
26036,-386.625
26037,-389.325
26038,-381.250
26039,-383.875
26040,-385.850
26041,-387.725
26042,-390.075
26043,-392.775
26044,-384.750
26045,-386.800
26046,-389.325
26047,-391.925
26048,-393.925
26049,-385.725
26050,-388.275
26051,-390.600
26052,-392.500
26053,-395.250
26054,-397.450
26055,-389.225
26056,-392.000
26057,-393.850
26058,-396.275
26059,-398.150
26060,-400.525
26061,-392.375
26062,-395.225
26063,-397.375
26064,-399.925
26065,-402.275
26066,-404.450
26067,-396.475
26068,-398.875
26069,-400.850
26070,-402.675
26071,-404.925
26072,-397.225
26073,-399.950
26074,-401.850
26075,-404.300
26076,-406.700
26077,-382.775
26078,-400.650
26079,-402.750
26080,-405.500
26081,-382.050
26082,-384.075
26083,-386.300
26084,-404.150
26085,-406.375
26086,-383.250
26087,-385.325
26088,-387.950
26089,-390.125
26090,-381.950
26091,-384.450
26092,-386.450
26093,-388.950
26094,-391.050
26095,-383.450
26096,-385.650
26097,-387.725
26098,-390.225
26099,-392.450
26100,-394.600
26101,-386.600
26102,-388.850
26103,-391.500
26104,-393.400
26105,-395.225
26106,-397.775
26107,-390.400
26108,-392.525
26109,-394.250
26110,-396.925
26111,-399.325
26112,-401.300
26113,-393.175
26114,-395.550
26115,-397.925
26116,-400.050
26117,-402.050
26118,-404.825
26119,-397.025
26120,-399.150
26121,-401.550
26122,-403.475
26123,-406.025
26124,-397.650
26125,-400.450
26126,-402.550
26127,-405.025
26128,-381.450
26129,-383.975
26130,-401.750
26131,-403.425
26132,-406.200
26133,-382.775
26134,-385.275
26135,-387.450
26136,-405.350
26137,-381.675
26138,-383.800
26139,-386.175
26140,-388.600
26141,-390.925
26142,-382.800
26143,-384.950
26144,-387.400
26145,-389.650
26146,-391.925
26147,-383.800
26148,-386.400
26149,-388.375
26150,-390.975
26151,-392.925
26152,-395.450
26153,-387.300
26154,-389.525
26155,-391.925
26156,-394.300
26157,-396.225
26158,-398.775
26159,-390.975
26160,-393.025
26161,-395.225
26162,-397.575
26163,-399.650
26164,-402.150
26165,-393.750
26166,-396.075
26167,-398.650
26168,-401.400
26169,-403.375
26170,-395.325
26171,-397.875
26172,-399.975
26173,-402.050
26174,-404.475
26175,-381.075
26176,-399.125
26177,-401.000
26178,-403.000
26179,-405.450
26180,-381.975
26181,-384.500
26182,-401.900
26183,-404.575
26184,-381.400
26185,-383.550
26186,-385.750
26187,-388.100
26188,-405.700
26189,-381.925
26190,-384.475
26191,-386.925
26192,-389.350
26193,-391.200
26194,-383.175
26195,-385.200
26196,-387.950
26197,-390.525
26198,-392.450
26199,-384.875
26200,-386.700
26201,-389.025
26202,-391.450
26203,-393.650
26204,-396.225
26205,-388.225
26206,-390.175
26207,-392.150
26208,-395.075
26209,-397.075
26210,-399.150
26211,-391.250
26212,-393.975
26213,-395.775
26214,-398.075
26215,-400.900
26216,-403.225
26217,-394.850
26218,-397.225
26219,-399.325
26220,-401.925
26221,-403.550
26222,-395.750
26223,-398.650
26224,-400.950
26225,-402.725
26226,-405.125
26227,-382.225
26228,-399.475
26229,-401.850
26230,-404.350
26231,-406.275
26232,-382.800
26233,-385.425
26234,-403.175
26235,-405.050
26236,-381.850
26237,-383.975
26238,-386.575
26239,-388.375
26240,-406.100
26241,-383.200
26242,-385.525
26243,-387.400
26244,-389.850
26245,-381.925
26246,-384.075
26247,-386.700
26248,-388.425
26249,-390.775
26250,-393.575
26251,-384.800
26252,-387.875
26253,-390.025
26254,-392.325
26255,-394.200
26256,-396.800
26257,-389.000
26258,-391.400
26259,-393.525
26260,-395.650
26261,-397.825
26262,-400.175
26263,-392.325
26264,-394.350
26265,-396.675
26266,-399.200
26267,-401.200
26268,-403.600
26269,-395.925
26270,-398.175
26271,-400.125
26272,-402.500
26273,-404.850
26274,-396.575
26275,-399.175
26276,-401.450
26277,-403.150
26278,-406.200
26279,-382.875
26280,-400.375
26281,-402.350
26282,-404.950
26283,-381.725
26284,-383.975
26285,-385.925
26286,-403.450
26287,-406.375
26288,-382.650
26289,-384.650
26290,-387.000
26291,-388.950
26292,-381.825
26293,-384.000
26294,-386.275
26295,-388.050
26296,-390.250
26297,-382.550
26298,-385.075
26299,-387.175
26300,-389.225
26301,-392.050
26302,-393.975
26303,-386.075
26304,-388.150
26305,-390.700
26306,-393.150
26307,-395.050
26308,-397.425
26309,-389.100
26310,-392.100
26311,-393.875
26312,-396.350
26313,-398.250
26314,-400.800
26315,-392.600
26316,-395.125
26317,-397.525
26318,-400.150
26319,-402.275
26320,-394.075
26321,-396.575
26322,-398.675
26323,-401.050
26324,-403.350
26325,-405.300
26326,-397.425
26327,-399.350
26328,-402.125
26329,-404.175
26330,-406.775
26331,-383.275
26332,-400.725
26333,-403.350
26334,-405.750
26335,-382.175
26336,-384.675
26337,-386.825
26338,-404.725
26339,-406.775
26340,-383.475
26341,-385.575
26342,-387.775
26343,-389.750
26344,-382.425
26345,-384.100
26346,-386.625
26347,-388.850
26348,-391.450
26349,-383.550
26350,-385.675
26351,-388.025
26352,-390.375
26353,-392.250
26354,-394.850
26355,-386.825
26356,-388.825
26357,-391.325
26358,-393.400
26359,-395.725
26360,-397.850
26361,-390.400
26362,-392.550
26363,-394.750
26364,-396.925
26365,-399.175
26366,-401.850
26367,-393.525
26368,-395.550
26369,-398.025
26370,-400.275
26371,-402.650
26372,-394.375
26373,-397.350
26374,-399.575
26375,-401.525
26376,-403.525
26377,-406.375
26378,-398.125
26379,-400.350
26380,-402.750
26381,-405.100
26382,-382.075
26383,-383.575
26384,-401.925
26385,-403.600
26386,-405.800
26387,-382.975
26388,-385.125
26389,-387.050
26390,-404.775
26391,-382.075
26392,-384.250
26393,-386.475
26394,-388.525
26395,-390.550
26396,-382.925
26397,-385.325
26398,-387.450
26399,-389.975
26400,-392.150
26401,-383.900
26402,-386.475
26403,-388.175
26404,-391.225
26405,-392.725
26406,-395.425
26407,-387.625
26408,-389.800
26409,-392.150
26410,-394.600
26411,-396.300
26412,-399.025
26413,-390.875
26414,-393.050
26415,-395.375
26416,-397.675
26417,-399.825
26418,-402.575
26419,-394.300
26420,-396.550
26421,-399.150
26422,-401.250
26423,-403.375
26424,-395.325
26425,-397.450
26426,-399.875
26427,-402.275
26428,-404.300
26429,-381.625
26430,-398.525
26431,-400.800
26432,-403.325
26433,-406.000
26434,-382.500
26435,-384.600
26436,-402.675
26437,-405.025
26438,-381.075
26439,-383.175
26440,-385.425
26441,-388.225
26442,-405.800
26443,-382.300
26444,-384.700
26445,-386.625
26446,-389.200
26447,-381.500
26448,-383.800
26449,-386.000
26450,-388.500
26451,-390.325
26452,-392.650
26453,-384.775
26454,-386.975
26455,-389.050
26456,-390.975
26457,-393.950
26458,-395.975
26459,-388.150
26460,-390.225
26461,-392.775
26462,-395.175
26463,-397.175
26464,-399.250
26465,-391.775
26466,-393.825
26467,-396.225
26468,-398.750
26469,-400.800
26470,-403.325
26471,-394.825
26472,-396.975
26473,-399.950
26474,-402.050
26475,-404.200
26476,-396.550
26477,-398.425
26478,-400.650
26479,-402.950
26480,-405.350
26481,-381.600
26482,-399.425
26483,-401.400
26484,-404.200
26485,-406.600
26486,-383.375
26487,-385.725
26488,-402.650
26489,-405.700
26490,-381.850
26491,-384.550
26492,-386.450
26493,-388.775
26494,-406.350
26495,-383.175
26496,-385.275
26497,-388.025
26498,-389.525
26499,-381.675
26500,-383.875
26501,-386.700
26502,-388.700
26503,-391.150
26504,-393.350
26505,-385.000
26506,-387.775
26507,-390.050
26508,-392.200
26509,-394.400
26510,-396.825
26511,-389.100
26512,-391.325
26513,-393.025
26514,-395.900
26515,-398.250
26516,-400.325
26517,-392.700
26518,-394.175
26519,-396.875
26520,-399.425
26521,-401.700
26522,-393.650
26523,-395.825
26524,-398.250
26525,-399.925
26526,-402.150
26527,-404.650
26528,-396.475
26529,-399.175
26530,-401.750
26531,-403.950
26532,-406.225
26533,-382.525
26534,-400.225
26535,-402.275
26536,-405.125
26537,-381.850
26538,-383.675
26539,-386.050
26540,-403.550
26541,-405.550
26542,-382.925
26543,-385.225
26544,-387.125
26545,-389.025
26546,-381.525
26547,-384.200
26548,-386.325
26549,-388.275
26550,-390.925
26551,-383.025
26552,-385.300
26553,-387.450
26554,-389.200
26555,-391.775
26556,-394.050
26557,-385.750
26558,-388.175
26559,-390.800
26560,-393.075
26561,-395.350
26562,-397.550
26563,-389.325
26564,-391.550
26565,-394.050
26566,-396.675
26567,-398.725
26568,-401.250
26569,-393.175
26570,-395.575
26571,-397.175
26572,-400.050
26573,-402.125
26574,-394.075
26575,-396.450
26576,-399.075
26577,-400.950
26578,-403.175
26579,-405.700
26580,-397.525
26581,-400.175
26582,-402.000
26583,-404.750
26584,-381.225
26585,-383.175
26586,-400.950
26587,-403.150
26588,-405.550
26589,-382.550
26590,-384.750
26591,-387.100
26592,-404.075
26593,-381.100
26594,-383.675
26595,-385.275
26596,-388.175
26597,-405.650
26598,-382.325
26599,-384.650
26600,-386.475
26601,-388.850
26602,-391.150
26603,-383.475
26604,-385.300
26605,-388.250
26606,-390.175
26607,-392.500
26608,-394.650
26609,-386.700
26610,-389.525
26611,-391.500
26612,-394.075
26613,-395.875
26614,-397.850
26615,-390.550
26616,-392.725
26617,-395.150
26618,-397.325
26619,-399.475
26620,-401.825
26621,-393.875
26622,-396.025
26623,-398.575
26624,-400.825
26625,-402.675
26626,-395.000
26627,-397.175
26628,-399.225
26629,-401.575
26630,-404.075
26631,-406.575
26632,-398.525
26633,-400.450
26634,-403.100
26635,-405.325
26636,-382.125
26637,-384.400
26638,-402.000
26639,-404.150
26640,-406.675
26641,-382.800
26642,-385.150
26643,-387.000
26644,-405.575
26645,-382.300
26646,-384.050
26647,-386.175
26648,-388.625
26649,-406.025
26650,-383.175
26651,-385.525
26652,-387.725
26653,-389.725
26654,-392.050
26655,-384.400
26656,-386.400
26657,-388.700
26658,-391.075
26659,-393.400
26660,-395.575
26661,-387.775
26662,-390.075
26663,-392.200
26664,-394.400
26665,-397.025
26666,-399.175
26667,-390.775
26668,-393.575
26669,-395.750
26670,-398.050
26671,-400.275
26672,-392.450
26673,-394.575
26674,-396.225
26675,-399.275
26676,-400.925
26677,-403.525
26678,-395.375
26679,-397.675
26680,-400.150
26681,-402.175
26682,-404.700
26683,-381.675
26684,-398.675
26685,-401.450
26686,-403.800
26687,-406.175
26688,-382.500
26689,-384.475
26690,-402.750
26691,-404.975
26692,-381.300
26693,-383.900
26694,-385.675
26695,-387.950
26696,-405.650
26697,-382.725
26698,-384.750
26699,-386.700
26700,-389.700
26701,-381.600
26702,-383.575
26703,-385.975
26704,-388.225
26705,-390.550
26706,-392.725
26707,-384.700
26708,-386.925
26709,-389.250
26710,-392.000
26711,-393.875
26712,-396.125
26713,-388.225
26714,-390.525
26715,-393.025
26716,-394.850
26717,-397.625
26718,-399.550
26719,-391.925
26720,-394.025
26721,-396.500
26722,-398.850
26723,-400.950
26724,-393.175
26725,-395.075
26726,-397.475
26727,-399.650
26728,-402.175
26729,-403.875
26730,-395.975
26731,-398.675
26732,-400.800
26733,-403.050
26734,-405.800
26735,-382.425
26736,-399.550
26737,-401.925
26738,-404.350
26739,-406.850
26740,-383.200
26741,-385.150
26742,-403.225
26743,-405.325
26744,-382.050
26745,-384.700
26746,-386.525
26747,-404.200
26748,-406.125
26749,-382.875
26750,-385.575
26751,-387.925
26752,-390.450
26753,-382.200
26754,-384.750
26755,-386.825
26756,-388.800
26757,-390.875
26758,-393.750
26759,-385.425
26760,-388.000
26761,-390.425
26762,-392.450
26763,-394.550
26764,-396.675
26765,-389.325
26766,-391.500
26767,-393.775
26768,-395.675
26769,-398.050
26770,-400.725
26771,-392.725
26772,-394.550
26773,-396.825
26774,-399.150
26775,-401.400
26776,-393.725
26777,-395.675
26778,-398.525
26779,-400.150
26780,-403.125
26781,-405.275
26782,-396.625
26783,-399.250
26784,-401.800
26785,-403.650
26786,-406.425
26787,-383.075
26788,-400.450
26789,-403.000
26790,-404.700
26791,-381.625
26792,-384.200
26793,-385.800
26794,-404.250
26795,-406.450
26796,-382.900
26797,-385.450
26798,-387.375
26799,-404.725
26800,-381.975
26801,-383.800
26802,-386.375
26803,-388.375
26804,-390.700
26805,-382.650
26806,-385.400
26807,-387.725
26808,-389.525
26809,-392.150
26810,-394.400
26811,-386.350
26812,-388.600
26813,-391.075
26814,-393.200
26815,-395.000
26816,-397.525
26817,-389.575
26818,-391.450
26819,-394.500
26820,-396.325
26821,-398.925
26822,-390.400
26823,-393.300
26824,-395.325
26825,-397.950
26826,-399.650
26827,-401.925
26828,-393.925
26829,-396.575
26830,-398.475
26831,-401.200
26832,-403.550
26833,-405.500
26834,-397.525
26835,-400.000
26836,-402.325
26837,-404.550
26838,-381.600
26839,-383.750
26840,-401.525
26841,-403.425
26842,-405.800
26843,-382.525
26844,-384.750
26845,-386.700
26846,-404.200
26847,-380.775
26848,-383.300
26849,-385.750
26850,-388.325
26851,-405.750
26852,-382.650
26853,-384.200
26854,-386.825
26855,-388.875
26856,-391.800
26857,-383.850
26858,-386.175
26859,-388.425
26860,-390.650
26861,-392.675
26862,-394.850
26863,-386.600
26864,-389.100
26865,-391.825
26866,-394.150
26867,-396.450
26868,-398.450
26869,-390.725
26870,-392.975
26871,-395.225
26872,-397.100
26873,-399.425
26874,-391.225
26875,-393.950
26876,-395.925
26877,-398.050
26878,-400.700
26879,-403.050
26880,-395.150
26881,-397.625
26882,-399.825
26883,-401.800
26884,-403.950
26885,-406.650
26886,-398.375
26887,-401.000
26888,-403.350
26889,-405.550
26890,-381.550
26891,-383.850
26892,-401.900
26893,-404.550
26894,-406.550
26895,-383.075
26896,-385.300
26897,-377.025
26898,-405.700
26899,-382.400
26900,-384.175
26901,-386.725
26902,-388.850
26903,-406.825
26904,-383.300
26905,-385.075
26906,-387.500
26907,-390.225
26908,-392.225
26909,-383.950
26910,-386.400
26911,-389.150
26912,-391.075
26913,-393.025
26914,-395.975
26915,-388.000
26916,-389.875
26917,-392.225
26918,-394.200
26919,-396.675
26920,-399.225
26921,-390.900
26922,-393.450
26923,-396.025
26924,-398.275
26925,-399.975
26926,-392.225
26927,-394.875
26928,-397.025
26929,-399.425
26930,-401.050
26931,-403.775
26932,-396.050
26933,-397.675
26934,-400.150
26935,-402.850
26936,-405.125
26937,-381.950
26938,-399.275
26939,-401.700
26940,-404.050
26941,-405.650
26942,-382.525
26943,-384.625
26944,-402.750
26945,-405.075
26946,-381.675
26947,-384.150
26948,-386.175
26949,-403.450
26950,-406.275
26951,-382.500
26952,-385.000
26953,-386.925
26954,-389.875
26955,-381.150
26956,-383.625
26957,-386.025
26958,-388.700
26959,-390.825
26960,-392.925
26961,-384.600
26962,-387.325
26963,-389.300
26964,-392.000
26965,-394.375
26966,-396.475
26967,-388.150
26968,-390.975
26969,-393.300
26970,-395.575
26971,-397.875
26972,-399.650
26973,-391.600
26974,-394.375
26975,-396.625
26976,-398.525
26977,-400.600
26978,-392.975
26979,-395.550
26980,-397.275
26981,-399.425
26982,-402.450
26983,-404.650
26984,-396.650
26985,-399.075
26986,-400.800
26987,-403.225
26988,-405.075
26989,-382.325
26990,-400.150
26991,-402.050
26992,-404.725
26993,-406.500
26994,-383.575
26995,-385.425
26996,-402.850
26997,-405.800
26998,-382.075
26999,-384.275
27000,-386.475
27001,-404.450
27002,-381.400
27003,-383.150
27004,-385.500
27005,-388.150
27006,-390.650
27007,-382.025
27008,-384.550
27009,-386.575
27010,-389.325
27011,-391.175
27012,-393.625
27013,-385.575
27014,-388.150
27015,-390.225
27016,-392.550
27017,-395.150
27018,-396.925
27019,-388.875
27020,-391.500
27021,-393.675
27022,-395.475
27023,-398.175
27024,-390.500
27025,-392.725
27026,-394.850
27027,-397.425
27028,-399.650
27029,-402.050
27030,-393.925
27031,-395.850
27032,-398.025
27033,-400.750
27034,-402.675
27035,-405.050
27036,-397.475
27037,-399.550
27038,-401.375
27039,-403.550
27040,-406.500
27041,-382.800
27042,-400.950
27043,-402.775
27044,-405.275
27045,-381.550
27046,-384.375
27047,-386.150
27048,-404.250
27049,-406.000
27050,-382.900
27051,-385.075
27052,-387.400
27053,-404.850
27054,-382.025
27055,-384.275
27056,-386.525
27057,-388.475
27058,-391.300
27059,-383.250
27060,-385.050
27061,-387.500
27062,-389.650
27063,-392.150
27064,-394.375
27065,-386.475
27066,-389.000
27067,-391.175
27068,-393.075
27069,-395.475
27070,-397.475
27071,-389.750
27072,-392.275
27073,-394.050
27074,-396.875
27075,-399.025
27076,-391.400
27077,-393.100
27078,-395.825
27079,-397.825
27080,-399.775
27081,-402.725
27082,-394.575
27083,-397.025
27084,-398.875
27085,-401.400
27086,-403.675
27087,-406.125
27088,-398.125
27089,-400.225
27090,-402.625
27091,-404.975
27092,-381.550
27093,-383.900
27094,-401.450
27095,-403.800
27096,-406.125
27097,-382.450
27098,-384.650
27099,-402.500
27100,-404.950
27101,-381.375
27102,-383.625
27103,-386.175
27104,-388.525
27105,-406.100
27106,-382.950
27107,-384.350
27108,-386.850
27109,-389.775
27110,-391.950
27111,-383.900
27112,-386.125
27113,-388.525
27114,-390.925
27115,-392.900
27116,-395.050
27117,-387.325
27118,-389.425
27119,-391.875
27120,-394.150
27121,-396.575
27122,-398.425
27123,-390.675
27124,-392.675
27125,-395.225
27126,-397.550
27127,-399.925
27128,-392.050
27129,-394.350
27130,-396.400
27131,-398.650
27132,-401.000
27133,-403.100
27134,-394.850
27135,-397.625
27136,-399.625
27137,-401.650
27138,-403.900
27139,-406.700
27140,-398.325
27141,-401.150
27142,-402.675
27143,-405.350
27144,-382.075
27145,-384.400
27146,-401.800
27147,-403.850
27148,-406.975
27149,-383.075
27150,-385.800
27151,-403.425
27152,-405.450
27153,-381.675
27154,-384.150
27155,-386.175
27156,-388.475
27157,-406.550
27158,-383.200
27159,-385.475
27160,-387.325
27161,-390.075
27162,-392.525
27163,-384.500
27164,-386.975
27165,-388.925
27166,-391.075
27167,-393.275
27168,-395.375
27169,-387.975
27170,-390.550
27171,-392.650
27172,-394.575
27173,-397.350
27174,-388.800
27175,-391.425
27176,-393.475
27177,-395.625
27178,-398.275
27179,-399.975
27180,-392.800
27181,-394.500
27182,-396.800
27183,-399.250
27184,-401.050
27185,-403.800
27186,-395.850
27187,-398.025
27188,-400.450
27189,-402.375
27190,-405.300
27191,-381.650
27192,-399.075
27193,-401.575
27194,-403.600
27195,-406.425
27196,-383.175
27197,-385.225
27198,-402.325
27199,-405.300
27200,-381.600
27201,-383.800
27202,-386.125
27203,-404.000
27204,-405.750
27205,-382.500
27206,-385.000
27207,-386.825
27208,-389.475
27209,-381.375
27210,-383.900
27211,-386.300
27212,-388.500
27213,-390.675
27214,-393.250
27215,-384.900
27216,-387.600
27217,-389.425
27218,-391.950
27219,-394.150
27220,-396.575
27221,-388.175
27222,-390.825
27223,-393.300
27224,-394.875
27225,-397.975
27226,-389.225
27227,-392.225
27228,-394.400
27229,-396.450
27230,-398.650
27231,-400.650
27232,-392.875
27233,-395.650
27234,-398.075
27235,-399.925
27236,-402.375
27237,-404.875
27238,-396.725
27239,-398.925
27240,-400.850
27241,-403.350
27242,-405.350
27243,-382.425
27244,-399.925
27245,-402.525
27246,-404.550
27247,-381.075
27248,-383.200
27249,-401.375
27250,-403.125
27251,-406.075
27252,-382.350
27253,-384.775
27254,-386.925
27255,-404.500
27256,-381.250
27257,-383.800
27258,-385.925
27259,-388.475
27260,-390.650
27261,-382.050
27262,-384.550
27263,-386.725
27264,-389.650
27265,-391.800
27266,-394.025
27267,-385.825
27268,-387.575
27269,-390.450
27270,-392.900
27271,-395.150
27272,-397.325
27273,-389.325
27274,-391.700
27275,-393.775
27276,-395.975
27277,-398.350
27278,-390.825
27279,-392.325
27280,-395.125
27281,-397.075
27282,-399.100
27283,-402.100
27284,-393.475
27285,-396.425
27286,-398.675
27287,-401.000
27288,-402.850
27289,-404.850
27290,-396.975
27291,-399.200
27292,-401.400
27293,-404.475
27294,-406.275
27295,-383.250
27296,-400.575
27297,-402.575
27298,-405.175
27299,-382.125
27300,-384.350
27301,-402.225
27302,-404.450
27303,-406.475
27304,-383.400
27305,-385.500
27306,-387.600
27307,-405.550
27308,-381.850
27309,-383.975
27310,-386.525
27311,-388.950
27312,-391.225
27313,-383.075
27314,-385.300
27315,-387.575
27316,-390.075
27317,-392.325
27318,-394.575
27319,-386.575
27320,-388.700
27321,-391.325
27322,-393.525
27323,-395.850
27324,-387.875
27325,-389.675
27326,-392.325
27327,-394.800
27328,-396.525
27329,-399.375
27330,-391.150
27331,-393.450
27332,-395.575
27333,-397.750
27334,-400.050
27335,-402.750
27336,-394.800
27337,-397.175
27338,-399.425
27339,-401.250
27340,-403.625
27341,-406.275
27342,-398.275
27343,-399.850
27344,-402.625
27345,-404.850
27346,-381.400
27347,-383.675
27348,-401.550
27349,-403.875
27350,-405.800
27351,-382.500
27352,-385.300
27353,-402.850
27354,-404.575
27355,-381.600
27356,-383.800
27357,-386.075
27358,-388.500
27359,-405.925
27360,-382.500
27361,-385.175
27362,-386.825
27363,-389.775
27364,-391.775
27365,-383.725
27366,-386.175
27367,-388.400
27368,-390.575
27369,-392.825
27370,-395.075
27371,-386.700
27372,-389.625
27373,-391.550
27374,-394.400
27375,-396.500
27376,-388.175
27377,-390.575
27378,-392.775
27379,-395.175
27380,-397.950
27381,-399.975
27382,-392.250
27383,-394.175
27384,-396.350
27385,-398.650
27386,-401.000
27387,-403.350
27388,-394.800
27389,-397.875
27390,-399.575
27391,-402.375
27392,-404.475
27393,-406.575
27394,-398.375
27395,-401.100
27396,-403.300
27397,-405.225
27398,-382.450
27399,-374.525
27400,-402.250
27401,-404.150
27402,-407.000
27403,-383.400
27404,-385.575
27405,-403.225
27406,-405.800
27407,-381.850
27408,-384.700
27409,-386.375
27410,-388.925
27411,-381.450
27412,-383.775
27413,-385.275
27414,-387.500
27415,-390.075
27416,-392.550
27417,-384.375
27418,-386.975
27419,-389.425
27420,-391.700
27421,-393.350
27422,-396.325
27423,-387.775
27424,-389.850
27425,-392.325
27426,-394.750
27427,-397.175
27428,-389.425
27429,-391.350
27430,-393.200
27431,-395.850
27432,-398.375
27433,-400.825
27434,-392.925
27435,-394.800
27436,-396.675
27437,-399.275
27438,-401.800
27439,-403.875
27440,-395.875
27441,-398.025
27442,-400.750
27443,-402.750
27444,-405.225
27445,-381.600
27446,-399.025
27447,-401.375
27448,-403.750
27449,-406.075
27450,-383.075
27451,-400.800
27452,-402.750
27453,-404.975
27454,-382.175
27455,-383.900
27456,-386.625
27457,-404.000
27458,-406.200
27459,-383.175
27460,-384.875
27461,-387.275
27462,-390.125
27463,-381.625
27464,-384.375
27465,-386.300
27466,-388.950
27467,-390.725
27468,-392.975
27469,-385.400
27470,-387.275
27471,-390.050
27472,-391.875
27473,-394.600
27474,-386.625
27475,-388.750
27476,-390.825
27477,-393.500
27478,-395.850
27479,-397.875
27480,-390.050
27481,-391.875
27482,-394.650
27483,-396.375
27484,-399.175
27485,-401.225
27486,-393.025
27487,-395.375
27488,-397.725
27489,-399.975
27490,-402.100
27491,-404.600
27492,-396.575
27493,-398.950
27494,-401.050
27495,-403.475
27496,-406.125
27497,-382.425
27498,-400.075
27499,-402.350
27500,-404.500
27501,-381.450
27502,-383.800
27503,-401.650
27504,-403.900
27505,-406.275
27506,-382.775
27507,-384.800
27508,-386.550
27509,-404.550
27510,-381.675
27511,-383.525
27512,-385.925
27513,-388.350
27514,-390.775
27515,-382.900
27516,-384.750
27517,-386.825
27518,-389.250
27519,-391.550
27520,-393.850
27521,-385.975
27522,-388.175
27523,-390.825
27524,-393.175
27525,-395.375
27526,-386.925
27527,-389.575
27528,-391.700
27529,-394.175
27530,-396.575
27531,-398.775
27532,-390.775
27533,-392.525
27534,-395.375
27535,-397.350
27536,-399.975
27537,-401.950
27538,-393.875
27539,-396.050
27540,-398.525
27541,-400.650
27542,-403.225
27543,-405.050
27544,-397.125
27545,-399.325
27546,-402.125
27547,-404.375
27548,-406.775
27549,-372.675
27550,-400.650
27551,-402.900
27552,-405.075
27553,-381.725
27554,-384.550
27555,-401.650
27556,-404.750
27557,-406.875
27558,-382.975
27559,-385.800
27560,-387.625
27561,-405.350
27562,-382.175
27563,-384.550
27564,-386.575
27565,-388.600
27566,-391.425
27567,-383.175
27568,-385.600
27569,-387.575
27570,-390.325
27571,-392.725
27572,-394.950
27573,-386.325
27574,-389.300
27575,-391.300
27576,-393.250
27577,-395.575
27578,-388.100
27579,-390.400
27580,-392.650
27581,-394.600
27582,-397.075
27583,-399.225
27584,-391.050
27585,-393.175
27586,-395.850
27587,-398.050
27588,-400.225
27589,-402.550
27590,-394.600
27591,-396.575
27592,-399.050
27593,-401.500
27594,-403.625
27595,-406.125
27596,-397.775
27597,-400.025
27598,-402.650
27599,-404.725
27600,-381.450
27601,-399.225
27602,-401.925
27603,-403.875
27604,-406.325
27605,-382.600
27606,-384.950
27607,-402.650
27608,-405.025
27609,-381.875
27610,-383.875
27611,-385.800
27612,-388.525
27613,-406.175
27614,-383.125
27615,-385.200
27616,-387.500
27617,-389.325
27618,-391.625
27619,-384.175
27620,-386.125
27621,-388.375
27622,-391.025
27623,-393.075
27624,-395.150
27625,-387.300
27626,-389.575
27627,-392.050
27628,-394.350
27629,-396.350
27630,-388.800
27631,-390.875
27632,-393.025
27633,-395.275
27634,-397.475
27635,-399.775
27636,-391.625
27637,-394.575
27638,-396.825
27639,-399.025
27640,-401.200
27641,-403.175
27642,-395.425
27643,-397.275
27644,-399.975
27645,-402.100
27646,-404.775
27647,-380.850
27648,-399.150
27649,-400.950
27650,-403.000
27651,-405.975
27652,-382.525
27653,-400.025
27654,-402.325
27655,-404.775
27656,-381.225
27657,-383.475
27658,-385.325
27659,-403.700
27660,-405.925
27661,-382.675
27662,-384.675
27663,-386.850
27664,-389.150
27665,-381.450
27666,-383.250
27667,-386.075
27668,-387.975
27669,-390.625
27670,-392.625
27671,-384.900
27672,-386.600
27673,-389.225
27674,-391.500
27675,-394.025
27676,-385.925
27677,-388.325
27678,-390.625
27679,-392.400
27680,-395.000
27681,-397.125
27682,-389.525
27683,-391.500
27684,-393.650
27685,-396.225
27686,-398.725
27687,-401.000
27688,-392.725
27689,-394.750
27690,-397.150
27691,-399.750
27692,-402.100
27693,-404.050
27694,-396.125
27695,-398.250
27696,-400.500
27697,-403.175
27698,-405.100
27699,-382.025
27700,-399.650
27701,-402.000
27702,-404.350
27703,-406.375
27704,-383.250
27705,-400.900
27706,-403.425
27707,-404.825
27708,-381.600
27709,-384.175
27710,-386.225
27711,-404.300
27712,-406.650
27713,-383.175
27714,-385.175
27715,-388.000
27716,-389.875
27717,-381.525
27718,-384.500
27719,-386.050
27720,-388.500
27721,-390.675
27722,-393.025
27723,-385.575
27724,-387.175
27725,-389.475
27726,-392.225
27727,-393.975
27728,-386.675
27729,-388.625
27730,-390.825
27731,-393.025
27732,-395.475
27733,-397.825
27734,-390.025
27735,-392.550
27736,-394.125
27737,-397.025
27738,-398.975
27739,-401.625
27740,-393.075
27741,-395.850
27742,-397.875
27743,-400.175
27744,-402.325
27745,-405.125
27746,-396.675
27747,-399.325
27748,-401.575
27749,-403.800
27750,-405.800
27751,-397.925
27752,-400.025
27753,-402.550
27754,-404.375
27755,-381.850
27756,-383.300
27757,-401.250
27758,-403.300
27759,-405.925
27760,-382.700
27761,-384.800
27762,-387.100
27763,-405.175
27764,-381.625
27765,-383.550
27766,-386.175
27767,-388.175
27768,-390.975
27769,-382.400
27770,-385.175
27771,-387.050
27772,-388.925
27773,-392.050
27774,-394.400
27775,-386.400
27776,-387.950
27777,-390.250
27778,-393.275
27779,-394.850
27780,-386.850
27781,-388.975
27782,-392.000
27783,-393.950
27784,-395.925
27785,-398.775
27786,-390.925
27787,-392.675
27788,-395.525
27789,-397.650
27790,-400.050
27791,-401.925
27792,-393.975
27793,-396.625
27794,-398.875
27795,-400.850
27796,-403.550
27797,-405.800
27798,-397.650
27799,-399.875
27800,-402.250
27801,-404.350
27802,-381.100
27803,-398.275
27804,-400.925
27805,-403.225
27806,-405.550
27807,-382.450
27808,-384.300
27809,-402.100
27810,-403.850
27811,-381.000
27812,-383.675
27813,-385.650
27814,-388.075
27815,-405.800
27816,-382.250
27817,-384.150
27818,-386.525
27819,-388.700
27820,-391.150
27821,-383.125
27822,-385.475
27823,-387.500
27824,-389.950
27825,-392.550
27826,-384.200
27827,-386.625
27828,-388.850
27829,-391.350
27830,-394.075
27831,-396.125
27832,-388.250
27833,-390.250
27834,-392.400
27835,-394.750
27836,-397.150
27837,-399.225
27838,-391.600
27839,-393.400
27840,-395.550
27841,-398.425
27842,-400.375
27843,-402.650
27844,-395.050
27845,-397.325
27846,-399.225
27847,-401.500
27848,-403.775
27849,-405.925
27850,-398.575
27851,-400.450
27852,-402.500
27853,-404.725
27854,-382.200
27855,-399.275
27856,-401.800
27857,-403.600
27858,-405.925
27859,-383.200
27860,-385.075
27861,-402.650
27862,-404.700
27863,-381.725
27864,-384.350
27865,-386.525
27866,-388.425
27867,-406.375
27868,-382.675
27869,-384.900
27870,-387.200
27871,-389.525
27872,-391.800
27873,-383.975
27874,-386.275
27875,-388.175
27876,-390.925
27877,-393.525
27878,-385.375
27879,-387.500
27880,-390.150
27881,-391.925
27882,-394.275
27883,-396.675
27884,-388.100
27885,-390.575
27886,-393.525
27887,-395.650
27888,-398.050
27889,-400.325
27890,-392.325
27891,-394.700
27892,-396.825
27893,-399.250
27894,-401.100
27895,-403.350
27896,-395.775
27897,-398.050
27898,-399.875
27899,-402.275
27900,-404.750
27901,-396.575
27902,-398.725
27903,-401.550
27904,-403.850
27905,-405.800
27906,-382.450
27907,-400.250
27908,-402.500
27909,-404.600
27910,-381.050
27911,-383.850
27912,-385.925
27913,-403.675
27914,-405.750
27915,-382.350
27916,-384.600
27917,-387.125
27918,-389.425
27919,-381.150
27920,-383.800
27921,-386.050
27922,-387.975
27923,-390.050
27924,-392.825
27925,-385.075
27926,-387.175
27927,-388.825
27928,-391.225
27929,-393.525
27930,-386.125
27931,-388.175
27932,-390.775
27933,-392.550
27934,-394.925
27935,-397.350
27936,-388.950
27937,-391.625
27938,-393.875
27939,-395.900
27940,-398.650
27941,-400.650
27942,-392.550
27943,-395.275
27944,-396.925
27945,-399.275
27946,-402.000
27947,-404.575
27948,-396.575
27949,-398.550
27950,-401.100
27951,-403.300
27952,-405.275
27953,-397.525
27954,-399.925
27955,-402.025
27956,-404.575
27957,-406.425
27958,-383.075
27959,-400.950
27960,-402.950
27961,-405.625
27962,-382.425
27963,-384.400
27964,-386.600
27965,-404.625
27966,-406.900
27967,-383.625
27968,-385.525
27969,-387.825
27970,-390.025
27971,-382.225
27972,-383.975
27973,-386.175
27974,-388.750
27975,-391.200
27976,-383.175
27977,-385.000
27978,-387.375
27979,-390.150
27980,-392.550
27981,-394.750
27982,-386.525
27983,-388.750
27984,-390.900
27985,-393.775
27986,-395.775
27987,-398.325
27988,-390.025
27989,-392.675
27990,-394.750
27991,-396.500
27992,-399.625
27993,-401.350
27994,-393.300
27995,-395.750
27996,-398.050
27997,-400.375
27998,-402.950
27999,-404.775
28000,-396.450
28001,-398.875
28002,-401.850
28003,-403.375
28004,-406.450
28005,-398.225
28006,-400.075
28007,-402.675
28008,-405.125
28009,-381.950
28010,-383.650
28011,-401.050
28012,-403.350
28013,-406.225
28014,-382.800
28015,-385.325
28016,-387.200
28017,-405.275
28018,-381.625
28019,-384.200
28020,-386.300
28021,-388.600
28022,-390.625
28023,-383.075
28024,-385.325
28025,-387.025
28026,-389.425
28027,-392.000
28028,-384.250
28029,-385.975
28030,-388.325
28031,-391.025
28032,-393.075
28033,-395.375
28034,-387.275
28035,-389.475
28036,-391.875
28037,-394.500
28038,-396.425
28039,-398.725
28040,-391.175
28041,-393.375
28042,-395.050
28043,-397.550
28044,-400.125
28045,-402.500
28046,-394.475
28047,-396.275
28048,-398.850
28049,-400.900
28050,-403.675
28051,-395.475
28052,-397.275
28053,-400.150
28054,-402.175
28055,-404.825
28056,-380.825
28057,-398.425
28058,-401.450
28059,-403.025
28060,-405.650
28061,-382.300
28062,-384.400
28063,-402.150
28064,-404.650
28065,-380.975
28066,-383.675
28067,-386.025
28068,-388.175
28069,-405.575
28070,-382.675
28071,-384.200
28072,-387.000
28073,-388.775
28074,-390.975
28075,-383.250
28076,-385.825
28077,-387.825
28078,-390.675
28079,-392.525
28080,-384.300
28081,-386.625
28082,-389.225
28083,-391.400
28084,-393.675
28085,-395.650
28086,-388.000
28087,-390.175
28088,-392.375
28089,-394.600
28090,-397.475
28091,-399.750
28092,-391.725
28093,-393.625
28094,-395.975
28095,-398.125
28096,-400.450
28097,-402.775
28098,-394.850
28099,-397.275
28100,-399.175
28101,-401.550
28102,-404.300
28103,-395.975
28104,-398.275
28105,-400.825
28106,-403.150
28107,-404.825
28108,-381.650
28109,-399.325
28110,-401.750
28111,-404.275
28112,-406.175
28113,-383.275
28114,-385.525
28115,-402.850
28116,-404.925
28117,-382.050
28118,-384.050
28119,-386.175
28120,-388.375
28121,-406.650
28122,-383.125
28123,-385.225
28124,-387.875
28125,-390.050
28126,-382.125
28127,-384.400
28128,-386.375
28129,-388.625
28130,-391.350
28131,-393.075
28132,-385.125
28133,-387.400
28134,-389.575
28135,-392.100
28136,-394.050
28137,-396.925
28138,-388.425
28139,-391.075
28140,-393.025
28141,-395.250
28142,-397.625
28143,-399.825
28144,-392.550
28145,-394.300
28146,-396.825
28147,-398.675
28148,-401.700
28149,-403.350
28150,-395.475
28151,-397.825
28152,-400.275
28153,-402.450
28154,-404.475
28155,-396.925
28156,-399.025
28157,-401.450
28158,-403.325
28159,-405.650
28160,-382.800
28161,-400.525
28162,-402.550
28163,-404.975
28164,-381.825
28165,-383.675
28166,-386.350
28167,-403.800
28168,-406.275
28169,-383.025
28170,-385.175
28171,-386.975
28172,-389.600
28173,-381.350
28174,-383.900
28175,-386.125
28176,-387.875
28177,-390.325
28178,-382.325
28179,-384.975
28180,-387.400
28181,-389.675
28182,-392.050
28183,-394.275
28184,-385.925
28185,-388.525
28186,-390.825
28187,-392.975
28188,-395.025
28189,-397.575
28190,-389.750
28191,-391.600
28192,-393.975
28193,-396.575
28194,-398.750
28195,-401.100
28196,-392.725
28197,-395.350
28198,-397.275
28199,-399.625
28200,-402.050
28201,-394.300
28202,-396.025
28203,-398.675
28204,-400.600
28205,-403.050
28206,-405.750
28207,-397.275
28208,-399.675
28209,-402.225
28210,-404.050
28211,-381.175
28212,-383.175
28213,-401.300
28214,-403.375
28215,-405.275
28216,-382.350
28217,-384.300
28218,-386.800
28219,-404.175
28220,-381.075
28221,-383.550
28222,-385.650
28223,-387.850
28224,-389.875
28225,-382.225
28226,-384.750
28227,-386.525
28228,-388.775
28229,-391.575
28230,-383.400
28231,-385.275
28232,-388.025
28233,-390.425
28234,-392.525
28235,-394.550
28236,-386.675
28237,-389.125
28238,-391.225
28239,-393.925
28240,-395.825
28241,-398.225
28242,-390.075
28243,-392.525
28244,-395.125
28245,-396.925
28246,-399.175
28247,-401.525
28248,-393.525
28249,-395.875
28250,-398.125
28251,-400.325
28252,-403.050
28253,-394.550
28254,-396.675
28255,-399.225
28256,-401.575
28257,-404.100
28258,-406.275
28259,-398.275
28260,-400.650
28261,-403.050
28262,-405.275
28263,-381.650
28264,-383.800
28265,-401.900
28266,-404.050
28267,-406.275
28268,-382.875
28269,-385.075
28270,-387.650
28271,-405.050
28272,-382.125
28273,-384.050
28274,-385.750
28275,-388.450
28276,-391.075
28277,-382.825
28278,-384.950
28279,-387.200
28280,-389.975
28281,-392.200
28282,-384.275
28283,-386.625
28284,-388.625
28285,-390.600
28286,-392.975
28287,-395.275
28288,-387.200
28289,-389.525
28290,-392.325
28291,-394.150
28292,-396.550
28293,-399.225
28294,-390.675
28295,-393.025
28296,-395.475
28297,-397.350
28298,-400.125
28299,-402.175
28300,-394.475
28301,-396.975
28302,-398.750
28303,-401.375
28304,-403.375
28305,-395.050
28306,-397.575
28307,-400.375
28308,-401.925
28309,-404.400
28310,-381.525
28311,-398.775
28312,-401.150
28313,-403.600
28314,-405.850
28315,-381.925
28316,-384.500
28317,-402.375
28318,-405.075
28319,-381.400
28320,-383.650
28321,-386.050
28322,-387.875
28323,-405.800
28324,-382.600
28325,-384.900
28326,-386.800
28327,-389.525
28328,-381.550
28329,-383.350
28330,-385.975
28331,-387.850
28332,-390.425
28333,-392.625
28334,-384.800
28335,-386.775
28336,-389.525
28337,-391.925
28338,-394.250
28339,-396.475
28340,-388.100
28341,-390.150
28342,-392.925
28343,-395.325
28344,-397.225
28345,-399.325
28346,-391.825
28347,-393.975
28348,-396.000
28349,-398.550
28350,-401.000
28351,-402.675
28352,-395.175
28353,-397.650
28354,-399.925
28355,-401.650
28356,-404.550
28357,-396.075
28358,-398.225
28359,-400.950
28360,-403.175
28361,-405.525
28362,-382.450
28363,-399.975
28364,-401.800
28365,-404.275
28366,-406.350
28367,-382.975
28368,-385.050
28369,-403.325
28370,-405.125
28371,-382.400
28372,-384.625
28373,-386.725
28374,-388.625
28375,-406.475
28376,-383.175
28377,-385.800
28378,-387.850
28379,-389.950
28380,-381.650
28381,-384.350
28382,-386.800
28383,-389.225
28384,-391.500
28385,-393.775
28386,-385.375
28387,-387.975
28388,-390.150
28389,-392.275
28390,-394.400
28391,-397.250
28392,-389.100
28393,-391.500
28394,-393.750
28395,-395.825
28396,-397.750
28397,-400.250
28398,-392.050
28399,-394.500
28400,-397.150
28401,-399.350
28402,-401.050
28403,-393.750
28404,-395.675
28405,-397.675
28406,-400.450
28407,-402.575
28408,-405.175
28409,-397.025
28410,-399.325
28411,-401.925
28412,-403.700
28413,-405.700
28414,-382.925
28415,-400.500
28416,-402.450
28417,-405.225
28418,-381.075
28419,-384.200
28420,-386.175
28421,-403.450
28422,-405.900
28423,-383.075
28424,-385.175
28425,-386.900
28426,-389.725
28427,-382.075
28428,-384.050
28429,-385.700
28430,-388.800
28431,-390.825
28432,-382.825
28433,-384.900
28434,-387.600
28435,-389.150
28436,-391.700
28437,-393.875
28438,-385.750
28439,-388.525
28440,-390.550
28441,-393.375
28442,-395.125
28443,-397.575
28444,-390.025
28445,-392.250
28446,-393.950
28447,-396.575
28448,-398.475
28449,-400.900
28450,-392.650
28451,-394.825
28452,-397.675
28453,-399.975
28454,-402.525
28455,-394.150
28456,-396.375
28457,-398.725
28458,-401.250
28459,-403.300
28460,-405.925
28461,-397.850
28462,-400.075
28463,-402.350
28464,-404.400
28465,-381.300
28466,-383.525
28467,-400.650
28468,-403.125
28469,-405.525
28470,-382.500
28471,-384.800
28472,-387.150
28473,-404.550
28474,-381.550
28475,-383.575
28476,-386.050
28477,-388.175
28478,-406.000
28479,-382.250
28480,-384.675
28481,-386.475
28482,-388.925
28483,-391.725
28484,-383.075
28485,-385.375
28486,-388.275
28487,-390.275
28488,-392.925
28489,-394.950
28490,-387.100
28491,-389.325
28492,-391.550
28493,-393.950
28494,-395.850
28495,-398.625
28496,-390.325
28497,-392.525
28498,-395.000
28499,-397.275
28500,-399.625
28501,-401.700
28502,-393.550
28503,-396.225
28504,-398.650
28505,-400.325
28506,-402.725
28507,-395.050
28508,-397.125
28509,-399.225
28510,-401.325
28511,-403.775
28512,-406.175
28513,-398.250
28514,-400.650
28515,-403.100
28516,-405.100
28517,-382.025
28518,-383.750
28519,-402.000
28520,-404.200
28521,-406.675
28522,-382.775
28523,-385.425
28524,-387.525
28525,-405.125
28526,-381.500
28527,-384.050
28528,-386.700
28529,-388.275
28530,-406.275
28531,-382.900
28532,-385.375
28533,-387.875
28534,-389.850
28535,-391.675
28536,-384.050
28537,-386.350
28538,-388.825
28539,-391.175
28540,-393.075
28541,-395.425
28542,-386.975
28543,-389.950
28544,-392.375
28545,-394.075
28546,-396.925
28547,-398.650
28548,-391.075
28549,-393.650
28550,-395.375
28551,-397.375
28552,-400.275
28553,-391.875
28554,-394.275
28555,-396.575
28556,-398.925
28557,-401.150
28558,-403.300
28559,-395.725
28560,-398.125
28561,-400.325
28562,-402.450
28563,-405.125
28564,-381.075
28565,-399.125
28566,-401.025
28567,-403.850
28568,-406.325
28569,-382.550
28570,-384.675
28571,-402.325
28572,-404.400
28573,-381.450
28574,-383.375
28575,-386.125
28576,-388.150
28577,-406.225
28578,-382.350
28579,-384.775
28580,-386.800
28581,-389.525
28582,-381.350
28583,-383.575
28584,-385.800
28585,-388.475
28586,-390.550
28587,-393.175
28588,-384.875
28589,-387.100
28590,-389.600
28591,-391.800
28592,-394.150
28593,-396.550
28594,-388.325
28595,-391.050
28596,-393.250
28597,-394.950
28598,-397.575
28599,-399.825
28600,-391.600
28601,-393.950
28602,-396.275
28603,-398.225
28604,-400.600
28605,-392.925
28606,-395.325
28607,-397.750
28608,-399.625
28609,-401.850
28610,-404.350
28611,-396.550
28612,-398.425
28613,-401.150
28614,-403.050
28615,-405.600
28616,-382.300
28617,-400.125
28618,-401.950
28619,-404.350
28620,-406.675
28621,-383.575
28622,-385.600
28623,-403.125
28624,-405.350
28625,-382.525
28626,-384.475
28627,-386.675
28628,-404.575
28629,-406.500
28630,-383.200
28631,-385.800
28632,-388.000
28633,-390.125
28634,-381.775
28635,-384.700
28636,-386.675
28637,-388.825
28638,-391.025
28639,-393.675
28640,-385.525
28641,-387.825
28642,-390.450
28643,-392.325
28644,-395.050
28645,-396.625
28646,-388.700
28647,-390.975
28648,-393.400
28649,-395.575
28650,-397.950
28651,-400.450
28652,-392.725
28653,-395.000
28654,-397.275
28655,-399.125
28656,-401.375
28657,-393.400
28658,-395.750
28659,-398.050
28660,-400.425
28661,-402.725
28662,-404.750
28663,-397.025
28664,-399.675
28665,-401.925
28666,-403.800
28667,-406.125
28668,-382.975
28669,-400.550
28670,-403.000
28671,-405.225
28672,-381.625
28673,-383.750
28674,-386.150
28675,-403.850
28676,-406.375
28677,-382.975
28678,-384.975
28679,-387.050
28680,-405.175
28681,-381.825
28682,-383.900
28683,-386.450
28684,-388.850
28685,-391.025
28686,-383.200
28687,-384.700
28688,-387.300
28689,-389.625
28690,-391.925
28691,-394.150
28692,-386.525
28693,-388.525
28694,-391.050
28695,-392.775
28696,-395.175
28697,-397.950
28698,-389.975
28699,-392.050
28700,-394.550
28701,-396.400
28702,-399.075
28703,-391.300
28704,-393.475
28705,-395.725
28706,-398.150
28707,-399.925
28708,-402.450
28709,-394.200
28710,-396.775
28711,-398.525
28712,-400.600
28713,-403.600
28714,-405.525
28715,-397.825
28716,-400.275
28717,-402.250
28718,-404.925
28719,-381.550
28720,-383.525
28721,-401.200
28722,-403.600
28723,-405.850
28724,-382.650
28725,-384.500
28726,-387.100
28727,-404.300
28728,-381.650
28729,-383.200
28730,-386.025
28731,-387.875
28732,-405.800
28733,-382.175
28734,-384.975
28735,-387.050
28736,-389.000
28737,-391.600
28738,-383.550
28739,-385.925
28740,-388.175
28741,-390.325
28742,-392.625
28743,-395.000
28744,-387.100
28745,-389.325
28746,-391.500
28747,-393.750
28748,-396.350
28749,-398.525
28750,-390.450
28751,-392.725
28752,-395.325
28753,-397.675
28754,-399.375
28755,-391.500
28756,-394.250
28757,-396.350
28758,-398.025
28759,-400.900
28760,-403.375
28761,-394.925
28762,-397.150
28763,-399.675
28764,-402.150
28765,-404.075
28766,-406.825
28767,-398.375
28768,-401.050
28769,-403.100
28770,-405.625
28771,-381.950
28772,-383.900
28773,-401.500
28774,-404.075
28775,-406.775
28776,-383.400
28777,-385.600
28778,-377.825
28779,-405.050
28780,-381.675
28781,-384.400
28782,-386.800
28783,-388.675
28784,-406.500
28785,-383.175
28786,-385.725
28787,-387.325
28788,-390.275
28789,-392.150
28790,-384.550
28791,-386.550
28792,-388.975
28793,-391.025
28794,-393.375
28795,-395.775
28796,-387.975
28797,-389.850
28798,-392.225
28799,-394.700
28800,-397.175
28801,-399.375
28802,-390.925
28803,-393.675
28804,-395.375
28805,-398.375
28806,-400.525
28807,-392.675
28808,-394.875
28809,-396.875
28810,-399.025
28811,-400.950
28812,-403.450
28813,-395.750
28814,-398.050
28815,-400.350
28816,-402.500
28817,-405.125
28818,-381.600
28819,-399.425
28820,-401.400
28821,-403.600
28822,-406.350
28823,-382.600
28824,-384.750
28825,-402.675
28826,-404.700
28827,-381.550
28828,-384.175
28829,-385.925
28830,-403.425
28831,-405.975
28832,-382.975
28833,-385.175
28834,-387.450
28835,-389.100
28836,-381.925
28837,-383.650
28838,-385.800
28839,-388.625
28840,-390.375
28841,-393.300
28842,-384.975
28843,-387.575
28844,-389.250
28845,-391.550
28846,-394.125
28847,-396.325
28848,-388.525
28849,-390.975
28850,-393.150
28851,-395.425
28852,-397.625
28853,-400.175
28854,-391.775
28855,-394.150
28856,-396.325
28857,-398.275
28858,-400.700
28859,-393.375
28860,-394.925
28861,-397.750
28862,-399.950
28863,-402.225
28864,-404.275
28865,-396.800
28866,-398.650
28867,-401.350
28868,-403.600
28869,-405.350
28870,-382.125
28871,-400.175
28872,-402.125
28873,-404.350
28874,-380.900
28875,-383.025
28876,-385.750
28877,-403.050
28878,-405.550
28879,-382.450
28880,-384.200
28881,-386.475
28882,-404.100
28883,-381.500
28884,-383.475
28885,-385.275
28886,-388.025
28887,-389.925
28888,-382.200
28889,-384.800
28890,-386.575
28891,-388.700
28892,-391.600
28893,-393.975
28894,-385.500
28895,-388.100
28896,-390.425
28897,-392.600
28898,-394.875
28899,-397.425
28900,-389.250
28901,-391.400
28902,-393.650
28903,-396.075
28904,-398.650
28905,-390.075
28906,-392.650
28907,-394.700
28908,-397.100
28909,-399.025
28910,-401.950
28911,-393.725
28912,-396.450
28913,-398.325
28914,-400.850
28915,-403.000
28916,-405.425
28917,-396.800
28918,-399.725
28919,-402.050
28920,-404.350
28921,-406.650
28922,-382.525
28923,-400.450
28924,-403.050
28925,-405.075
28926,-381.675
28927,-384.050
28928,-386.275
28929,-404.000
28930,-406.600
28931,-382.725
28932,-385.000
28933,-387.100
28934,-404.875
28935,-381.950
28936,-384.300
28937,-386.150
28938,-388.925
28939,-391.050
28940,-382.950
28941,-384.875
28942,-387.625
28943,-389.475
28944,-392.000
28945,-394.350
28946,-386.400
28947,-388.750
28948,-390.775
28949,-393.575
28950,-395.825
28951,-397.950
28952,-389.750
28953,-392.100
28954,-394.700
28955,-396.450
28956,-398.825
28957,-390.875
28958,-393.675
28959,-395.550
28960,-397.525
28961,-400.175
28962,-402.725
28963,-394.550
28964,-396.825
28965,-399.275
28966,-401.650
28967,-403.800
28968,-405.925
28969,-398.325
28970,-400.350
28971,-402.575
28972,-404.975
28973,-381.400
28974,-383.875
28975,-401.250
28976,-403.700
28977,-406.275
28978,-382.600
28979,-385.050
28980,-402.575
28981,-404.575
28982,-381.450
28983,-383.750
28984,-385.700
28985,-387.825
28986,-406.100
28987,-382.925
28988,-384.800
28989,-386.675
28990,-389.725
28991,-391.675
28992,-383.375
28993,-385.925
28994,-387.800
28995,-390.875
28996,-392.675
28997,-394.750
28998,-387.000
28999,-389.525
29000,-391.950
29001,-393.625
29002,-396.550
29003,-398.550
29004,-390.825
29005,-392.900
29006,-395.325
29007,-397.450
29008,-399.850
29009,-391.550
29010,-394.275
29011,-396.425
29012,-398.275
29013,-400.850
29014,-403.025
29015,-394.825
29016,-397.675
29017,-399.675
29018,-401.850
29019,-403.900
29020,-406.375
29021,-398.825
29022,-401.100
29023,-403.050
29024,-405.200
29025,-382.075
29026,-384.200
29027,-402.275
29028,-404.700
29029,-406.950
29030,-383.525
29031,-385.600
29032,-403.250
29033,-405.075
29034,-382.225
29035,-384.300
29036,-386.825
29037,-389.225
29038,-406.575
29039,-383.275
29040,-385.225
29041,-387.500
29042,-390.325
29043,-392.050
29044,-384.800
29045,-386.475
29046,-388.625
29047,-391.350
29048,-393.275
29049,-395.625
29050,-387.725
29051,-390.275
29052,-392.325
29053,-394.500
29054,-397.225
29055,-388.900
29056,-391.550
29057,-393.775
29058,-395.975
29059,-398.050
29060,-400.075
29061,-392.225
29062,-394.850
29063,-396.875
29064,-398.950
29065,-401.400
29066,-404.175
29067,-396.075
29068,-398.025
29069,-400.650
29070,-402.625
29071,-404.950
29072,-381.300
29073,-399.525
29074,-401.850
29075,-403.900
29076,-405.850
29077,-382.975
29078,-385.075
29079,-402.575
29080,-405.225
29081,-381.850
29082,-384.100
29083,-386.375
29084,-404.075
29085,-406.500
29086,-383.300
29087,-384.900
29088,-387.050
29089,-389.225
29090,-381.675
29091,-384.075
29092,-386.450
29093,-388.700
29094,-390.650
29095,-393.475
29096,-384.625
29097,-386.925
29098,-389.525
29099,-392.150
29100,-394.150
29101,-396.375
29102,-388.400
29103,-390.525
29104,-392.875
29105,-395.675
29106,-397.725
29107,-389.600
29108,-392.375
29109,-394.600
29110,-396.450
29111,-398.375
29112,-400.850
29113,-393.250
29114,-395.325
29115,-397.925
29116,-399.925
29117,-401.900
29118,-404.375
29119,-396.350
29120,-399.075
29121,-401.250
29122,-403.125
29123,-405.975
29124,-382.325
29125,-400.075
29126,-402.125
29127,-404.600
29128,-381.500
29129,-383.875
29130,-401.250
29131,-403.600
29132,-405.925
29133,-382.075
29134,-384.675
29135,-386.725
29136,-404.550
29137,-381.550
29138,-383.175
29139,-386.125
29140,-387.825
29141,-390.225
29142,-382.550
29143,-384.400
29144,-386.975
29145,-389.525
29146,-391.500
29147,-393.300
29148,-385.850
29149,-387.950
29150,-390.700
29151,-392.625
29152,-394.500
29153,-397.650
29154,-389.425
29155,-391.825
29156,-393.550
29157,-395.675
29158,-398.450
29159,-390.725
29160,-392.875
29161,-395.225
29162,-397.525
29163,-399.350
29164,-401.900
29165,-393.775
29166,-396.425
29167,-398.425
29168,-401.050
29169,-402.950
29170,-404.875
29171,-397.650
29172,-399.550
29173,-402.225
29174,-404.550
29175,-406.275
29176,-382.775
29177,-400.600
29178,-402.850
29179,-405.450
29180,-382.125
29181,-384.400
29182,-402.100
29183,-404.550
29184,-406.550
29185,-383.475
29186,-385.600
29187,-387.325
29188,-404.950
29189,-381.925
29190,-384.175
29191,-386.400
29192,-389.050
29193,-390.825
29194,-383.125
29195,-385.575
29196,-387.525
29197,-390.175
29198,-392.000
29199,-394.550
29200,-386.700
29201,-388.975
29202,-391.300
29203,-393.750
29204,-395.375
29205,-387.600
29206,-390.125
29207,-392.275
29208,-394.750
29209,-396.450
29210,-399.025
29211,-390.975
29212,-393.400
29213,-395.675
29214,-397.675
29215,-399.975
29216,-402.625
29217,-394.850
29218,-397.150
29219,-399.125
29220,-401.725
29221,-404.050
29222,-405.875
29223,-398.250
29224,-400.075
29225,-402.850
29226,-404.550
29227,-381.775
29228,-383.900
29229,-401.500
29230,-404.000
29231,-406.175
29232,-382.925
29233,-384.550
29234,-402.450
29235,-404.575
29236,-381.975
29237,-384.000
29238,-385.925
29239,-388.225
29240,-406.375
29241,-382.650
29242,-384.550
29243,-387.050
29244,-389.650
29245,-391.775
29246,-384.100
29247,-385.850
29248,-388.350
29249,-390.525
29250,-393.100
29251,-394.950
29252,-386.925
29253,-389.400
29254,-391.725
29255,-394.125
29256,-396.675
29257,-387.975
29258,-390.400
29259,-393.250
29260,-395.475
29261,-397.650
29262,-399.975
29263,-391.975
29264,-394.275
29265,-396.225
29266,-398.875
29267,-401.250
29268,-403.175
29269,-395.575
29270,-397.275
29271,-399.975
29272,-401.900
29273,-404.375
29274,-381.075
29275,-398.625
29276,-401.300
29277,-403.100
29278,-405.700
29279,-382.400
29280,-374.375
29281,-402.325
29282,-404.300
29283,-381.000
29284,-383.275
29285,-385.850
29286,-403.000
29287,-405.450
29288,-382.175
29289,-384.625
29290,-386.725
29291,-388.900
29292,-381.375
29293,-383.750
29294,-385.650
29295,-387.850
29296,-390.175
29297,-392.450
29298,-384.200
29299,-386.850
29300,-389.475
29301,-391.350
29302,-393.850
29303,-396.175
29304,-387.925
29305,-390.050
29306,-392.775
29307,-394.950
29308,-397.250
29309,-389.150
29310,-391.300
29311,-393.975
29312,-395.875
29313,-397.825
29314,-400.600
29315,-392.700
29316,-394.750
29317,-397.075
29318,-399.750
29319,-401.450
29320,-404.200
29321,-396.275
29322,-397.975
29323,-400.500
29324,-402.900
29325,-405.050
29326,-381.725
29327,-399.350
29328,-401.800
29329,-404.075
29330,-406.275
29331,-382.650
29332,-400.950
29333,-402.750
29334,-405.325
29335,-381.950
29336,-384.300
29337,-386.850
29338,-403.850
29339,-406.575
29340,-383.075
29341,-385.225
29342,-387.250
29343,-390.025
29344,-382.125
29345,-384.250
29346,-386.400
29347,-388.575
29348,-390.725
29349,-393.100
29350,-385.200
29351,-387.525
29352,-389.425
29353,-392.425
29354,-393.975
29355,-386.175
29356,-388.225
29357,-390.700
29358,-393.200
29359,-395.575
29360,-397.975
29361,-389.950
29362,-392.325
29363,-394.700
29364,-396.825
29365,-399.075
29366,-401.150
29367,-393.550
29368,-395.550
29369,-398.050
29370,-400.275
29371,-402.575
29372,-404.650
29373,-396.725
29374,-398.775
29375,-401.200
29376,-403.875
29377,-405.925
29378,-382.525
29379,-399.950
29380,-402.050
29381,-404.575
29382,-381.550
29383,-383.350
29384,-401.150
29385,-403.600
29386,-405.550
29387,-382.900
29388,-384.700
29389,-386.925
29390,-404.850
29391,-381.525
29392,-383.850
29393,-385.925
29394,-388.075
29395,-390.325
29396,-382.900
29397,-385.000
29398,-387.200
29399,-389.425
29400,-391.425
29401,-393.750
29402,-386.150
29403,-388.150
29404,-390.375
29405,-393.075
29406,-395.375
29407,-386.675
29408,-389.800
29409,-391.675
29410,-394.175
29411,-395.825
29412,-398.650
29413,-390.725
29414,-392.975
29415,-395.050
29416,-397.150
29417,-399.325
29418,-401.950
29419,-393.675
29420,-395.775
29421,-398.650
29422,-400.700
29423,-403.250
29424,-405.650
29425,-397.750
29426,-399.975
29427,-402.050
29428,-404.400
29429,-406.775
29430,-372.925
29431,-401.000
29432,-403.375
29433,-405.650
29434,-382.050
29435,-384.275
29436,-401.750
29437,-404.575
29438,-406.900
29439,-383.175
29440,-385.525
29441,-387.650
29442,-405.325
29443,-382.125
29444,-384.550
29445,-386.600
29446,-388.475
29447,-390.925
29448,-383.525
29449,-385.800
29450,-387.575
29451,-390.325
29452,-392.050
29453,-394.575
29454,-386.925
29455,-388.500
29456,-390.975
29457,-393.650
29458,-395.725
29459,-387.850
29460,-390.450
29461,-392.250
29462,-394.925
29463,-397.025
29464,-399.550
29465,-390.875
29466,-393.200
29467,-395.925
29468,-397.725
29469,-400.700
29470,-402.575
29471,-394.800
29472,-397.325
29473,-399.100
29474,-401.800
29475,-404.100
29476,-406.425
29477,-398.275
29478,-400.275
29479,-402.550
29480,-404.925
29481,-381.750
29482,-399.150
29483,-401.400
29484,-404.000
29485,-405.925
29486,-382.775
29487,-385.300
29488,-402.775
29489,-405.300
29490,-381.675
29491,-383.950
29492,-386.125
29493,-388.150
29494,-406.500
29495,-382.975
29496,-385.175
29497,-386.975
29498,-389.675
29499,-392.100
29500,-384.050
29501,-386.275
29502,-388.675
29503,-390.600
29504,-393.350
29505,-395.175
29506,-387.100
29507,-389.400
29508,-391.700
29509,-394.600
29510,-396.225
29511,-388.750
29512,-390.925
29513,-393.100
29514,-395.775
29515,-398.025
29516,-400.225
29517,-392.225
29518,-394.125
29519,-396.175
29520,-398.925
29521,-400.825
29522,-403.050
29523,-395.375
29524,-397.475
29525,-399.950
29526,-402.125
29527,-404.350
29528,-381.450
29529,-398.525
29530,-401.400
29531,-403.675
29532,-405.350
29533,-382.550
29534,-400.250
29535,-402.325
29536,-404.550
29537,-380.950
29538,-383.525
29539,-385.750
29540,-403.775
29541,-405.425
29542,-382.650
29543,-384.975
29544,-386.775
29545,-388.700
29546,-380.900
29547,-383.400
29548,-385.675
29549,-387.725
29550,-390.375
29551,-392.375
29552,-384.550
29553,-387.200
29554,-389.525
29555,-391.675
29556,-394.050
29557,-385.850
29558,-388.325
29559,-389.850
29560,-392.600
29561,-394.575
29562,-397.475
29563,-389.475
29564,-391.725
29565,-393.500
29566,-396.375
29567,-398.150
29568,-400.450
29569,-392.375
29570,-394.950
29571,-397.025
29572,-399.725
29573,-402.100
29574,-403.550
29575,-396.450
29576,-398.675
29577,-400.550
29578,-403.325
29579,-405.350
29580,-381.875
29581,-399.725
29582,-401.800
29583,-404.250
29584,-406.775
29585,-383.175
29586,-401.000
29587,-403.000
29588,-405.125
29589,-381.925
29590,-384.150
29591,-386.325
29592,-403.675
29593,-406.275
29594,-382.875
29595,-385.225
29596,-387.825
29597,-389.775
29598,-382.350
29599,-384.175
29600,-386.225
29601,-388.275
29602,-390.975
29603,-393.650
29604,-385.700
29605,-387.875
29606,-390.225
29607,-391.925
29608,-394.150
29609,-386.825
29610,-389.025
29611,-391.175
29612,-393.275
29613,-395.925
29614,-397.675
29615,-390.150
29616,-392.325
29617,-394.700
29618,-397.125
29619,-399.350
29620,-401.500
29621,-393.400
29622,-395.975
29623,-397.825
29624,-399.950
29625,-402.450
29626,-404.850
29627,-397.150
29628,-398.850
29629,-401.250
29630,-403.950
29631,-406.125
29632,-398.050
29633,-400.500
29634,-402.225
29635,-405.075
29636,-381.400
29637,-384.175
29638,-401.450
29639,-403.850
29640,-406.325
29641,-382.450
29642,-385.175
29643,-386.700
29644,-404.925
29645,-381.550
29646,-383.525
29647,-386.225
29648,-388.225
29649,-390.975
29650,-382.825
29651,-384.400
29652,-387.325
29653,-389.425
29654,-392.200
29655,-393.725
29656,-386.375
29657,-388.575
29658,-390.650
29659,-392.975
29660,-395.375
29661,-386.775
29662,-389.475
29663,-391.825
29664,-394.125
29665,-396.275
29666,-398.550
29667,-390.625
29668,-392.700
29669,-394.750
29670,-397.250
29671,-400.150
29672,-402.175
29673,-394.475
29674,-396.625
29675,-398.425
29676,-400.850
29677,-403.425
29678,-405.450
29679,-397.650
29680,-399.675
29681,-401.900
29682,-404.700
29683,-381.375
29684,-398.775
29685,-400.800
29686,-403.350
29687,-405.050
29688,-381.875
29689,-384.650
29690,-402.375
29691,-404.350
29692,-380.775
29693,-383.200
29694,-385.425
29695,-387.625
29696,-405.850
29697,-381.975
29698,-384.375
29699,-386.525
29700,-389.350
29701,-391.350
29702,-383.550
29703,-385.300
29704,-388.275
29705,-390.400
29706,-392.225
29707,-384.400
29708,-387.050
29709,-388.900
29710,-391.700
29711,-393.575
29712,-395.875
29713,-388.275
29714,-390.225
29715,-392.550
29716,-394.850
29717,-397.025
29718,-399.075
29719,-391.675
29720,-393.925
29721,-396.075
29722,-398.325
29723,-400.425
29724,-403.000
29725,-394.925
29726,-397.125
29727,-399.150
29728,-401.650
29729,-403.900
29730,-406.500
29731,-398.275
29732,-400.700
29733,-402.925
29734,-404.950
29735,-381.550
29736,-399.375
29737,-401.800
29738,-404.200
29739,-406.375
29740,-382.950
29741,-385.200
29742,-403.000
29743,-405.300
29744,-381.825
29745,-383.900
29746,-386.075
29747,-388.100
29748,-406.575
29749,-383.150
29750,-385.275
29751,-387.800
29752,-389.325
29753,-392.375
29754,-383.900
29755,-386.300
29756,-388.500
29757,-390.625
29758,-393.400
29759,-385.425
29760,-387.325
29761,-389.650
29762,-391.875
29763,-394.475
29764,-396.925
29765,-388.225
29766,-390.875
29767,-393.500
29768,-395.525
29769,-398.075
29770,-399.925
29771,-392.225
29772,-394.650
29773,-396.875
29774,-398.675
29775,-400.950
29776,-403.425
29777,-395.325
29778,-397.925
29779,-400.325
29780,-402.550
29781,-404.175
29782,-397.025
29783,-399.325
29784,-400.900
29785,-403.350
29786,-405.800
29787,-382.800
29788,-399.625
29789,-402.050
29790,-404.775
29791,-380.950
29792,-383.900
29793,-385.450
29794,-403.875
29795,-406.125
29796,-382.175
29797,-384.975
29798,-387.150
29799,-389.050
29800,-381.300
29801,-383.525
29802,-385.575
29803,-388.175
29804,-390.325
29805,-392.625
29806,-384.350
29807,-386.825
29808,-388.875
29809,-391.975
29810,-394.200
29811,-385.600
29812,-388.425
29813,-390.425
29814,-392.975
29815,-395.025
29816,-397.225
29817,-389.225
29818,-391.875
29819,-393.775
29820,-395.725
29821,-398.325
29822,-400.450
29823,-392.675
29824,-394.750
29825,-397.325
29826,-399.950
29827,-401.575
29828,-404.000
29829,-395.850
29830,-398.325
29831,-400.850
29832,-402.850
29833,-405.300
29834,-397.725
29835,-399.575
29836,-401.625
29837,-404.650
29838,-406.650
29839,-383.550
29840,-401.200
29841,-402.900
29842,-405.650
29843,-382.300
29844,-384.600
29845,-386.575
29846,-404.475
29847,-406.275
29848,-383.175
29849,-385.325
29850,-387.600
29851,-389.975
29852,-382.075
29853,-384.350
29854,-386.250
29855,-388.825
29856,-391.600
29857,-383.200
29858,-385.375
29859,-388.000
29860,-390.375
29861,-392.200
29862,-394.750
29863,-386.675
29864,-388.875
29865,-390.875
29866,-393.750
29867,-395.725
29868,-397.625
29869,-389.925
29870,-392.100
29871,-394.575
29872,-396.875
29873,-399.375
29874,-401.650
29875,-393.575
29876,-395.825
29877,-398.350
29878,-400.550
29879,-402.375
29880,-405.100
29881,-397.025
29882,-399.125
29883,-401.825
29884,-403.325
29885,-406.375
29886,-398.325
29887,-400.375
29888,-402.850
29889,-405.075
29890,-381.375
29891,-383.750
29892,-401.250
29893,-403.700
29894,-405.850
29895,-382.800
29896,-384.850
29897,-387.325
29898,-405.025
29899,-381.975
29900,-384.050
29901,-385.825
29902,-388.675
29903,-390.625
29904,-382.700
29905,-384.775
29906,-387.525
29907,-389.150
29908,-391.875
29909,-384.000
29910,-386.075
29911,-388.525
29912,-391.125
29913,-392.625
29914,-395.175
29915,-387.600
29916,-389.650
29917,-391.775
29918,-394.550
29919,-396.225
29920,-398.525
29921,-390.500
29922,-392.725
29923,-394.950
29924,-397.550
29925,-399.675
29926,-402.250
29927,-394.175
29928,-396.475
29929,-399.025
29930,-400.800
29931,-403.425
29932,-395.425
29933,-397.575
29934,-399.850
29935,-402.325
29936,-404.575
29937,-381.300
29938,-398.550
29939,-400.850
29940,-403.550
29941,-405.975
29942,-382.325
29943,-384.800
29944,-402.275
29945,-404.600
29946,-381.350
29947,-383.525
29948,-385.575
29949,-388.175
29950,-405.850
29951,-382.550
29952,-384.875
29953,-386.525
29954,-388.975
29955,-391.325
29956,-383.175
29957,-386.075
29958,-387.700
29959,-390.500
29960,-392.725
29961,-384.400
29962,-386.725
29963,-389.575
29964,-391.825
29965,-394.125
29966,-395.975
29967,-388.100
29968,-390.075
29969,-392.725
29970,-394.825
29971,-397.350
29972,-399.375
29973,-391.700
29974,-393.750
29975,-396.425
29976,-398.650
29977,-400.325
29978,-402.900
29979,-394.700
29980,-397.550
29981,-399.725
29982,-401.450
29983,-403.900
29984,-395.650
29985,-398.175
29986,-400.800
29987,-402.750
29988,-405.225
29989,-381.850
29990,-399.200
29991,-401.725
29992,-404.350
29993,-406.275
29994,-383.175
29995,-385.650
29996,-402.575
29997,-405.075
29998,-381.875
29999,-383.875
30000,-386.700
30001,-388.775
30002,-406.275
30003,-382.875
30004,-385.675
30005,-387.650
30006,-390.125
30007,-382.250
30008,-384.175
30009,-386.350
30010,-388.625
30011,-391.300
30012,-393.250
30013,-385.575
30014,-387.400
30015,-389.800
30016,-392.000
30017,-394.700
30018,-396.825
30019,-388.525
30020,-391.250
30021,-393.400
30022,-395.450
30023,-398.225
30024,-399.775
30025,-392.050
30026,-394.800
30027,-396.925
30028,-398.850
30029,-401.050
30030,-403.175
30031,-395.900
30032,-397.925
30033,-400.125
30034,-402.725
30035,-405.075
30036,-396.625
30037,-399.325
30038,-401.000
30039,-403.425
30040,-406.200
30041,-382.925
30042,-400.500
30043,-402.650
30044,-404.650
30045,-381.675
30046,-383.750
30047,-386.175
30048,-403.875
30049,-405.850
30050,-382.975
30051,-385.125
30052,-386.850
30053,-389.250
30054,-381.250
30055,-384.050
30056,-385.850
30057,-388.525
30058,-390.450
30059,-382.600
30060,-384.500
30061,-387.275
30062,-389.725
30063,-391.775
30064,-393.825
30065,-385.925
30066,-388.000
30067,-390.925
30068,-393.175
30069,-395.475
30070,-397.650
30071,-389.050
30072,-391.625
30073,-393.725
30074,-396.675
30075,-398.875
30076,-400.900
30077,-393.075
30078,-395.225
30079,-397.625
30080,-399.875
30081,-401.900
30082,-394.125
30083,-396.675
30084,-398.650
30085,-401.000
30086,-402.675
30087,-405.625
30088,-397.425
30089,-399.425
30090,-401.750
30091,-404.650
30092,-381.250
30093,-383.075
30094,-401.300
30095,-403.550
30096,-405.450
30097,-381.650
30098,-384.600
30099,-386.450
30100,-404.000
30101,-406.650
30102,-383.075
30103,-385.375
30104,-388.275
30105,-390.500
30106,-382.075
30107,-383.975
30108,-387.050
30109,-389.150
30110,-391.300
30111,-383.650
30112,-385.425
30113,-388.175
30114,-390.050
30115,-392.600
30116,-394.875
30117,-387.100
30118,-388.900
30119,-391.400
30120,-393.350
30121,-395.750
30122,-398.075
30123,-390.425
30124,-392.400
30125,-394.650
30126,-396.775
30127,-399.350
30128,-401.450
30129,-394.025
30130,-395.625
30131,-398.575
30132,-400.350
30133,-402.650
30134,-394.750
30135,-397.325
30136,-399.475
30137,-401.575
30138,-403.850
30139,-406.475
30140,-398.350
30141,-400.650
30142,-402.175
30143,-405.300
30144,-381.300
30145,-384.075
30146,-401.750
30147,-404.100
30148,-406.000
30149,-382.975
30150,-385.500
30151,-386.975
30152,-405.225
30153,-381.925
30154,-383.850
30155,-386.525
30156,-388.525
30157,-390.500
30158,-382.825
30159,-385.275
30160,-387.650
30161,-389.525
30162,-392.050
30163,-383.575
30164,-386.125
30165,-388.525
30166,-391.125
30167,-393.275
30168,-395.775
30169,-387.500
30170,-389.575
30171,-392.225
30172,-394.150
30173,-396.775
30174,-398.725
30175,-390.450
30176,-393.450
30177,-395.450
30178,-397.925
30179,-400.325
30180,-402.275
30181,-394.250
30182,-396.725
30183,-398.750
30184,-401.250
30185,-403.750
30186,-395.250
30187,-397.675
30188,-399.875
30189,-402.575
30190,-404.375
30191,-381.075
30192,-398.525
30193,-401.150
30194,-403.050
30195,-405.800
30196,-382.825
30197,-384.625
30198,-402.525
30199,-404.725
30200,-381.450
30201,-383.625
30202,-385.575
30203,-388.050
30204,-405.450
30205,-382.450
30206,-384.900
30207,-387.025
30208,-389.325
30209,-381.225
30210,-383.550
30211,-385.750
30212,-388.375
30213,-390.650
30214,-392.825
30215,-384.900
30216,-386.825
30217,-389.100
30218,-391.600
30219,-394.200
30220,-396.400
30221,-388.100
30222,-390.325
30223,-392.675
30224,-394.850
30225,-397.125
30226,-399.775
30227,-391.400
30228,-393.650
30229,-395.900
30230,-398.650
30231,-400.900
30232,-403.225
30233,-395.025
30234,-397.000
30235,-399.750
30236,-401.750
30237,-404.250
30238,-396.350
30239,-398.775
30240,-400.925
30241,-403.250
30242,-405.125
30243,-381.750
30244,-399.750
30245,-401.400
30246,-404.550
30247,-406.600
30248,-383.175
30249,-385.125
30250,-403.250
30251,-405.225
30252,-381.950
30253,-384.450
30254,-386.175
30255,-388.600
30256,-406.325
30257,-383.350
30258,-385.650
30259,-387.300
30260,-389.775
30261,-382.525
30262,-383.850
30263,-386.925
30264,-388.800
30265,-391.025
30266,-393.750
30267,-385.575
30268,-387.975
30269,-390.275
30270,-392.150
30271,-394.600
30272,-396.825
30273,-389.100
30274,-391.550
30275,-393.475
30276,-395.525
30277,-398.325
30278,-400.575
30279,-392.550
30280,-394.725
30281,-396.775
30282,-399.250
30283,-401.300
30284,-393.550
30285,-395.850
30286,-398.025
30287,-400.550
30288,-402.625
30289,-405.225
30290,-396.825
30291,-399.075
30292,-401.400
30293,-403.700
30294,-406.375
30295,-382.775
30296,-400.175
30297,-402.500
30298,-404.700
30299,-381.825
30300,-384.150
30301,-386.325
30302,-403.350
30303,-406.425
30304,-382.875
30305,-385.050
30306,-387.525
30307,-389.350
30308,-381.500
30309,-383.475
30310,-386.300
30311,-388.000
30312,-390.975
30313,-382.975
30314,-384.975
30315,-386.975
30316,-389.225
30317,-391.800
30318,-394.025
30319,-385.725
30320,-388.700
30321,-390.925
30322,-393.300
30323,-395.250
30324,-397.650
30325,-389.100
30326,-391.775
30327,-394.500
30328,-396.650
30329,-398.725
30330,-401.200
30331,-392.875
30332,-394.950
30333,-397.750
30334,-399.825
30335,-401.850
30336,-394.500
30337,-396.425
30338,-398.450
30339,-400.950
30340,-403.225
30341,-405.925
30342,-397.675
30343,-399.950
30344,-402.450
30345,-404.300
30346,-381.075
30347,-383.125
30348,-400.900
30349,-403.300
30350,-405.700
30351,-382.450
30352,-384.700
30353,-386.450
30354,-404.350
30355,-381.100
30356,-383.525
30357,-385.400
30358,-388.275
30359,-405.550
30360,-382.300
30361,-384.100
30362,-386.400
30363,-389.325
30364,-391.575
30365,-383.650
30366,-385.525
30367,-388.350
30368,-390.025
30369,-392.375
30370,-394.600
30371,-386.325
30372,-389.525
30373,-391.350
30374,-394.050
30375,-395.525
30376,-398.025
30377,-390.150
30378,-392.150
30379,-394.700
30380,-397.075
30381,-399.650
30382,-401.800
30383,-394.075
30384,-396.275
30385,-398.050
30386,-400.800
30387,-403.175
30388,-394.575
30389,-397.225
30390,-399.375
30391,-402.150
30392,-403.650
30393,-405.875
30394,-398.575
30395,-400.650
30396,-402.775
30397,-405.425
30398,-382.125
30399,-384.075
30400,-401.575
30401,-404.350
30402,-405.925
30403,-382.650
30404,-385.175
30405,-387.725
30406,-405.125
30407,-381.950
30408,-384.075
30409,-386.550
30410,-388.600
30411,-406.675
30412,-383.175
30413,-385.125
30414,-387.400
30415,-390.025
30416,-392.325
30417,-384.375
30418,-385.975
30419,-389.025
30420,-390.875
30421,-392.825
30422,-395.150
30423,-387.500
30424,-389.925
30425,-391.625
30426,-394.500
30427,-396.650
30428,-398.825
30429,-390.975
30430,-393.550
30431,-395.550
30432,-397.775
30433,-399.875
30434,-392.050
30435,-394.250
30436,-397.025
30437,-399.100
30438,-401.400
30439,-403.325
30440,-395.175
30441,-397.975
30442,-400.050
30443,-402.375
30444,-404.600
30445,-381.350
30446,-399.250
30447,-401.200
30448,-403.225
30449,-406.175
30450,-382.450
30451,-385.200
30452,-402.000
30453,-405.050
30454,-381.550
30455,-383.625
30456,-386.225
30457,-388.400
30458,-405.900
30459,-382.875
30460,-384.675
30461,-387.300
30462,-388.975
30463,-381.675
30464,-383.300
30465,-385.975
30466,-388.450
30467,-390.775
30468,-392.625
30469,-384.975
30470,-387.400
30471,-389.200
30472,-392.200
30473,-393.950
30474,-396.175
30475,-388.375
30476,-390.400
30477,-393.050
30478,-395.375
30479,-397.275
30480,-399.550
30481,-391.625
30482,-393.875
30483,-395.925
30484,-398.475
30485,-401.200
30486,-392.650
30487,-395.175
30488,-397.750
30489,-399.625
30490,-402.275
30491,-404.500
30492,-396.350
30493,-398.175
30494,-401.050
30495,-402.725
30496,-405.175
30497,-382.325
30498,-399.925
30499,-402.275
30500,-404.500
30501,-406.275
30502,-383.400
30503,-385.300
30504,-403.175
30505,-405.425
30506,-382.125
30507,-384.600
30508,-386.400
30509,-403.875
30510,-381.375
30511,-383.625
30512,-385.325
30513,-388.100
30514,-389.775
30515,-382.200
30516,-384.550
30517,-386.900
30518,-389.050
30519,-391.075
30520,-393.400
30521,-385.675
30522,-388.175
30523,-390.375
30524,-392.050
30525,-394.825
30526,-397.225
30527,-389.325
30528,-391.625
30529,-393.875
30530,-396.125
30531,-398.350
30532,-400.425
30533,-392.625
30534,-394.825
30535,-396.875
30536,-399.200
30537,-401.300
30538,-393.475
30539,-395.975
30540,-397.975
30541,-400.325
30542,-402.950
30543,-405.275
30544,-397.350
30545,-399.550
30546,-401.800
30547,-403.700
30548,-406.000
30549,-382.975
30550,-400.150
30551,-403.050
30552,-404.875
30553,-381.625
30554,-383.650
30555,-386.150
30556,-404.000
30557,-406.475
30558,-383.275
30559,-385.275
30560,-387.725
30561,-405.175
30562,-381.975
30563,-384.050
30564,-386.125
30565,-388.525
30566,-390.525
30567,-382.725
30568,-384.900
30569,-387.400
30570,-389.325
30571,-391.925
30572,-393.975
30573,-386.000
30574,-388.475
30575,-391.150
30576,-392.925
30577,-395.175
30578,-398.025
30579,-389.350
30580,-391.825
30581,-394.175
30582,-396.225
30583,-399.050
30584,-391.025
30585,-393.400
30586,-395.775
30587,-397.750
30588,-400.250
30589,-402.175
30590,-394.400
30591,-396.450
30592,-398.550
30593,-401.450
30594,-403.750
30595,-405.525
30596,-397.375
30597,-400.225
30598,-402.125
30599,-404.500
30600,-381.450
30601,-383.725
30602,-401.525
30603,-403.700
30604,-406.000
30605,-382.325
30606,-384.750
30607,-387.200
30608,-404.400
30609,-381.100
30610,-383.900
30611,-385.850
30612,-388.000
30613,-405.550
30614,-382.725
30615,-385.000
30616,-386.825
30617,-389.225
30618,-391.700
30619,-383.300
30620,-385.425
30621,-387.850
30622,-390.275
30623,-392.925
30624,-394.750
30625,-387.025
30626,-389.150
30627,-391.150
30628,-394.175
30629,-396.025
30630,-398.425
30631,-390.625
30632,-392.500
30633,-395.125
30634,-397.025
30635,-399.775
30636,-391.675
30637,-394.150
30638,-396.000
30639,-398.225
30640,-400.250
30641,-403.175
30642,-394.750
30643,-397.550
30644,-399.850
30645,-401.850
30646,-404.200
30647,-406.750
30648,-398.275
30649,-400.850
30650,-403.050
30651,-405.025
30652,-382.025
30653,-384.475
30654,-401.375
30655,-404.300
30656,-406.450
30657,-383.350
30658,-385.475
30659,-377.450
30660,-405.350
30661,-382.125
30662,-384.550
30663,-386.075
30664,-388.325
30665,-406.675
30666,-383.475
30667,-385.500
30668,-387.850
30669,-390.075
30670,-392.550
30671,-384.550
30672,-386.625
30673,-388.575
30674,-390.975
30675,-393.625
30676,-396.050
30677,-387.775
30678,-389.700
30679,-392.375
30680,-394.400
30681,-396.350
30682,-399.075
30683,-391.500
30684,-393.825
30685,-395.225
30686,-398.250
30687,-400.225
30688,-391.950
30689,-394.800
30690,-397.125
30691,-399.275
30692,-401.700
30693,-403.875
30694,-395.275
30695,-397.975
30696,-400.175
30697,-402.825
30698,-404.650
30699,-381.400
30700,-399.150
30701,-401.400
30702,-403.325
30703,-405.750
30704,-382.600
30705,-384.800
30706,-402.900
30707,-404.975
30708,-381.650
30709,-383.875
30710,-386.250
30711,-403.850
30712,-406.000
30713,-382.675
30714,-385.175
30715,-387.125
30716,-389.675
30717,-381.850
30718,-383.650
30719,-386.275
30720,-388.175
30721,-390.575
30722,-393.150
30723,-384.975
30724,-387.450
30725,-389.750
30726,-391.975
30727,-394.450
30728,-396.675
30729,-388.575
30730,-390.725
30731,-393.025
30732,-395.375
30733,-397.625
30734,-399.850
30735,-392.150
30736,-394.125
30737,-396.275
30738,-399.025
30739,-401.200
30740,-392.925
30741,-395.450
30742,-397.525
30743,-399.650
30744,-402.450
30745,-404.300
30746,-396.425
30747,-398.950
30748,-401.100
30749,-403.225
30750,-405.600
30751,-382.600
30752,-400.050
30753,-402.125
30754,-404.200
30755,-380.775
30756,-383.200
30757,-385.425
30758,-403.650
30759,-405.500
30760,-382.425
30761,-384.300
30762,-386.825
30763,-404.775
30764,-380.675
30765,-383.675
30766,-385.750
30767,-387.450
30768,-390.500
30769,-382.500
30770,-384.750
30771,-386.925
30772,-388.750
30773,-391.300
30774,-393.925
30775,-385.425
30776,-388.225
30777,-390.425
30778,-392.550
30779,-395.050
30780,-397.450
30781,-389.025
30782,-391.175
30783,-393.550
30784,-395.675
30785,-397.850
30786,-390.525
30787,-392.825
30788,-395.025
30789,-397.450
30790,-399.525
30791,-401.550
30792,-393.725
30793,-395.825
30794,-398.225
30795,-400.650
30796,-403.100
30797,-405.275
30798,-396.775
30799,-399.675
30800,-401.550
30801,-403.975
30802,-406.575
30803,-383.275
30804,-400.700
30805,-403.175
30806,-405.300
30807,-382.125
30808,-384.175
30809,-385.975
30810,-404.400
30811,-406.225
30812,-383.175
30813,-385.475
30814,-387.575
30815,-405.075
30816,-382.075
30817,-384.400
30818,-386.475
30819,-388.675
30820,-391.200
30821,-383.375
30822,-385.325
30823,-387.500
30824,-390.125
30825,-392.000
30826,-394.275
30827,-386.625
30828,-388.850
30829,-390.775
30830,-393.475
30831,-395.525
30832,-397.425
30833,-389.700
30834,-392.275
30835,-394.650
30836,-396.575
30837,-398.550
30838,-390.550
30839,-393.075
30840,-395.250
30841,-397.375
30842,-399.925
30843,-402.575
30844,-394.075
30845,-396.625
30846,-399.275
30847,-401.025
30848,-403.675
30849,-405.850
30850,-398.250
30851,-400.350
30852,-402.225
30853,-405.050
30854,-380.950
30855,-383.875
30856,-401.200
30857,-403.775
30858,-405.975
30859,-382.775
30860,-384.950
30861,-402.450
30862,-404.300
30863,-381.625
30864,-383.650
30865,-385.825
30866,-388.100
30867,-406.175
30868,-382.600
30869,-385.125
30870,-386.850
30871,-389.600
30872,-391.925
30873,-383.775
30874,-385.750
30875,-388.075
30876,-390.400
30877,-393.025
30878,-394.825
30879,-387.325
30880,-389.475
30881,-391.625
30882,-394.025
30883,-395.925
30884,-398.125
30885,-390.375
30886,-392.700
30887,-395.275
30888,-397.250
30889,-399.550
30890,-391.625
30891,-393.975
30892,-396.475
30893,-398.475
30894,-400.700
30895,-403.000
30896,-395.325
30897,-397.325
30898,-399.275
30899,-401.750
30900,-404.475
30901,-406.375
30902,-398.575
30903,-400.900
30904,-403.250
30905,-405.300
30906,-382.425
30907,-384.675
30908,-401.900
30909,-404.400
30910,-406.550
30911,-383.025
30912,-385.525
30913,-403.050
30914,-405.600
30915,-382.500
30916,-384.475
30917,-386.925
30918,-389.225
30919,-406.475
30920,-383.275
30921,-385.050
30922,-388.050
30923,-389.975
30924,-392.375
30925,-384.050
30926,-386.550
30927,-388.475
30928,-391.400
30929,-393.350
30930,-395.775
30931,-387.325
30932,-390.075
30933,-392.325
30934,-394.750
30935,-397.225
30936,-389.150
30937,-391.600
30938,-393.475
30939,-395.925
30940,-398.375
30941,-400.275
30942,-392.450
30943,-394.750
30944,-396.775
30945,-399.425
30946,-401.450
30947,-403.675
30948,-395.725
30949,-398.075
30950,-400.575
30951,-403.050
30952,-404.925
30953,-381.500
30954,-399.550
30955,-401.200
30956,-404.075
30957,-405.800
30958,-382.525
30959,-384.975
30960,-402.675
30961,-404.725
30962,-381.925
30963,-383.625
30964,-386.475
30965,-403.475
30966,-405.775
30967,-383.075
30968,-385.275
30969,-387.175
30970,-389.150
30971,-381.875
30972,-383.900
30973,-385.925
30974,-388.700
30975,-390.550
30976,-392.725
30977,-384.950
30978,-387.050
30979,-389.575
30980,-391.775
30981,-393.850
30982,-396.825
30983,-388.700
30984,-390.600
30985,-392.700
30986,-394.925
30987,-397.875
30988,-389.525
30989,-391.825
30990,-394.050
30991,-396.375
30992,-398.850
30993,-401.400
30994,-392.975
30995,-395.650
30996,-397.675
30997,-400.175
30998,-402.575
30999,-404.775
31000,-396.175
31001,-399.125
31002,-401.150
31003,-403.375
31004,-405.300
31005,-382.675
31006,-400.225
31007,-401.850
31008,-404.175
31009,-381.175
31010,-383.200
31011,-400.850
31012,-403.050
31013,-405.650
31014,-382.125
31015,-384.775
31016,-386.975
31017,-404.600
31018,-381.550
31019,-383.675
31020,-385.925
31021,-388.325
31022,-390.225
31023,-382.900
31024,-384.800
31025,-386.800
31026,-389.225
31027,-391.075
31028,-393.975
31029,-386.175
31030,-388.325
31031,-390.625
31032,-392.650
31033,-394.700
31034,-396.725
31035,-389.475
31036,-391.400
31037,-394.050
31038,-395.575
31039,-398.625
31040,-390.775
31041,-392.425
31042,-394.950
31043,-397.375
31044,-399.625
31045,-401.500
31046,-393.925
31047,-396.225
31048,-398.675
31049,-400.600
31050,-402.750
31051,-405.600
31052,-397.625
31053,-399.175
31054,-402.150
31055,-404.275
31056,-406.775
31057,-383.350
31058,-400.800
31059,-403.175
31060,-405.425
31061,-382.050
31062,-383.950
31063,-401.250
31064,-404.500
31065,-406.600
31066,-383.350
31067,-385.075
31068,-387.450
31069,-405.650
31070,-382.200
31071,-383.975
31072,-386.050
31073,-388.275
31074,-390.975
31075,-383.025
31076,-385.075
31077,-387.950
31078,-390.150
31079,-391.925
31080,-394.500
31081,-386.525
31082,-388.625
31083,-391.200
31084,-393.475
31085,-395.475
31086,-387.325
31087,-390.250
31088,-392.050
31089,-394.025
31090,-396.675
31091,-399.325
31092,-391.350
31093,-393.025
31094,-395.675
31095,-397.875
31096,-400.350
31097,-402.525
31098,-394.250
31099,-396.775
31100,-399.425
31101,-401.000
31102,-403.425
31103,-405.650
31104,-398.150
31105,-399.925
31106,-402.275
31107,-404.450
31108,-381.550
31109,-383.625
31110,-401.450
31111,-403.850
31112,-406.000
31113,-382.775
31114,-384.550
31115,-402.150
31116,-405.025
31117,-381.650
31118,-384.075
31119,-385.825
31120,-388.500
31121,-405.550
31122,-382.325
31123,-384.600
31124,-387.150
31125,-389.675
31126,-392.050
31127,-384.150
31128,-386.300
31129,-388.325
31130,-390.800
31131,-393.075
31132,-395.375
31133,-387.500
31134,-389.350
31135,-392.100
31136,-394.400
31137,-396.275
31138,-388.175
31139,-390.775
31140,-392.725
31141,-395.075
31142,-397.725
31143,-400.025
31144,-391.350
31145,-394.025
31146,-396.275
31147,-398.650
31148,-401.100
31149,-403.125
31150,-395.125
31151,-397.350
31152,-400.125
31153,-401.925
31154,-404.100
31155,-406.650
31156,-398.725
31157,-401.000
31158,-403.250
31159,-405.800
31160,-382.325
31161,-374.150
31162,-402.425
31163,-404.750
31164,-406.750
31165,-383.525
31166,-385.575
31167,-403.250
31168,-405.450
31169,-382.200
31170,-384.500
31171,-386.700
31172,-388.950
31173,-380.775
31174,-383.550
31175,-385.850
31176,-387.975
31177,-390.450
31178,-392.375
31179,-384.800
31180,-386.550
31181,-389.300
31182,-390.925
31183,-393.450
31184,-396.300
31185,-387.625
31186,-390.550
31187,-392.725
31188,-394.925
31189,-397.025
31190,-389.050
31191,-391.300
31192,-394.025
31193,-395.750
31194,-398.525
31195,-400.050
31196,-392.725
31197,-395.000
31198,-397.225
31199,-399.625
31200,-401.650
31201,-403.750
31202,-396.100
31203,-398.050
31204,-400.375
31205,-402.850
31206,-405.275
31207,-381.450
31208,-399.525
31209,-401.350
31210,-403.950
31211,-406.200
31212,-383.200
31213,-400.650
31214,-402.675
31215,-405.550
31216,-381.875
31217,-384.100
31218,-385.925
31219,-404.350
31220,-405.975
31221,-382.700
31222,-385.000
31223,-387.200
31224,-389.525
31225,-381.725
31226,-383.725
31227,-386.050
31228,-388.525
31229,-390.825
31230,-393.450
31231,-385.075
31232,-387.600
31233,-389.675
31234,-392.100
31235,-393.925
31236,-386.300
31237,-388.425
31238,-390.975
31239,-393.275
31240,-395.450
31241,-397.850
31242,-389.675
31243,-391.700
31244,-394.600
31245,-396.825
31246,-399.150
31247,-401.300
31248,-393.300
31249,-395.425
31250,-397.875
31251,-400.325
31252,-402.325
31253,-404.775
31254,-396.600
31255,-398.825
31256,-401.200
31257,-403.550
31258,-405.525
31259,-382.650
31260,-400.250
31261,-402.375
31262,-404.725
31263,-381.625
31264,-383.575
31265,-400.950
31266,-403.125
31267,-405.750
31268,-382.600
31269,-385.000
31270,-386.700
31271,-404.450
31272,-381.675
31273,-383.400
31274,-386.075
31275,-387.950
31276,-390.775
31277,-382.250
31278,-384.750
31279,-387.150
31280,-388.975
31281,-391.825
31282,-393.825
31283,-386.050
31284,-387.725
31285,-390.650
31286,-392.650
31287,-395.250
31288,-387.375
31289,-389.150
31290,-391.725
31291,-394.125
31292,-396.225
31293,-398.450
31294,-390.550
31295,-392.675
31296,-395.000
31297,-397.075
31298,-399.675
31299,-401.900
31300,-394.250
31301,-395.875
31302,-398.250
31303,-400.900
31304,-403.225
31305,-405.600
31306,-397.425
31307,-399.525
31308,-402.175
31309,-403.950
31310,-406.775
31311,-372.825
31312,-400.850
31313,-403.100
31314,-404.850
31315,-381.875
31316,-384.475
31317,-401.850
31318,-404.475
31319,-406.275
31320,-383.375
31321,-385.200
31322,-387.250
31323,-405.275
31324,-381.775
31325,-384.250
31326,-386.475
31327,-388.700
31328,-391.350
31329,-383.250
31330,-385.650
31331,-387.925
31332,-390.125
31333,-392.625
31334,-394.450
31335,-386.725
31336,-388.750
31337,-391.300
31338,-393.550
31339,-395.925
31340,-387.275
31341,-389.875
31342,-392.450
31343,-394.825
31344,-397.225
31345,-399.350
31346,-391.075
31347,-393.475
31348,-395.750
31349,-397.975
31350,-400.650
31351,-402.950
31352,-394.850
31353,-397.125
31354,-399.075
31355,-401.725
31356,-403.300
31357,-405.800
31358,-397.975
31359,-400.325
31360,-402.325
31361,-404.825
31362,-381.500
31363,-399.350
31364,-401.575
31365,-403.600
31366,-406.350
31367,-382.725
31368,-385.275
31369,-402.775
31370,-405.125
31371,-381.600
31372,-383.900
31373,-386.525
31374,-388.325
31375,-406.025
31376,-382.650
31377,-384.550
31378,-387.300
31379,-389.350
31380,-392.050
31381,-383.675
31382,-386.250
31383,-388.700
31384,-390.875
31385,-392.925
31386,-395.425
31387,-387.525
31388,-389.850
31389,-392.100
31390,-394.475
31391,-396.225
31392,-388.325
31393,-391.125
31394,-393.100
31395,-395.650
31396,-397.625
31397,-400.250
31398,-391.700
31399,-394.375
31400,-396.725
31401,-398.575
31402,-401.375
31403,-403.350
31404,-394.925
31405,-397.225
31406,-400.050
31407,-402.450
31408,-404.400
31409,-406.850
31410,-398.450
31411,-400.750
31412,-403.475
31413,-405.900
31414,-382.200
31415,-399.650
31416,-402.525
31417,-404.550
31418,-381.050
31419,-383.475
31420,-385.700
31421,-403.300
31422,-405.750
31423,-382.125
31424,-384.675
31425,-386.925
31426,-388.950
31427,-380.825
31428,-383.300
31429,-385.825
31430,-388.175
31431,-390.425
31432,-392.650
31433,-384.500
31434,-386.925
31435,-389.150
31436,-391.800
31437,-393.550
31438,-385.650
31439,-387.925
31440,-390.175
31441,-392.450
31442,-394.875
31443,-397.375
31444,-389.250
31445,-391.500
31446,-393.450
31447,-395.725
31448,-398.325
31449,-400.900
31450,-392.325
31451,-394.600
31452,-397.150
31453,-399.250
31454,-402.050
31455,-403.900
31456,-396.275
31457,-398.350
31458,-400.500
31459,-403.000
31460,-405.500
31461,-381.750
31462,-399.625
31463,-401.900
31464,-404.200
31465,-406.500
31466,-383.175
31467,-400.600
31468,-402.850
31469,-404.975
31470,-381.550
31471,-384.200
31472,-386.625
31473,-403.800
31474,-406.450
31475,-383.125
31476,-385.325
31477,-387.325
31478,-390.025
31479,-381.775
31480,-384.275
31481,-386.375
31482,-388.950
31483,-390.650
31484,-393.575
31485,-385.500
31486,-387.575
31487,-389.850
31488,-392.325
31489,-394.375
31490,-386.675
31491,-388.875
31492,-391.250
31493,-393.575
31494,-395.775
31495,-397.875
31496,-389.825
31497,-392.600
31498,-394.400
31499,-396.775
31500,-399.275
31501,-401.450
31502,-393.200
31503,-395.375
31504,-397.875
31505,-400.075
31506,-402.275
31507,-404.700
31508,-397.075
31509,-398.950
31510,-400.950
31511,-403.800
31512,-405.650
31513,-397.875
31514,-400.275
31515,-402.500
31516,-405.125
31517,-381.500
31518,-383.900
31519,-401.525
31520,-403.375
31521,-406.100
31522,-382.600
31523,-385.075
31524,-386.625
31525,-405.200
31526,-381.850
31527,-383.850
31528,-385.500
31529,-388.150
31530,-390.575
31531,-382.675
31532,-384.700
31533,-386.800
31534,-389.525
31535,-391.725
31536,-393.825
31537,-386.050
31538,-388.625
31539,-390.550
31540,-392.975
31541,-394.750
31542,-387.450
31543,-389.825
31544,-391.325
31545,-394.075
31546,-395.925
31547,-398.525
31548,-390.725
31549,-392.800
31550,-395.075
31551,-397.475
31552,-399.475
31553,-401.800
31554,-393.650
31555,-396.225
31556,-398.550
31557,-401.150
31558,-403.050
31559,-405.175
31560,-397.450
31561,-399.350
31562,-401.500
31563,-404.050
31564,-406.375
31565,-398.875
31566,-400.800
31567,-403.250
31568,-405.425
31569,-381.950
31570,-384.400
31571,-402.150
31572,-404.725
31573,-380.725
31574,-383.125
31575,-385.325
31576,-387.775
31577,-405.500
31578,-382.125
31579,-384.600
31580,-386.925
31581,-388.950
31582,-391.600
31583,-383.475
31584,-385.600
31585,-387.575
31586,-390.450
31587,-392.100
31588,-384.050
31589,-386.550
31590,-389.325
31591,-391.500
31592,-393.250
31593,-395.725
31594,-388.175
31595,-390.525
31596,-392.325
31597,-395.050
31598,-396.975
31599,-399.375
31600,-391.400
31601,-393.950
31602,-395.825
31603,-398.550
31604,-400.375
31605,-402.275
31606,-394.275
31607,-397.225
31608,-398.875
31609,-401.850
31610,-403.600
31611,-405.900
31612,-398.550
31613,-400.800
31614,-402.725
31615,-404.775
31616,-382.075
31617,-399.750
31618,-401.650
31619,-404.200
31620,-406.375
31621,-382.675
31622,-385.375
31623,-402.850
31624,-405.125
31625,-381.625
31626,-383.775
31627,-386.050
31628,-388.025
31629,-406.450
31630,-382.900
31631,-384.775
31632,-387.650
31633,-389.800
31634,-392.325
31635,-384.200
31636,-386.400
31637,-388.175
31638,-391.075
31639,-393.075
31640,-384.650
31641,-387.400
31642,-389.825
31643,-392.050
31644,-394.125
31645,-396.375
31646,-388.400
31647,-390.800
31648,-393.475
31649,-395.275
31650,-398.050
31651,-400.350
31652,-391.600
31653,-394.550
31654,-396.675
31655,-398.925
31656,-401.250
31657,-403.700
31658,-395.550
31659,-397.425
31660,-399.875
31661,-402.325
31662,-404.575
31663,-396.875
31664,-398.725
31665,-401.400
31666,-403.325
31667,-405.850
31668,-382.550
31669,-400.125
31670,-402.225
31671,-404.600
31672,-381.300
31673,-383.375
31674,-385.425
31675,-403.875
31676,-405.800
31677,-382.600
31678,-384.750
31679,-387.175
31680,-388.825
31681,-381.625
31682,-383.800
31683,-385.825
31684,-388.075
31685,-390.275
31686,-392.625
31687,-384.900
31688,-386.700
31689,-389.575
31690,-391.875
31691,-393.825
31692,-386.025
31693,-387.875
31694,-390.875
31695,-392.550
31696,-394.800
31697,-397.225
31698,-389.200
31699,-391.500
31700,-393.525
31701,-396.125
31702,-398.750
31703,-401.050
31704,-392.600
31705,-395.250
31706,-397.025
31707,-399.925
31708,-402.325
31709,-404.450
31710,-396.175
31711,-398.425
31712,-401.000
31713,-403.000
31714,-405.425
31715,-397.475
31716,-399.525
31717,-401.550
31718,-404.000
31719,-406.425
31720,-383.475
31721,-400.650
31722,-403.125
31723,-405.275
31724,-382.025
31725,-384.375
31726,-386.475
31727,-404.500
31728,-406.550
31729,-383.175
31730,-385.525
31731,-387.875
31732,-389.525
31733,-381.775
31734,-384.200
31735,-386.800
31736,-389.100
31737,-390.700
31738,-382.975
31739,-385.650
31740,-387.825
31741,-389.850
31742,-392.550
31743,-394.800
31744,-386.400
31745,-388.600
31746,-391.200
31747,-393.400
31748,-395.975
31749,-398.175
31750,-390.325
31751,-392.625
31752,-394.250
31753,-397.150
31754,-398.825
31755,-401.650
31756,-393.400
31757,-395.750
31758,-397.725
31759,-400.125
31760,-402.175
31761,-404.500
31762,-396.825
31763,-399.025
31764,-401.800
31765,-403.450
31766,-405.900
31767,-397.850
31768,-400.575
31769,-402.775
31770,-405.050
31771,-381.650
31772,-384.150
31773,-401.750
31774,-403.875
31775,-405.800
31776,-382.450
31777,-385.125
31778,-386.975
31779,-404.825
31780,-381.525
31781,-383.900
31782,-386.125
31783,-388.475
31784,-390.675
31785,-382.600
31786,-384.800
31787,-386.725
31788,-389.225
31789,-392.150
31790,-383.975
31791,-385.600
31792,-388.275
31793,-390.725
31794,-393.350
31795,-395.225
31796,-387.125
31797,-389.650
31798,-392.100
31799,-394.400
31800,-396.225
31801,-399.075
31802,-390.675
31803,-393.050
31804,-395.075
31805,-397.525
31806,-399.725
31807,-402.125
31808,-394.150
31809,-395.925
31810,-398.550
31811,-401.100
31812,-403.625
31813,-395.550
31814,-397.250
31815,-399.550
31816,-402.425
31817,-404.375
31818,-406.775
31819,-399.050
31820,-400.750
31821,-403.600
31822,-405.625
31823,-382.075
31824,-384.050
31825,-401.850
31826,-404.750
31827,-381.275
31828,-383.550
31829,-385.700
31830,-388.225
31831,-405.650
31832,-382.325
31833,-384.400
31834,-386.975
31835,-389.200
31836,-391.600
31837,-383.675
31838,-385.500
31839,-388.100
31840,-390.450
31841,-392.925
31842,-384.900
31843,-386.400
31844,-388.950
31845,-391.325
31846,-393.250
31847,-395.925
31848,-388.000
31849,-390.500
31850,-392.925
31851,-394.950
31852,-396.925
31853,-399.575
31854,-391.825
31855,-393.750
31856,-395.775
31857,-397.975
31858,-400.450
31859,-403.050
31860,-394.875
31861,-397.425
31862,-399.125
31863,-401.350
31864,-403.775
31865,-396.275
31866,-398.225
31867,-400.350
31868,-402.575
31869,-405.050
31870,-381.775
31871,-399.425
31872,-401.350
31873,-404.350
31874,-406.425
31875,-383.200
31876,-384.975
31877,-402.675
31878,-405.300
31879,-381.775
31880,-384.400
31881,-386.225
31882,-388.850
31883,-406.025
31884,-383.275
31885,-385.425
31886,-387.775
31887,-389.425
31888,-381.925
31889,-384.400
31890,-386.625
31891,-388.175
31892,-390.925
31893,-392.775
31894,-384.700
31895,-387.050
31896,-389.775
31897,-391.825
31898,-394.250
31899,-396.575
31900,-388.950
31901,-390.925
31902,-393.250
31903,-395.625
31904,-398.150
31905,-399.825
31906,-392.525
31907,-394.350
31908,-396.875
31909,-398.825
31910,-401.150
31911,-403.350
31912,-395.350
31913,-398.175
31914,-399.950
31915,-402.350
31916,-405.075
31917,-396.525
31918,-398.750
31919,-400.950
31920,-403.375
31921,-405.400
31922,-382.800
31923,-400.450
31924,-402.725
31925,-404.750
31926,-381.675
31927,-384.000
31928,-386.275
31929,-403.750
31930,-406.200
31931,-382.600
31932,-384.850
31933,-387.325
31934,-389.600
31935,-381.375
31936,-383.400
31937,-385.750
31938,-388.175
31939,-390.600
31940,-382.800
31941,-384.475
31942,-387.325
31943,-389.650
31944,-391.825
31945,-394.125
31946,-385.975
31947,-388.500
31948,-390.800
31949,-393.075
31950,-395.225
31951,-397.350
31952,-389.325
31953,-391.725
31954,-393.575
31955,-396.175
31956,-398.175
31957,-401.000
31958,-392.975
31959,-394.825
31960,-397.625
31961,-399.850
31962,-401.900
31963,-393.975
31964,-396.600
31965,-398.475
31966,-400.450
31967,-403.375
31968,-405.350
31969,-397.325
31970,-399.650
31971,-401.575
31972,-404.150
31973,-406.750
31974,-382.925
31975,-400.700
31976,-403.300
31977,-405.275
31978,-381.950
31979,-384.300
31980,-386.525
31981,-404.650
31982,-406.850
31983,-383.550
31984,-385.575
31985,-388.075
31986,-389.950
31987,-382.125
31988,-384.500
31989,-386.625
31990,-388.800
31991,-391.200
31992,-383.300
31993,-385.375
31994,-388.050
31995,-389.975
31996,-392.150
31997,-394.600
31998,-386.975
31999,-388.500
32000,-391.575
32001,-393.200
32002,-395.650
32003,-398.350
32004,-389.975
32005,-392.775
32006,-394.275
32007,-396.925
32008,-398.850
32009,-401.850
32010,-393.775
32011,-395.650
32012,-398.325
32013,-400.275
32014,-402.625
32015,-394.375
32016,-397.275
32017,-399.200
32018,-401.850
32019,-403.875
32020,-405.800
32021,-398.125
32022,-400.325
32023,-403.000
32024,-405.125
32025,-381.550
32026,-383.775
32027,-401.700
32028,-404.100
32029,-406.475
32030,-382.675
32031,-384.675
32032,-386.900
32033,-405.325
32034,-381.650
32035,-384.175
32036,-386.400
32037,-388.700
32038,-390.625
32039,-383.125
32040,-385.200
32041,-387.325
32042,-389.875
32043,-391.450
32044,-384.350
32045,-386.175
32046,-388.825
32047,-391.075
32048,-393.375
32049,-395.475
32050,-387.200
32051,-389.325
32052,-391.775
32053,-394.575
32054,-396.125
32055,-398.650
32056,-391.125
32057,-393.025
32058,-395.550
32059,-397.725
32060,-399.675
32061,-401.950
32062,-393.825
32063,-396.475
32064,-399.075
32065,-401.150
32066,-403.425
32067,-395.625
32068,-397.825
32069,-399.825
32070,-402.350
32071,-404.250
32072,-381.100
32073,-398.775
32074,-401.450
32075,-403.225
32076,-405.625
32077,-382.675
32078,-384.850
32079,-402.575
32080,-404.925
32081,-381.000
32082,-383.525
32083,-385.500
32084,-388.100
32085,-405.500
32086,-382.500
32087,-384.800
32088,-386.925
32089,-389.100
32090,-381.300
32091,-383.350
32092,-385.850
32093,-388.325
32094,-390.725
32095,-392.825
32096,-385.000
32097,-386.600
32098,-389.100
32099,-391.350
32100,-393.675
32101,-396.475
32102,-387.975
32103,-390.450
32104,-392.600
32105,-394.925
32106,-397.525
32107,-399.475
32108,-391.675
32109,-393.875
32110,-395.925
32111,-398.550
32112,-401.000
32113,-403.050
32114,-395.275
32115,-397.225
32116,-399.375
32117,-401.950
32118,-403.975
32119,-396.425
32120,-398.450
32121,-400.850
32122,-402.950
32123,-405.100
32124,-382.300
32125,-399.625
32126,-401.650
32127,-403.850
32128,-406.550
32129,-383.300
32130,-384.900
32131,-403.150
32132,-405.225
32133,-381.775
32134,-383.975
32135,-386.375
32136,-388.375
32137,-406.675
32138,-383.375
32139,-385.450
32140,-387.450
32141,-390.275
32142,-381.925
32143,-384.200
32144,-386.675
32145,-389.050
32146,-391.400
32147,-393.575
32148,-385.600
32149,-387.875
32150,-390.325
32151,-392.150
32152,-394.400
32153,-396.375
32154,-389.150
32155,-391.250
32156,-393.350
32157,-395.350
32158,-398.175
32159,-400.550
32160,-392.525
32161,-394.600
32162,-396.800
32163,-399.425
32164,-401.350
32165,-393.625
32166,-395.675
32167,-397.750
32168,-399.950
32169,-402.775
32170,-405.050
32171,-396.925
32172,-399.375
32173,-400.950
32174,-403.600
32175,-406.225
32176,-382.925
32177,-400.175
32178,-402.625
32179,-404.875
32180,-381.600
32181,-384.050
32182,-386.275
32183,-403.550
32184,-406.350
32185,-382.225
32186,-385.125
32187,-387.150
32188,-389.575
32189,-381.825
32190,-383.725
32191,-385.925
32192,-388.350
32193,-390.725
32194,-382.800
32195,-384.975
32196,-387.050
32197,-389.250
32198,-391.625
32199,-394.200
32200,-386.250
32201,-388.700
32202,-390.425
32203,-392.975
32204,-395.250
32205,-397.575
32206,-389.150
32207,-392.050
32208,-394.050
32209,-396.225
32210,-398.925
32211,-401.200
32212,-393.250
32213,-395.450
32214,-397.775
32215,-399.575
32216,-402.150
32217,-394.075
32218,-396.050
32219,-398.425
32220,-400.900
32221,-403.000
32222,-405.625
32223,-397.750
32224,-400.175
32225,-402.225
32226,-404.550
32227,-406.825
32228,-383.075
32229,-400.850
32230,-403.175
32231,-405.625
32232,-382.600
32233,-384.750
32234,-386.725
32235,-404.450
32236,-381.050
32237,-383.675
32238,-385.225
32239,-387.625
32240,-405.575
32241,-382.175
32242,-384.450
32243,-386.300
32244,-388.825
32245,-390.975
32246,-383.075
32247,-385.800
32248,-388.100
32249,-389.825
32250,-392.200
32251,-394.600
32252,-386.675
32253,-389.300
32254,-391.300
32255,-393.850
32256,-396.050
32257,-398.025
32258,-390.675
32259,-392.675
32260,-394.750
32261,-397.275
32262,-399.425
32263,-401.900
32264,-394.025
32265,-395.875
32266,-398.450
32267,-400.450
32268,-403.000
32269,-394.750
32270,-397.175
32271,-399.350
32272,-401.650
32273,-403.550
32274,-406.325
32275,-398.250
32276,-400.550
32277,-402.450
32278,-405.050
32279,-382.175
32280,-383.775
32281,-401.250
32282,-403.875
32283,-406.600
32284,-383.125
32285,-385.275
32286,-387.450
32287,-404.725
32288,-382.175
32289,-384.075
32290,-386.150
32291,-388.850
32292,-406.275
32293,-382.925
32294,-385.075
32295,-387.300
32296,-389.425
32297,-391.625
32298,-384.475
32299,-386.550
32300,-388.850
32301,-390.825
32302,-393.575
32303,-395.525
32304,-387.725
32305,-389.925
32306,-392.375
32307,-394.450
32308,-397.025
32309,-399.025
32310,-391.050
32311,-393.525
32312,-395.900
32313,-397.875
32314,-399.875
32315,-392.150
32316,-394.200
32317,-396.625
32318,-398.850
32319,-401.100
32320,-403.800
32321,-395.575
32322,-398.075
32323,-400.225
32324,-402.225
32325,-404.650
32326,-381.150
32327,-398.750
32328,-400.950
32329,-403.125
32330,-405.925
32331,-382.600
32332,-384.350
32333,-402.325
32334,-404.625
32335,-381.000
32336,-383.675
32337,-385.975
32338,-387.875
32339,-405.925
32340,-382.600
32341,-385.075
32342,-386.800
32343,-389.500
32344,-381.525
32345,-383.575
32346,-385.925
32347,-388.600
32348,-390.075
32349,-393.075
32350,-384.600
32351,-387.000
32352,-388.800
32353,-391.950
32354,-393.575
32355,-396.225
32356,-388.500
32357,-390.375
32358,-392.525
32359,-394.875
32360,-397.150
32361,-400.000
32362,-391.825
32363,-393.875
32364,-396.175
32365,-398.675
32366,-401.050
32367,-392.425
32368,-394.700
32369,-397.175
32370,-399.925
32371,-401.525
32372,-404.100
32373,-396.275
32374,-398.425
32375,-400.700
32376,-403.000
32377,-405.500
32378,-381.950
32379,-399.325
32380,-401.900
32381,-404.575
32382,-406.700
32383,-383.525
32384,-385.700
32385,-403.250
32386,-405.600
32387,-382.200
32388,-384.500
32389,-386.700
32390,-404.475
32391,-406.825
32392,-383.450
32393,-385.425
32394,-387.850
32395,-390.125
32396,-382.300
32397,-384.200
32398,-386.575
32399,-389.100
32400,-391.500
32401,-393.775
32402,-385.700
32403,-387.575
32404,-389.925
32405,-392.525
32406,-394.850
32407,-397.100
32408,-389.225
32409,-391.500
32410,-393.450
32411,-395.750
32412,-398.175
32413,-400.750
32414,-392.550
32415,-394.800
32416,-397.225
32417,-399.525
32418,-401.450
32419,-393.350
32420,-395.575
32421,-397.975
32422,-400.250
32423,-402.900
32424,-404.925
32425,-397.225
32426,-399.175
32427,-401.450
32428,-403.900
32429,-406.375
32430,-382.425
32431,-400.275
32432,-402.225
32433,-404.775
32434,-381.350
32435,-383.775
32436,-386.400
32437,-403.875
32438,-406.325
32439,-382.725
32440,-385.275
32441,-387.275
32442,-405.350
32443,-382.075
32444,-384.150
32445,-386.375
32446,-388.750
32447,-390.450
32448,-383.075
32449,-384.850
32450,-387.525
32451,-389.475
32452,-391.975
32453,-394.475
32454,-386.300
32455,-388.525
32456,-391.150
32457,-393.350
32458,-395.125
32459,-397.675
32460,-389.325
32461,-391.725
32462,-394.275
32463,-396.675
32464,-398.625
32465,-390.625
32466,-393.350
32467,-395.225
32468,-397.775
32469,-399.975
32470,-402.325
32471,-394.550
32472,-396.525
32473,-399.025
32474,-401.450
32475,-403.225
32476,-405.350
32477,-397.250
32478,-399.875
32479,-402.625
32480,-404.550
32481,-380.950
32482,-383.400
32483,-400.950
32484,-403.375
32485,-405.875
32486,-382.325
32487,-384.475
32488,-386.675
32489,-404.750
32490,-381.400
32491,-383.625
32492,-385.500
32493,-387.450
32494,-405.550
32495,-382.500
32496,-384.800
32497,-386.600
32498,-389.525
32499,-391.225
32500,-383.625
32501,-385.725
32502,-387.500
32503,-390.500
32504,-392.400
32505,-394.700
32506,-386.375
32507,-389.325
32508,-391.350
32509,-393.775
32510,-396.300
32511,-397.925
32512,-390.275
32513,-392.825
32514,-394.925
32515,-397.475
32516,-399.075
32517,-391.800
32518,-393.675
32519,-396.125
32520,-398.275
32521,-400.950
32522,-403.125
32523,-394.825
32524,-397.225
32525,-399.650
32526,-401.450
32527,-404.275
32528,-406.350
32529,-398.425
32530,-400.500
32531,-403.175
32532,-405.550
32533,-381.775
32534,-384.000
32535,-401.700
32536,-403.850
32537,-406.475
32538,-383.200
32539,-385.225
32540,-377.650
32541,-404.925
32542,-382.050
32543,-384.500
32544,-386.150
32545,-388.600
32546,-406.825
32547,-382.975
32548,-385.375
32549,-387.025
32550,-390.075
32551,-392.550
32552,-384.275
32553,-386.675
32554,-388.950
32555,-391.225
32556,-393.175
32557,-395.725
32558,-387.400
32559,-389.700
32560,-392.225
32561,-394.200
32562,-396.275
32563,-399.250
32564,-390.650
32565,-393.675
32566,-395.725
32567,-398.050
32568,-400.375
32569,-392.550
32570,-394.300
32571,-396.825
32572,-399.050
32573,-401.350
32574,-403.550
32575,-395.900
32576,-397.925
32577,-400.500
32578,-402.450
32579,-404.650
32580,-381.300
32581,-398.725
32582,-400.950
32583,-403.950
32584,-405.975
32585,-382.400
32586,-385.075
32587,-402.575
32588,-404.875
32589,-381.675
32590,-383.375
32591,-385.825
32592,-403.875
32593,-406.325
32594,-382.725
32595,-385.075
32596,-387.325
32597,-388.975
32598,-381.450
32599,-383.950
32600,-386.125
32601,-388.450
32602,-390.400
32603,-392.975
32604,-384.850
32605,-387.525
32606,-389.025
32607,-391.825
32608,-393.675
32609,-396.075
32610,-388.175
32611,-390.400
32612,-393.200
32613,-394.800
32614,-397.775
32615,-399.625
32616,-391.350
32617,-394.200
32618,-396.625
32619,-398.450
32620,-401.100
32621,-392.825
32622,-395.075
32623,-397.750
32624,-400.025
32625,-402.050
32626,-404.375
32627,-396.775
32628,-398.950
32629,-401.250
32630,-403.425
32631,-405.450
32632,-381.750
32633,-400.225
32634,-402.375
32635,-404.150
32636,-381.300
32637,-383.275
32638,-385.825
32639,-403.550
32640,-405.125
32641,-382.525
32642,-383.950
32643,-386.625
32644,-403.900
32645,-406.475
32646,-383.650
32647,-385.800
32648,-387.575
32649,-390.050
32650,-382.500
32651,-384.350
32652,-386.925
32653,-388.500
32654,-390.875
32655,-393.525
32656,-385.600
32657,-388.150
32658,-390.225
32659,-392.775
32660,-394.875
32661,-396.875
32662,-389.325
32663,-391.450
32664,-393.575
32665,-395.550
32666,-397.675
32667,-390.025
32668,-392.050
32669,-394.650
32670,-397.225
32671,-399.475
32672,-401.250
32673,-393.775
32674,-396.275
32675,-398.575
32676,-400.275
32677,-402.775
32678,-404.775
32679,-397.175
32680,-399.525
32681,-401.850
32682,-403.625
32683,-405.800
32684,-382.875
32685,-400.600
32686,-403.150
32687,-404.700
32688,-381.750
32689,-384.175
32690,-386.625
32691,-404.275
32692,-406.450
32693,-383.025
32694,-385.200
32695,-387.250
32696,-404.925
32697,-381.300
32698,-384.300
32699,-386.225
32700,-388.525
32701,-391.175
32702,-382.700
32703,-385.300
32704,-387.325
32705,-389.650
32706,-392.200
32707,-394.550
32708,-386.175
32709,-388.800
32710,-390.625
32711,-393.250
32712,-395.750
32713,-397.575
32714,-389.975
32715,-392.050
32716,-394.300
32717,-396.975
32718,-399.050
32719,-390.800
32720,-392.900
32721,-395.225
32722,-397.850
32723,-400.325
32724,-402.175
32725,-394.275
32726,-396.725
32727,-398.950
32728,-400.750
32729,-403.775
32730,-405.975
32731,-397.975
32732,-400.175
32733,-402.275
32734,-404.400
32735,-380.950
32736,-383.375
32737,-400.850
32738,-403.350
32739,-405.450
32740,-382.650
32741,-384.875
32742,-402.500
32743,-404.600
32744,-381.500
32745,-383.675
32746,-386.125
32747,-388.325
32748,-405.700
32749,-382.775
32750,-384.700
32751,-386.700
32752,-388.750
32753,-391.575
32754,-383.950
32755,-385.725
32756,-388.250
32757,-390.800
32758,-392.525
32759,-394.875
32760,-387.325
32761,-388.875
32762,-391.500
32763,-394.150
32764,-395.825
32765,-398.250
32766,-390.400
32767,-392.450
32768,-395.075
32769,-397.075
32770,-399.625
32771,-391.200
32772,-393.825
32773,-396.225
32774,-398.425
32775,-400.325
32776,-403.250
32777,-395.175
32778,-397.675
32779,-399.850
32780,-402.050
32781,-404.075
32782,-406.325
32783,-398.675
32784,-400.750
32785,-403.050
32786,-405.625
32787,-382.350
32788,-383.975
32789,-401.900
32790,-404.450
32791,-406.500
32792,-383.400
32793,-385.650
32794,-403.100
32795,-404.950
32796,-382.350
32797,-384.200
32798,-386.475
32799,-388.775
32800,-406.475
32801,-383.075
32802,-385.575
32803,-387.975
32804,-389.950
32805,-391.925
32806,-384.375
32807,-386.925
32808,-388.750
32809,-391.175
32810,-393.500
32811,-395.275
32812,-387.100
32813,-390.125
32814,-392.200
32815,-394.875
32816,-396.875
32817,-389.225
32818,-391.300
32819,-393.625
32820,-396.050
32821,-398.325
32822,-400.600
32823,-392.225
32824,-394.475
32825,-397.225
32826,-399.275
32827,-401.300
32828,-404.075
32829,-395.750
32830,-398.375
32831,-400.650
32832,-402.225
32833,-405.175
32834,-381.725
32835,-399.050
32836,-401.550
32837,-403.950
32838,-406.100
32839,-382.675
32840,-384.625
32841,-402.225
32842,-405.125
32843,-381.500
32844,-383.900
32845,-385.975
32846,-403.325
32847,-406.325
32848,-383.025
32849,-384.650
32850,-386.800
32851,-389.750
32852,-381.950
32853,-384.175
32854,-386.400
32855,-388.050
32856,-390.550
32857,-392.900
32858,-384.800
32859,-387.525
32860,-389.050
32861,-391.925
32862,-394.150
32863,-396.650
32864,-388.450
32865,-390.975
32866,-393.300
32867,-394.925
32868,-397.450
32869,-389.300
32870,-392.125
32871,-394.125
32872,-396.450
32873,-398.675
32874,-400.650
32875,-393.075
32876,-395.550
32877,-397.775
32878,-400.175
32879,-402.050
32880,-404.775
32881,-396.425
32882,-398.975
32883,-401.250
32884,-403.375
32885,-405.350
32886,-382.325
32887,-399.975
32888,-401.925
32889,-404.650
32890,-381.175
32891,-383.375
32892,-400.800
32893,-403.125
32894,-405.650
32895,-382.450
32896,-384.675
32897,-386.675
32898,-404.700
32899,-381.450
32900,-383.075
32901,-385.800
32902,-387.725
32903,-390.525
32904,-382.600
32905,-384.450
32906,-386.975
32907,-389.475
32908,-391.350
32909,-393.950
32910,-386.050
32911,-388.250
32912,-390.450
32913,-392.775
32914,-394.750
32915,-397.175
32916,-389.425
32917,-391.725
32918,-394.025
32919,-396.275
32920,-398.275
32921,-390.650
32922,-392.650
32923,-395.025
32924,-396.925
32925,-399.125
32926,-401.375
32927,-393.925
32928,-395.975
32929,-398.325
32930,-400.600
32931,-402.725
32932,-404.925
32933,-397.550
32934,-399.650
32935,-401.350
32936,-403.875
32937,-405.975
32938,-383.050
32939,-400.500
32940,-402.750
32941,-404.950
32942,-381.750
32943,-384.100
32944,-401.375
32945,-403.800
32946,-405.975
32947,-383.075
32948,-385.075
32949,-387.725
32950,-405.075
32951,-381.550
32952,-383.950
32953,-386.475
32954,-388.450
32955,-391.025
32956,-383.375
32957,-385.050
32958,-387.500
32959,-389.725
32960,-392.450
32961,-394.575
32962,-386.150
32963,-388.975
32964,-391.200
32965,-393.625
32966,-395.450
32967,-387.525
32968,-389.650
32969,-391.950
32970,-394.725
32971,-396.225
32972,-398.775
32973,-391.325
32974,-393.350
32975,-395.750
32976,-397.875
32977,-399.775
32978,-402.375
32979,-394.500
32980,-396.625
32981,-399.275
32982,-401.150
32983,-403.675
32984,-406.000
32985,-397.825
32986,-400.275
32987,-402.100
32988,-404.825
32989,-381.500
32990,-383.675
32991,-401.050
32992,-403.450
32993,-406.200
32994,-382.125
32995,-384.975
32996,-402.050
32997,-404.500
32998,-381.650
32999,-383.875
33000,-386.000
33001,-388.575
33002,-406.125
33003,-382.500
33004,-384.600
33005,-386.575
33006,-389.250
33007,-391.725
33008,-383.525
33009,-386.050
33010,-388.450
33011,-390.300
33012,-392.825
33013,-395.225
33014,-386.925
33015,-389.325
33016,-391.825
33017,-394.250
33018,-396.175
33019,-388.100
33020,-390.675
33021,-393.150
33022,-394.725
33023,-397.725
33024,-399.875
33025,-392.050
33026,-394.025
33027,-396.125
33028,-398.250
33029,-401.000
33030,-402.825
33031,-395.475
33032,-397.475
33033,-399.775
33034,-401.950
33035,-404.200
33036,-406.225
33037,-398.325
33038,-401.050
33039,-402.750
33040,-405.650
33041,-382.025
33042,-374.250
33043,-402.325
33044,-404.650
33045,-406.850
33046,-382.875
33047,-385.075
33048,-403.050
33049,-405.275
33050,-381.925
33051,-384.175
33052,-386.625
33053,-388.900
33054,-406.325
33055,-383.275
33056,-385.200
33057,-388.000
33058,-390.450
33059,-392.150
33060,-384.075
33061,-386.300
33062,-388.750
33063,-391.075
33064,-393.375
33065,-395.425
33066,-387.375
33067,-390.075
33068,-392.325
33069,-395.050
33070,-396.875
33071,-389.225
33072,-391.175
33073,-393.925
33074,-395.775
33075,-398.125
33076,-400.375
33077,-392.675
33078,-395.050
33079,-396.825
33080,-398.950
33081,-401.850
33082,-404.175
33083,-395.550
33084,-398.175
33085,-399.975
33086,-402.500
33087,-404.775
33088,-381.550
33089,-399.425
33090,-401.650
33091,-403.700
33092,-406.325
33093,-383.025
33094,-400.150
33095,-402.625
33096,-405.075
33097,-381.450
33098,-383.900
33099,-386.475
33100,-403.675
33101,-406.000
33102,-382.600
33103,-384.625
33104,-387.375
33105,-389.875
33106,-382.050
33107,-383.850
33108,-386.225
33109,-388.525
33110,-390.925
33111,-392.900
33112,-384.850
33113,-387.300
33114,-389.650
33115,-392.150
33116,-394.450
33117,-386.475
33118,-388.925
33119,-390.925
33120,-392.700
33121,-395.650
33122,-397.475
33123,-389.625
33124,-392.000
33125,-394.550
33126,-396.475
33127,-398.550
33128,-400.900
33129,-393.100
33130,-395.475
33131,-397.975
33132,-400.275
33133,-402.425
33134,-404.750
33135,-396.825
33136,-398.875
33137,-401.400
33138,-402.850
33139,-406.025
33140,-382.250
33141,-400.175
33142,-402.450
33143,-404.875
33144,-380.875
33145,-383.475
33146,-401.400
33147,-403.675
33148,-406.000
33149,-382.450
33150,-384.775
33151,-386.925
33152,-404.200
33153,-381.450
33154,-383.675
33155,-385.925
33156,-387.975
33157,-390.525
33158,-382.200
33159,-384.550
33160,-386.625
33161,-389.100
33162,-391.825
33163,-394.025
33164,-385.375
33165,-387.950
33166,-390.725
33167,-392.625
33168,-394.750
33169,-386.600
33170,-389.125
33171,-391.800
33172,-393.750
33173,-395.725
33174,-398.675
33175,-390.675
33176,-392.650
33177,-395.275
33178,-397.525
33179,-399.475
33180,-401.375
33181,-393.575
33182,-396.425
33183,-398.075
33184,-400.850
33185,-402.575
33186,-405.325
33187,-397.025
33188,-399.425
33189,-401.750
33190,-404.475
33191,-406.650
33192,-372.875
33193,-400.575
33194,-402.850
33195,-405.300
33196,-382.025
33197,-384.400
33198,-402.050
33199,-404.375
33200,-406.825
33201,-383.375
33202,-385.650
33203,-387.575
33204,-404.850
33205,-382.025
33206,-384.150
33207,-386.400
33208,-389.050
33209,-391.075
33210,-383.400
33211,-385.700
33212,-387.525
33213,-390.050
33214,-392.100
33215,-394.275
33216,-386.525
33217,-388.750
33218,-390.975
33219,-393.675
33220,-395.750
33221,-387.450
33222,-390.275
33223,-392.050
33224,-394.700
33225,-396.575
33226,-399.225
33227,-391.425
33228,-393.300
33229,-395.650
33230,-397.825
33231,-399.950
33232,-402.650
33233,-394.275
33234,-396.475
33235,-399.200
33236,-401.050
33237,-403.475
33238,-405.850
33239,-397.925
33240,-400.375
33241,-402.100
33242,-404.750
33243,-381.350
33244,-398.875
33245,-401.550
33246,-403.375
33247,-406.325
33248,-382.600
33249,-384.675
33250,-402.625
33251,-404.475
33252,-381.775
33253,-383.450
33254,-386.225
33255,-388.175
33256,-406.025
33257,-383.075
33258,-385.300
33259,-387.125
33260,-389.775
33261,-391.400
33262,-384.000
33263,-385.925
33264,-388.250
33265,-390.975
33266,-393.200
33267,-395.550
33268,-387.400
33269,-389.350
33270,-391.950
33271,-394.450
33272,-396.725
33273,-387.875
33274,-390.725
33275,-392.825
33276,-395.450
33277,-397.175
33278,-399.775
33279,-391.400
33280,-394.250
33281,-396.625
33282,-398.525
33283,-400.700
33284,-403.225
33285,-395.000
33286,-397.475
33287,-399.875
33288,-402.050
33289,-403.950
33290,-406.900
33291,-398.525
33292,-401.250
33293,-402.950
33294,-405.125
33295,-382.300
33296,-399.375
33297,-402.525
33298,-404.500
33299,-381.100
33300,-383.550
33301,-385.750
33302,-403.050
33303,-405.500
33304,-382.425
33305,-384.375
33306,-386.675
33307,-389.100
33308,-380.850
33309,-383.300
33310,-385.525
33311,-388.050
33312,-389.875
33313,-392.800
33314,-384.475
33315,-386.925
33316,-389.350
33317,-391.125
33318,-393.750
33319,-385.750
33320,-387.950
33321,-389.925
33322,-392.775
33323,-394.925
33324,-397.375
33325,-389.350
33326,-391.200
33327,-394.025
33328,-395.650
33329,-398.250
33330,-400.075
33331,-392.875
33332,-394.650
33333,-397.250
33334,-399.575
33335,-401.850
33336,-403.850
33337,-395.975
33338,-398.625
33339,-400.825
33340,-402.350
33341,-405.300
33342,-381.450
33343,-399.550
33344,-401.550
33345,-403.875
33346,-406.075
33347,-383.200
33348,-400.575
33349,-403.050
33350,-404.925
33351,-381.525
33352,-383.725
33353,-386.125
33354,-403.875
33355,-406.675
33356,-382.875
33357,-384.700
33358,-387.700
33359,-389.400
33360,-381.550
33361,-384.375
33362,-386.300
33363,-388.700
33364,-391.175
33365,-393.175
33366,-385.150
33367,-387.500
33368,-390.025
33369,-391.725
33370,-394.025
33371,-386.300
33372,-388.325
33373,-390.875
33374,-393.300
33375,-395.550
33376,-397.925
33377,-389.350
33378,-392.400
33379,-394.650
33380,-396.625
33381,-398.725
33382,-400.900
33383,-393.525
33384,-395.825
33385,-398.225
33386,-399.950
33387,-402.575
33388,-404.775
33389,-396.225
33390,-398.875
33391,-401.050
33392,-403.425
33393,-405.400
33394,-398.050
33395,-399.975
33396,-402.450
33397,-404.500
33398,-381.725
33399,-383.850
33400,-401.400
33401,-403.550
33402,-406.175
33403,-382.325
33404,-384.500
33405,-386.975
33406,-404.875
33407,-381.600
33408,-383.350
33409,-386.050
33410,-388.475
33411,-390.700
33412,-382.300
33413,-384.600
33414,-386.900
33415,-389.325
33416,-391.800
33417,-393.950
33418,-386.275
33419,-388.250
33420,-390.700
33421,-392.975
33422,-394.875
33423,-387.300
33424,-389.200
33425,-391.875
33426,-393.875
33427,-395.750
33428,-398.075
33429,-390.650
33430,-393.075
33431,-394.600
33432,-397.250
33433,-399.550
33434,-402.150
33435,-394.300
33436,-396.075
33437,-398.075
33438,-400.950
33439,-402.950
33440,-405.275
33441,-397.625
33442,-399.975
33443,-401.750
33444,-404.150
33445,-406.275
33446,-398.125
33447,-400.450
33448,-402.900
33449,-405.600
33450,-381.600
33451,-384.675
33452,-402.000
33453,-403.775
33454,-406.750
33455,-383.475
33456,-384.975
33457,-387.600
33458,-405.425
33459,-381.775
33460,-384.675
33461,-386.550
33462,-389.150
33463,-391.050
33464,-383.525
33465,-385.325
33466,-388.000
33467,-390.325
33468,-392.375
33469,-384.500
33470,-386.850
33471,-389.225
33472,-391.550
33473,-393.200
33474,-395.425
33475,-387.800
33476,-390.025
33477,-392.650
33478,-394.650
33479,-397.150
33480,-399.275
33481,-391.175
33482,-393.575
33483,-395.550
33484,-397.625
33485,-400.275
33486,-402.250
33487,-394.800
33488,-397.100
33489,-399.525
33490,-401.450
33491,-403.950
33492,-405.575
33493,-398.125
33494,-400.275
33495,-402.450
33496,-404.975
33497,-382.025
33498,-399.475
33499,-401.250
33500,-404.100
33501,-406.075
33502,-382.725
33503,-384.950
33504,-402.850
33505,-405.075
33506,-381.300
33507,-384.200
33508,-385.900
33509,-388.450
33510,-406.475
33511,-383.075
33512,-384.875
33513,-387.500
33514,-389.250
33515,-391.875
33516,-384.050
33517,-386.400
33518,-388.350
33519,-390.500
33520,-393.375
33521,-384.675
33522,-387.400
33523,-389.825
33524,-391.825
33525,-394.075
33526,-396.075
33527,-388.700
33528,-390.825
33529,-393.200
33530,-394.875
33531,-397.875
33532,-399.775
33533,-391.800
33534,-394.350
33535,-396.375
33536,-398.425
33537,-401.250
33538,-403.150
33539,-395.225
33540,-397.475
33541,-400.175
33542,-401.825
33543,-404.500
33544,-396.800
33545,-398.750
33546,-401.000
33547,-403.000
33548,-405.700
33549,-382.675
33550,-399.750
33551,-402.175
33552,-404.500
33553,-380.725
33554,-383.125
33555,-385.675
33556,-402.900
33557,-405.525
33558,-381.950
33559,-384.400
33560,-386.525
33561,-388.700
33562,-381.625
33563,-383.400
33564,-386.125
33565,-387.875
33566,-390.500
33567,-392.875
33568,-384.900
33569,-387.200
33570,-389.325
33571,-391.350
33572,-393.575
33573,-386.050
33574,-388.225
33575,-390.650
33576,-392.225
33577,-394.875
33578,-397.125
33579,-389.300
33580,-391.825
33581,-393.775
33582,-395.575
33583,-398.175
33584,-400.275
33585,-392.825
33586,-395.075
33587,-397.525
33588,-399.425
33589,-401.450
33590,-404.275
33591,-396.375
33592,-398.625
33593,-400.650
33594,-402.675
33595,-404.825
33596,-397.125
33597,-399.475
33598,-401.900
33599,-404.000
33600,-406.650
33601,-383.275
33602,-400.950
33603,-402.550
33604,-405.450
33605,-381.750
33606,-383.850
33607,-386.725
33608,-404.075
33609,-406.275
33610,-382.975
33611,-385.400
33612,-387.850
33613,-389.525
33614,-381.600
33615,-384.075
33616,-386.350
33617,-389.050
33618,-390.650
33619,-382.825
33620,-385.150
33621,-387.875
33622,-390.075
33623,-391.725
33624,-394.750
33625,-386.600
33626,-388.925
33627,-390.650
33628,-393.200
33629,-395.875
33630,-397.650
33631,-390.050
33632,-392.250
33633,-394.375
33634,-396.825
33635,-399.075
33636,-401.100
33637,-393.275
33638,-395.775
33639,-398.325
33640,-399.725
33641,-402.325
33642,-404.825
33643,-396.550
33644,-398.950
33645,-401.300
33646,-403.850
33647,-405.925
33648,-398.025
33649,-400.450
33650,-402.850
33651,-404.400
33652,-381.525
33653,-383.575
33654,-401.700
33655,-403.225
33656,-405.800
33657,-382.525
33658,-384.850
33659,-386.675
33660,-404.725
33661,-381.375
33662,-384.075
33663,-385.925
33664,-388.150
33665,-390.900
33666,-382.350
33667,-384.800
33668,-387.250
33669,-388.950
33670,-391.550
33671,-383.675
33672,-386.325
33673,-388.100
33674,-390.650
33675,-393.250
33676,-395.450
33677,-387.100
33678,-389.775
33679,-392.150
33680,-394.400
33681,-396.575
33682,-398.250
33683,-390.725
33684,-393.100
33685,-395.325
33686,-397.725
33687,-399.425
33688,-402.325
33689,-394.025
33690,-395.875
33691,-398.475
33692,-401.150
33693,-403.425
33694,-394.850
33695,-397.675
33696,-400.125
33697,-402.225
33698,-404.100
33699,-406.825
33700,-398.525
33701,-400.900
33702,-403.375
33703,-405.350
33704,-382.125
33705,-384.300
33706,-401.625
33707,-404.650
33708,-381.400
33709,-383.250
33710,-385.450
33711,-388.175
33712,-405.550
33713,-382.500
33714,-384.200
33715,-386.550
33716,-389.350
33717,-391.625
33718,-383.300
33719,-385.750
33720,-387.875
33721,-390.050
33722,-392.450
33723,-384.850
33724,-386.475
33725,-389.100
33726,-391.200
33727,-393.100
33728,-395.625
33729,-387.400
33730,-390.275
33731,-392.725
33732,-395.075
33733,-396.725
33734,-399.425
33735,-391.575
33736,-393.725
33737,-396.075
33738,-398.050
33739,-400.050
33740,-402.900
33741,-394.650
33742,-397.025
33743,-399.200
33744,-401.325
33745,-404.050
33746,-396.325
33747,-398.150
33748,-400.700
33749,-403.050
33750,-404.600
33751,-382.050
33752,-399.275
33753,-401.450
33754,-404.075
33755,-406.550
33756,-382.775
33757,-385.200
33758,-402.750
33759,-405.300
33760,-381.650
33761,-384.175
33762,-385.850
33763,-388.425
33764,-406.425
33765,-382.775
33766,-385.275
33767,-387.250
33768,-389.675
33769,-381.500
33770,-384.100
33771,-386.600
33772,-388.500
33773,-390.725
33774,-392.975
33775,-385.125
33776,-387.275
33777,-389.675
33778,-391.950
33779,-393.925
33780,-396.475
33781,-388.575
33782,-390.625
33783,-393.200
33784,-395.775
33785,-397.450
33786,-399.950
33787,-391.800
33788,-394.350
33789,-396.475
33790,-398.850
33791,-401.150
33792,-403.375
33793,-395.150
33794,-397.825
33795,-399.925
33796,-402.500
33797,-404.550
33798,-396.725
33799,-398.925
33800,-401.525
33801,-403.325
33802,-405.700
33803,-382.500
33804,-400.350
33805,-402.275
33806,-404.875
33807,-381.625
33808,-383.575
33809,-385.825
33810,-403.025
33811,-405.425
33812,-382.775
33813,-384.900
33814,-386.725
33815,-389.425
33816,-381.175
33817,-383.525
33818,-385.750
33819,-388.325
33820,-390.300
33821,-382.725
33822,-384.550
33823,-386.850
33824,-389.150
33825,-391.725
33826,-393.850
33827,-385.700
33828,-388.425
33829,-390.650
33830,-392.450
33831,-394.800
33832,-397.575
33833,-389.100
33834,-391.825
33835,-394.200
33836,-395.925
33837,-398.675
33838,-400.800
33839,-392.975
33840,-394.825
33841,-397.350
33842,-399.275
33843,-402.225
33844,-404.050
33845,-396.125
33846,-398.875
33847,-400.700
33848,-403.300
33849,-404.950
33850,-397.175
33851,-399.825
33852,-401.450
33853,-404.100
33854,-406.450
33855,-383.300
33856,-400.750
33857,-403.050
33858,-405.225
33859,-381.550
33860,-383.950
33861,-386.475
33862,-404.400
33863,-406.850
33864,-383.175
33865,-385.225
33866,-387.600
33867,-390.325
33868,-382.300
33869,-384.350
33870,-386.300
33871,-388.950
33872,-390.975
33873,-383.475
33874,-385.575
33875,-387.875
33876,-389.850
33877,-392.275
33878,-394.825
33879,-386.475
33880,-388.800
33881,-391.125
33882,-393.675
33883,-395.875
33884,-397.550
33885,-389.800
33886,-392.525
33887,-394.475
33888,-397.075
33889,-399.375
33890,-401.200
33891,-393.525
33892,-395.725
33893,-398.125
33894,-400.500
33895,-402.775
33896,-394.475
33897,-396.975
33898,-398.825
33899,-401.800
33900,-403.950
33901,-405.800
33902,-398.275
33903,-400.650
33904,-402.375
33905,-405.225
33906,-381.975
33907,-384.075
33908,-401.925
33909,-403.975
33910,-405.600
33911,-383.025
33912,-384.800
33913,-387.300
33914,-404.725
33915,-381.750
33916,-383.625
33917,-385.925
33918,-388.675
33919,-391.025
33920,-382.700
33921,-384.500
33922,-387.450
33923,-389.125
33924,-391.800
33925,-384.150
33926,-386.125
33927,-388.225
33928,-390.700
33929,-393.275
33930,-395.350
33931,-387.050
33932,-389.425
33933,-391.725
33934,-393.875
33935,-396.725
33936,-398.525
33937,-391.050
33938,-392.875
33939,-395.125
33940,-397.850
33941,-400.225
33942,-402.050
33943,-394.375
33944,-396.425
33945,-398.850
33946,-401.250
33947,-403.125
33948,-395.475
33949,-397.375
33950,-399.925
33951,-402.000
33952,-404.300
33953,-381.225
33954,-398.675
33955,-401.200
33956,-403.225
33957,-405.750
33958,-382.450
33959,-384.850
33960,-401.900
33961,-404.650
33962,-381.175
33963,-383.550
33964,-385.700
33965,-388.225
33966,-405.500
33967,-382.175
33968,-384.900
33969,-387.050
33970,-389.425
33971,-381.375
33972,-383.650
33973,-385.725
33974,-388.275
33975,-390.275
33976,-392.100
33977,-384.175
33978,-386.675
33979,-389.425
33980,-391.550
33981,-394.025
33982,-395.900
33983,-387.725
33984,-390.250
33985,-392.200
33986,-394.750
33987,-396.825
33988,-399.275
33989,-391.500
33990,-393.925
33991,-396.125
33992,-398.175
33993,-400.175
33994,-402.950
33995,-394.950
33996,-397.225
33997,-399.725
33998,-401.250
33999,-404.050
34000,-395.675
34001,-398.175
34002,-400.600
34003,-403.125
34004,-404.650
34005,-382.075
34006,-399.625
34007,-401.375
34008,-404.400
34009,-406.225
34010,-383.175
34011,-384.950
34012,-402.850
34013,-405.450
34014,-382.050
34015,-384.300
34016,-386.450
34017,-388.900
34018,-406.275
34019,-382.975
34020,-385.400
34021,-387.450
34022,-389.400
34023,-381.925
34024,-383.850
34025,-386.250
34026,-388.975
34027,-390.775
34028,-393.625
34029,-385.375
34030,-387.050
34031,-390.250
34032,-392.375
34033,-394.150
34034,-396.625
34035,-389.100
34036,-390.800
34037,-393.075
34038,-395.675
34039,-398.150
34040,-399.850
34041,-392.050
34042,-394.300
34043,-396.875
34044,-398.650
34045,-401.525
34046,-393.475
34047,-395.575
34048,-397.625
34049,-399.625
34050,-402.050
34051,-404.450
34052,-396.625
34053,-398.975
34054,-401.700
34055,-403.700
34056,-405.525
34057,-382.725
34058,-400.225
34059,-402.275
34060,-405.025
34061,-381.375
34062,-383.750
34063,-385.925
34064,-403.550
34065,-405.425
34066,-382.450
34067,-385.075
34068,-387.025
34069,-389.500
34070,-381.400
34071,-383.800
34072,-385.925
34073,-388.025
34074,-390.500
34075,-382.875
34076,-384.675
34077,-386.900
34078,-389.150
34079,-391.400
34080,-393.975
34081,-385.925
34082,-388.350
34083,-390.925
34084,-392.625
34085,-394.825
34086,-397.350
34087,-389.150
34088,-391.625
34089,-393.925
34090,-396.625
34091,-398.475
34092,-401.100
34093,-393.200
34094,-395.075
34095,-397.575
34096,-399.550
34097,-401.500
34098,-394.250
34099,-396.175
34100,-398.875
34101,-400.750
34102,-403.350
34103,-405.700
34104,-397.150
34105,-399.625
34106,-401.650
34107,-404.475
34108,-406.375
34109,-383.375
34110,-400.750
34111,-403.525
34112,-405.325
34113,-382.400
34114,-384.500
34115,-386.925
34116,-403.875
34117,-406.650
34118,-382.925
34119,-385.525
34120,-387.825
34121,-405.625
34122,-382.400
34123,-384.600
34124,-386.850
34125,-389.225
34126,-390.825
34127,-383.350
34128,-385.175
34129,-387.800
34130,-390.225
34131,-392.500
34132,-394.925
34133,-386.525
34134,-388.950
34135,-391.550
34136,-393.300
34137,-395.900
34138,-398.325
34139,-390.175
34140,-391.950
34141,-394.300
34142,-397.150
34143,-399.525
34144,-401.450
34145,-393.925
34146,-396.100
34147,-397.875
34148,-400.350
34149,-403.050
34150,-394.750
34151,-397.250
34152,-399.375
34153,-401.650
34154,-403.975
34155,-406.325
34156,-398.250
34157,-400.600
34158,-402.550
34159,-405.225
34160,-381.675
34161,-384.075
34162,-402.050
34163,-403.950
34164,-406.375
34165,-382.500
34166,-385.125
34167,-387.200
34168,-404.575
34169,-381.725
34170,-384.200
34171,-386.400
34172,-388.700
34173,-405.850
34174,-383.075
34175,-385.150
34176,-387.250
34177,-389.825
34178,-392.150
34179,-383.850
34180,-386.125
34181,-388.375
34182,-390.550
34183,-393.025
34184,-395.675
34185,-387.275
34186,-389.625
34187,-391.800
34188,-394.375
34189,-396.575
34190,-399.050
34191,-391.025
34192,-393.075
34193,-395.650
34194,-397.275
34195,-400.325
34196,-392.125
34197,-394.150
34198,-396.475
34199,-399.150
34200,-401.450
34201,-403.750
34202,-395.450
34203,-397.950
34204,-400.025
34205,-402.500
34206,-404.875
34207,-380.825
34208,-398.725
34209,-401.350
34210,-403.550
34211,-405.450
34212,-382.300
34213,-384.475
34214,-402.050
34215,-404.925
34216,-381.450
34217,-383.575
34218,-385.675
34219,-388.025
34220,-405.225
34221,-382.650
34222,-384.550
34223,-387.250
34224,-389.425
34225,-381.300
34226,-383.800
34227,-385.425
34228,-388.050
34229,-390.225
34230,-392.625
34231,-384.700
34232,-387.150
34233,-389.575
34234,-391.575
34235,-394.125
34236,-396.450
34237,-388.375
34238,-390.650
34239,-392.500
34240,-394.800
34241,-397.575
34242,-399.375
34243,-391.775
34244,-394.175
34245,-396.075
34246,-398.450
34247,-400.450
34248,-392.600
34249,-394.850
34250,-397.625
34251,-399.825
34252,-401.925
34253,-404.175
34254,-396.075
34255,-398.075
34256,-400.325
34257,-402.550
34258,-405.350
34259,-382.225
34260,-399.725
34261,-401.650
34262,-404.075
34263,-406.225
34264,-383.475
34265,-384.950
34266,-403.425
34267,-405.600
34268,-381.875
34269,-384.550
34270,-386.400
34271,-378.150
34272,-406.500
34273,-382.975
34274,-385.000
34275,-387.500
34276,-390.150
34277,-381.825
34278,-384.075
34279,-386.400
34280,-388.425
34281,-390.550
34282,-393.275
34283,-385.525
34284,-387.800
34285,-390.125
34286,-392.050
34287,-394.500
34288,-396.275
34289,-389.050
34290,-391.150
34291,-393.750
34292,-395.925
34293,-397.725
34294,-400.375
34295,-392.000
34296,-394.700
34297,-397.150
34298,-399.375
34299,-401.300
34300,-393.250
34301,-395.825
34302,-398.125
34303,-400.175
34304,-402.550
34305,-405.100
34306,-396.725
34307,-399.175
34308,-401.750
34309,-403.225
34310,-406.225
34311,-382.675
34312,-400.650
34313,-402.725
34314,-404.975
34315,-381.500
34316,-383.850
34317,-385.925
34318,-403.300
34319,-406.000
34320,-382.225
34321,-384.950
34322,-387.450
34323,-404.700
34324,-381.625
34325,-383.875
34326,-386.175
34327,-388.150
34328,-390.450
34329,-382.525
34330,-385.075
34331,-387.025
34332,-389.225
34333,-391.925
34334,-394.050
34335,-386.125
34336,-388.400
34337,-390.925
34338,-392.675
34339,-395.075
34340,-397.625
34341,-389.050
34342,-392.100
34343,-393.775
34344,-396.725
34345,-398.225
34346,-390.500
34347,-393.075
34348,-395.525
34349,-397.175
34350,-400.125
34351,-402.275
34352,-393.650
34353,-396.125
34354,-398.550
34355,-400.850
34356,-403.050
34357,-405.800
34358,-397.850
34359,-399.825
34360,-402.000
34361,-404.250
34362,-406.275
34363,-383.175
34364,-400.825
34365,-403.325
34366,-405.750
34367,-382.400
34368,-384.600
34369,-386.975
34370,-404.650
34371,-380.900
34372,-383.525
34373,-385.125
34374,-387.850
34375,-405.550
34376,-382.175
34377,-384.400
34378,-386.300
34379,-389.225
34380,-391.300
34381,-383.350
34382,-385.475
34383,-388.100
34384,-389.775
34385,-392.625
34386,-394.400
34387,-386.775
34388,-388.900
34389,-391.325
34390,-393.925
34391,-395.925
34392,-398.575
34393,-389.875
34394,-392.825
34395,-394.725
34396,-396.925
34397,-399.075
34398,-391.400
34399,-393.475
34400,-396.275
34401,-398.150
34402,-400.650
34403,-402.675
34404,-395.000
34405,-396.775
34406,-399.650
34407,-401.850
34408,-404.200
34409,-406.025
34410,-398.425
34411,-400.450
34412,-402.725
34413,-405.350
34414,-381.300
34415,-383.650
34416,-401.525
34417,-403.750
34418,-406.475
34419,-383.175
34420,-384.950
34421,-377.425
34422,-405.325
34423,-382.125
34424,-384.250
34425,-386.325
34426,-388.325
34427,-406.350
34428,-383.275
34429,-385.075
34430,-387.100
34431,-390.025
34432,-392.050
34433,-383.725
34434,-386.525
34435,-388.400
34436,-391.200
34437,-393.075
34438,-395.650
34439,-387.500
34440,-389.675
34441,-392.375
34442,-394.650
34443,-396.875
34444,-398.525
34445,-390.600
34446,-392.875
34447,-395.375
34448,-398.075
34449,-400.125
34450,-392.200
34451,-394.275
34452,-396.775
34453,-398.925
34454,-401.100
34455,-403.750
34456,-395.150
34457,-397.725
34458,-399.725
34459,-402.225
34460,-404.400
34461,-380.850
34462,-398.575
34463,-401.550
34464,-403.225
34465,-405.850
34466,-382.875
34467,-384.800
34468,-402.525
34469,-404.750
34470,-381.675
34471,-383.975
34472,-385.925
34473,-403.525
34474,-405.925
34475,-382.675
34476,-384.500
34477,-386.825
34478,-389.650
34479,-381.050
34480,-383.625
34481,-386.150
34482,-388.525
34483,-390.150
34484,-392.550
34485,-385.125
34486,-386.625
34487,-389.675
34488,-391.575
34489,-393.925
34490,-395.850
34491,-388.075
34492,-390.300
34493,-392.725
34494,-394.825
34495,-397.525
34496,-399.350
34497,-391.975
34498,-394.150
34499,-396.225
34500,-398.275
34501,-400.450
34502,-392.925
34503,-395.075
34504,-397.325
34505,-399.250
34506,-401.450
34507,-403.875
34508,-396.050
34509,-398.675
34510,-400.900
34511,-402.650
34512,-405.350
34513,-381.750
34514,-399.850
34515,-402.100
34516,-404.600
34517,-406.375
34518,-383.450
34519,-385.050
34520,-403.425
34521,-405.325
34522,-381.950
34523,-384.175
34524,-386.675
34525,-404.150
34526,-406.550
34527,-383.475
34528,-385.300
34529,-387.175
34530,-389.975
34531,-382.175
34532,-384.200
34533,-386.175
34534,-389.200
34535,-391.225
34536,-393.100
34537,-385.700
34538,-387.600
34539,-390.150
34540,-392.525
34541,-394.250
34542,-396.675
34543,-389.150
34544,-391.325
34545,-393.400
34546,-395.675
34547,-397.925
34548,-390.450
34549,-392.325
34550,-394.700
34551,-397.150
34552,-399.075
34553,-401.350
34554,-393.550
34555,-395.650
34556,-398.025
34557,-400.225
34558,-402.625
34559,-405.050
34560,-397.075
34561,-399.125
34562,-401.200
34563,-403.950
34564,-406.375
34565,-382.800
34566,-400.175
34567,-402.325
34568,-404.775
34569,-381.625
34570,-383.950
34571,-385.975
34572,-403.700
34573,-406.325
34574,-382.975
34575,-384.675
34576,-387.025
34577,-404.825
34578,-381.600
34579,-383.575
34580,-386.400
34581,-388.275
34582,-390.725
34583,-383.125
34584,-385.450
34585,-387.325
34586,-389.425
34587,-391.400
34588,-394.275
34589,-386.475
34590,-387.975
34591,-390.700
34592,-392.900
34593,-395.275
34594,-397.425
34595,-389.775
34596,-391.625
34597,-393.975
34598,-396.675
34599,-398.450
34600,-390.900
34601,-393.400
34602,-395.550
34603,-397.325
34604,-400.125
34605,-402.225
34606,-394.575
34607,-396.525
34608,-399.025
34609,-400.900
34610,-403.225
34611,-405.500
34612,-397.925
34613,-399.875
34614,-402.550
34615,-404.725
34616,-381.150
34617,-383.400
34618,-401.375
34619,-403.550
34620,-405.850
34621,-382.200
34622,-384.800
34623,-402.150
34624,-404.650
34625,-381.300
34626,-383.525
34627,-385.975
34628,-387.925
34629,-405.925
34630,-382.650
34631,-384.850
34632,-386.975
34633,-389.350
34634,-391.700
34635,-383.725
34636,-385.450
34637,-388.075
34638,-390.250
34639,-392.600
34640,-394.875
34641,-386.850
34642,-389.475
34643,-391.325
34644,-394.025
34645,-395.825
34646,-398.075
34647,-390.600
34648,-392.200
34649,-395.250
34650,-397.450
34651,-399.575
34652,-391.300
34653,-394.025
34654,-396.325
34655,-398.050
34656,-400.950
34657,-402.675
34658,-395.000
34659,-396.825
34660,-399.650
34661,-402.100
34662,-404.350
34663,-406.675
34664,-398.575
34665,-400.650
34666,-402.675
34667,-405.075
34668,-382.225
34669,-384.100
34670,-401.575
34671,-404.100
34672,-406.000
34673,-383.200
34674,-384.750
34675,-402.950
34676,-405.350
34677,-382.200
34678,-384.400
34679,-385.975
34680,-388.500
34681,-406.375
34682,-382.975
34683,-385.575
34684,-387.575
34685,-390.150
34686,-392.425
34687,-384.450
34688,-386.475
34689,-389.100
34690,-390.575
34691,-393.075
34692,-395.275
34693,-387.600
34694,-390.225
34695,-391.975
34696,-394.450
34697,-396.725
34698,-389.050
34699,-390.875
34700,-393.625
34701,-395.475
34702,-397.875
34703,-400.175
34704,-392.200
34705,-394.575
34706,-396.475
34707,-398.875
34708,-401.650
34709,-403.600
34710,-395.825
34711,-397.475
34712,-400.325
34713,-402.550
34714,-404.975
34715,-381.825
34716,-398.850
34717,-401.300
34718,-403.525
34719,-405.925
34720,-382.875
34721,-384.700
34722,-402.525
34723,-404.875
34724,-381.600
34725,-383.750
34726,-385.600
34727,-403.350
34728,-405.875
34729,-383.050
34730,-384.800
34731,-386.925
34732,-389.425
34733,-381.450
34734,-383.850
34735,-385.825
34736,-388.025
34737,-390.275
34738,-392.775
34739,-384.675
34740,-387.400
34741,-389.525
34742,-391.700
34743,-393.750
34744,-396.625
34745,-388.350
34746,-390.325
34747,-392.875
34748,-395.150
34749,-397.525
34750,-388.950
34751,-391.250
34752,-393.850
34753,-396.175
34754,-398.325
34755,-400.750
34756,-392.650
34757,-395.450
34758,-397.625
34759,-399.825
34760,-402.225
34761,-404.575
34762,-396.650
34763,-398.525
34764,-400.800
34765,-403.100
34766,-405.800
34767,-382.350
34768,-399.775
34769,-401.700
34770,-403.875
34771,-381.175
34772,-383.350
34773,-400.750
34774,-403.125
34775,-405.750
34776,-382.450
34777,-384.350
34778,-386.925
34779,-403.975
34780,-381.350
34781,-383.400
34782,-385.725
34783,-388.050
34784,-390.575
34785,-382.200
34786,-384.075
34787,-386.475
34788,-388.925
34789,-391.500
34790,-393.625
34791,-385.375
34792,-388.100
34793,-390.425
34794,-392.625
34795,-394.650
34796,-396.875
34797,-389.250
34798,-391.450
34799,-393.525
34800,-396.125
34801,-398.425
34802,-390.600
34803,-392.650
34804,-394.500
34805,-396.650
34806,-399.575
34807,-401.850
34808,-393.750
34809,-395.725
34810,-397.850
34811,-400.275
34812,-403.050
34813,-405.050
34814,-396.975
34815,-399.225
34816,-401.800
34817,-403.900
34818,-406.375
34819,-382.500
34820,-400.800
34821,-402.750
34822,-404.975
34823,-381.850
34824,-384.175
34825,-401.375
34826,-403.800
34827,-406.550
34828,-383.175
34829,-385.425
34830,-387.200
34831,-405.025
34832,-382.025
34833,-384.400
34834,-386.350
34835,-388.575
34836,-390.700
34837,-382.800
34838,-385.225
34839,-387.525
34840,-389.675
34841,-391.625
34842,-394.550
34843,-386.125
34844,-388.750
34845,-391.075
34846,-393.175
34847,-395.650
34848,-386.925
34849,-389.975
34850,-391.975
34851,-394.600
34852,-396.825
34853,-399.225
34854,-390.775
34855,-392.825
34856,-395.450
34857,-397.950
34858,-400.375
34859,-402.575
34860,-394.200
34861,-396.675
34862,-398.450
34863,-401.250
34864,-403.250
34865,-405.700
34866,-397.925
34867,-400.325
34868,-402.225
34869,-404.450
34870,-381.625
34871,-383.750
34872,-400.850
34873,-403.650
34874,-405.700
34875,-382.600
34876,-384.800
34877,-402.000
34878,-404.975
34879,-381.300
34880,-383.900
34881,-386.125
34882,-388.000
34883,-405.750
34884,-382.450
34885,-384.550
34886,-387.200
34887,-389.125
34888,-391.775
34889,-383.675
34890,-385.600
34891,-388.275
34892,-390.775
34893,-392.725
34894,-395.125
34895,-386.975
34896,-389.425
34897,-391.600
34898,-393.925
34899,-395.875
34900,-387.600
34901,-390.425
34902,-392.925
34903,-394.925
34904,-397.175
34905,-399.650
34906,-391.550
34907,-394.275
34908,-396.350
34909,-398.525
34910,-400.950
34911,-402.575
34912,-394.700
34913,-397.375
34914,-399.725
34915,-401.750
34916,-404.050
34917,-406.675
34918,-398.575
34919,-400.350
34920,-402.775
34921,-405.225
34922,-381.825
34923,-374.350
34924,-401.500
34925,-404.550
34926,-406.375
34927,-383.075
34928,-385.175
34929,-402.900
34930,-405.275
34931,-382.075
34932,-384.450
34933,-386.475
34934,-388.850
34935,-406.500
34936,-382.800
34937,-385.600
34938,-387.600
34939,-390.300
34940,-392.550
34941,-383.875
34942,-386.350
34943,-389.125
34944,-391.075
34945,-393.725
34946,-395.850
34947,-387.825
34948,-390.400
34949,-392.250
34950,-394.275
34951,-397.225
34952,-388.700
34953,-391.425
34954,-393.650
34955,-395.825
34956,-397.775
34957,-400.150
34958,-392.050
34959,-394.825
34960,-397.100
34961,-398.725
34962,-401.500
34963,-403.975
34964,-395.575
34965,-398.350
34966,-400.250
34967,-402.275
34968,-404.400
34969,-381.300
34970,-399.275
34971,-401.800
34972,-403.550
34973,-406.075
34974,-382.675
34975,-400.600
34976,-402.775
34977,-404.550
34978,-381.550
34979,-383.850
34980,-385.650
34981,-404.200
34982,-406.350
34983,-383.075
34984,-384.950
34985,-387.450
34986,-389.775
34987,-381.450
34988,-384.150
34989,-386.350
34990,-388.000
34991,-390.375
34992,-393.075
34993,-384.875
34994,-386.900
34995,-389.300
34996,-391.800
34997,-394.400
34998,-386.225
34999,-388.275
35000,-390.500
35001,-393.250
35002,-394.850
35003,-397.375
35004,-389.325
35005,-392.150
35006,-394.450
35007,-396.425
35008,-399.025
35009,-401.400
35010,-393.075
35011,-395.450
35012,-397.950
35013,-399.875
35014,-402.000
35015,-404.050
35016,-396.325
35017,-398.975
35018,-400.600
35019,-403.150
35020,-405.850
35021,-382.200
35022,-400.250
35023,-402.050
35024,-404.400
35025,-380.900
35026,-383.750
35027,-401.150
35028,-403.300
35029,-405.925
35030,-381.975
35031,-384.850
35032,-386.975
35033,-404.550
35034,-381.275
35035,-383.275
35036,-385.975
35037,-387.625
35038,-390.125
35039,-382.400
35040,-384.625
35041,-386.550
35042,-388.850
35043,-391.625
35044,-393.625
35045,-385.650
35046,-388.325
35047,-390.500
35048,-392.325
35049,-395.000
35050,-386.975
35051,-389.150
35052,-391.700
35053,-393.625
35054,-395.775
35055,-398.450
35056,-390.025
35057,-392.375
35058,-394.700
35059,-397.275
35060,-399.725
35061,-401.800
35062,-393.650
35063,-396.300
35064,-398.225
35065,-400.850
35066,-403.050
35067,-405.300
35068,-397.225
35069,-399.575
35070,-401.650
35071,-403.900
35072,-406.075
35073,-372.550
35074,-400.825
35075,-402.375
35076,-404.825
35077,-381.975
35078,-383.775
35079,-401.750
35080,-404.300
35081,-406.500
35082,-383.075
35083,-384.950
35084,-387.725
35085,-405.450
35086,-381.525
35087,-383.900
35088,-386.300
35089,-388.450
35090,-390.975
35091,-382.725
35092,-385.150
35093,-387.775
35094,-389.875
35095,-392.325
35096,-394.300
35097,-386.625
35098,-388.625
35099,-391.175
35100,-393.075
35101,-395.575
35102,-387.100
35103,-389.475
35104,-392.050
35105,-394.475
35106,-396.975
35107,-398.975
35108,-390.650
35109,-393.450
35110,-395.850
35111,-397.750
35112,-399.650
35113,-402.550
35114,-394.575
35115,-397.025
35116,-399.100
35117,-401.400
35118,-403.550
35119,-405.850
35120,-397.850
35121,-400.175
35122,-402.000
35123,-404.575
35124,-381.300
35125,-399.425
35126,-400.900
35127,-403.750
35128,-405.875
35129,-382.550
35130,-385.000
35131,-402.175
35132,-404.825
35133,-381.000
35134,-383.975
35135,-386.125
35136,-388.575
35137,-406.225
35138,-382.500
35139,-385.175
35140,-387.200
35141,-388.825
35142,-391.875
35143,-384.000
35144,-386.025
35145,-388.075
35146,-390.775
35147,-393.075
35148,-394.950
35149,-387.250
35150,-389.475
35151,-391.550
35152,-394.375
35153,-396.575
35154,-388.075
35155,-390.825
35156,-392.975
35157,-395.475
35158,-397.525
35159,-399.275
35160,-391.875
35161,-393.825
35162,-396.400
35163,-398.325
35164,-401.050
35165,-402.950
35166,-395.450
35167,-397.175
35168,-399.975
35169,-401.750
35170,-404.100
35171,-406.775
35172,-398.825
35173,-400.450
35174,-403.375
35175,-405.275
35176,-382.300
35177,-399.950
35178,-402.225
35179,-404.100
35180,-406.375
35181,-383.300
35182,-385.750
35183,-403.550
35184,-405.800
35185,-382.400
35186,-384.475
35187,-386.450
35188,-388.750
35189,-406.675
35190,-383.350
35191,-385.750
35192,-387.600
35193,-390.025
35194,-392.700
35195,-384.150
35196,-386.550
35197,-388.675
35198,-390.800
35199,-393.175
35200,-385.375
35201,-388.075
35202,-389.875
35203,-392.000
35204,-394.550
35205,-397.175
35206,-388.575
35207,-391.450
35208,-393.200
35209,-396.125
35210,-398.075
35211,-399.875
35212,-392.450
35213,-395.000
35214,-397.175
35215,-398.875
35216,-401.525
35217,-403.700
35218,-395.625
35219,-398.425
35220,-400.500
35221,-402.950
35222,-404.925
35223,-381.775
35224,-399.350
35225,-401.500
35226,-403.775
35227,-406.450
35228,-383.175
35229,-400.750
35230,-402.775
35231,-405.225
35232,-381.450
35233,-384.175
35234,-385.650
35235,-403.775
35236,-406.475
35237,-382.675
35238,-385.400
35239,-387.275
35240,-389.950
35241,-381.775
35242,-384.075
35243,-386.075
35244,-388.775
35245,-390.500
35246,-393.375
35247,-385.125
35248,-387.150
35249,-389.250
35250,-392.200
35251,-394.550
35252,-386.125
35253,-388.500
35254,-390.775
35255,-393.075
35256,-395.725
35257,-397.750
35258,-389.650
35259,-392.325
35260,-394.025
35261,-396.075
35262,-398.675
35263,-401.000
35264,-392.975
35265,-395.325
35266,-397.975
35267,-399.925
35268,-402.450
35269,-404.100
35270,-396.500
35271,-399.025
35272,-401.450
35273,-403.600
35274,-405.775
35275,-397.425
35276,-400.250
35277,-402.350
35278,-404.650
35279,-381.600
35280,-383.575
35281,-401.125
35282,-403.300
35283,-405.750
35284,-382.350
35285,-384.300
35286,-386.475
35287,-404.600
35288,-381.275
35289,-383.125
35290,-385.325
35291,-387.850
35292,-390.500
35293,-382.700
35294,-384.875
35295,-386.975
35296,-389.325
35297,-391.500
35298,-394.125
35299,-385.400
35300,-388.225
35301,-390.275
35302,-392.675
35303,-395.175
35304,-386.925
35305,-389.525
35306,-391.725
35307,-393.375
35308,-396.375
35309,-398.575
35310,-390.325
35311,-392.975
35312,-394.800
35313,-397.025
35314,-399.825
35315,-401.550
35316,-393.775
35317,-395.925
35318,-398.575
35319,-400.950
35320,-402.500
35321,-405.350
35322,-396.875
35323,-399.775
35324,-401.575
35325,-404.350
35326,-406.375
35327,-398.750
35328,-400.500
35329,-403.300
35330,-405.025
35331,-382.300
35332,-384.275
35333,-401.725
35334,-403.950
35335,-406.375
35336,-382.650
35337,-385.200
35338,-387.325
35339,-405.650
35340,-381.600
35341,-383.800
35342,-386.400
35343,-388.575
35344,-391.175
35345,-383.450
35346,-385.150
35347,-387.950
35348,-390.150
35349,-391.925
35350,-384.375
35351,-386.600
35352,-388.800
35353,-391.250
35354,-393.525
35355,-395.850
35356,-387.650
35357,-389.600
35358,-392.400
35359,-394.750
35360,-396.675
35361,-399.100
35362,-391.300
35363,-393.650
35364,-395.575
35365,-397.450
35366,-400.175
35367,-402.225
35368,-394.750
35369,-397.025
35370,-399.200
35371,-401.525
35372,-403.900
35373,-405.975
35374,-398.150
35375,-399.825
35376,-402.025
35377,-405.025
35378,-381.350
35379,-398.925
35380,-401.350
35381,-403.650
35382,-406.000
35383,-382.250
35384,-385.225
35385,-402.375
35386,-405.175
35387,-381.625
35388,-383.525
35389,-385.725
35390,-388.500
35391,-406.275
35392,-382.975
35393,-385.275
35394,-386.975
35395,-389.725
35396,-391.800
35397,-383.850
35398,-385.575
35399,-388.500
35400,-390.975
35401,-393.075
35402,-385.325
35403,-387.025
35404,-389.150
35405,-391.875
35406,-393.925
35407,-396.725
35408,-388.350
35409,-390.550
35410,-392.525
35411,-395.575
35412,-397.150
35413,-399.725
35414,-391.725
35415,-394.400
35416,-396.450
35417,-398.550
35418,-400.525
35419,-403.525
35420,-395.000
35421,-397.875
35422,-400.075
35423,-401.650
35424,-404.475
35425,-396.325
35426,-398.550
35427,-400.800
35428,-403.225
35429,-405.625
35430,-382.200
35431,-400.150
35432,-402.450
35433,-404.725
35434,-381.450
35435,-383.250
35436,-385.800
35437,-403.425
35438,-405.975
35439,-382.075
35440,-384.350
35441,-386.675
35442,-389.325
35443,-381.225
35444,-383.025
35445,-385.600
35446,-387.500
35447,-390.500
35448,-392.675
35449,-384.750
35450,-387.000
35451,-389.025
35452,-391.450
35453,-393.725
35454,-385.475
35455,-387.600
35456,-390.600
35457,-392.775
35458,-394.575
35459,-396.650
35460,-388.950
35461,-391.350
35462,-393.575
35463,-396.125
35464,-398.150
35465,-400.825
35466,-392.600
35467,-395.025
35468,-397.100
35469,-399.225
35470,-401.400
35471,-403.675
35472,-396.225
35473,-398.050
35474,-400.750
35475,-402.650
35476,-405.350
35477,-397.475
35478,-399.675
35479,-401.900
35480,-404.350
35481,-406.025
35482,-382.825
35483,-400.850
35484,-403.225
35485,-404.875
35486,-382.125
35487,-384.300
35488,-386.275
35489,-404.050
35490,-405.900
35491,-382.550
35492,-385.225
35493,-387.725
35494,-389.625
35495,-381.450
35496,-384.200
35497,-386.625
35498,-388.175
35499,-391.050
35500,-383.125
35501,-384.800
35502,-387.775
35503,-390.125
35504,-391.875
35505,-394.175
35506,-386.175
35507,-388.225
35508,-390.875
35509,-393.075
35510,-395.775
35511,-398.025
35512,-389.425
35513,-392.375
35514,-393.950
35515,-396.475
35516,-399.150
35517,-401.250
35518,-393.450
35519,-395.225
35520,-397.675
35521,-400.275
35522,-402.000
35523,-404.775
35524,-396.175
35525,-398.875
35526,-401.300
35527,-403.750
35528,-405.600
35529,-397.675
35530,-399.575
35531,-402.100
35532,-404.650
35533,-381.225
35534,-383.725
35535,-401.250
35536,-403.125
35537,-405.600
35538,-382.600
35539,-384.625
35540,-386.800
35541,-404.700
35542,-381.000
35543,-383.625
35544,-386.075
35545,-388.425
35546,-390.450
35547,-382.600
35548,-384.550
35549,-386.925
35550,-389.675
35551,-391.250
35552,-384.000
35553,-386.225
35554,-387.950
35555,-390.875
35556,-393.100
35557,-395.125
35558,-387.000
35559,-389.525
35560,-391.875
35561,-394.175
35562,-395.750
35563,-398.750
35564,-390.600
35565,-392.775
35566,-394.825
35567,-397.175
35568,-399.925
35569,-402.000
35570,-394.150
35571,-396.125
35572,-398.850
35573,-401.050
35574,-402.950
35575,-395.025
35576,-397.450
35577,-399.975
35578,-401.800
35579,-404.200
35580,-406.475
35581,-398.375
35582,-400.650
35583,-402.725
35584,-405.750
35585,-382.050
35586,-384.150
35587,-401.650
35588,-404.100
35589,-406.500
35590,-383.475
35591,-385.575
35592,-387.325
35593,-405.850
35594,-381.850
35595,-383.950
35596,-386.550
35597,-389.150
35598,-391.150
35599,-383.550
35600,-385.575
35601,-387.875
35602,-390.250
35603,-392.325
35604,-384.600
35605,-386.250
35606,-389.150
35607,-391.450
35608,-393.075
35609,-395.650
35610,-388.050
35611,-390.075
35612,-392.550
35613,-394.825
35614,-396.925
35615,-399.050
35616,-391.300
35617,-393.475
35618,-395.575
35619,-397.925
35620,-400.050
35621,-402.450
35622,-394.150
35623,-396.900
35624,-399.275
35625,-401.050
35626,-403.425
35627,-395.425
35628,-398.450
35629,-400.150
35630,-402.725
35631,-405.175
35632,-381.925
35633,-399.550
35634,-401.850
35635,-404.075
35636,-406.000
35637,-382.950
35638,-385.125
35639,-402.850
35640,-405.175
35641,-381.675
35642,-383.750
35643,-386.025
35644,-388.075
35645,-406.500
35646,-382.725
35647,-385.000
35648,-387.450
35649,-389.800
35650,-381.450
35651,-383.800
35652,-386.125
35653,-388.700
35654,-390.700
35655,-392.975
35656,-384.975
35657,-387.500
35658,-389.725
35659,-391.875
35660,-394.125
35661,-396.775
35662,-388.700
35663,-391.050
35664,-392.775
35665,-395.475
35666,-397.150
35667,-399.975
35668,-392.150
35669,-394.400
35670,-396.775
35671,-398.675
35672,-400.600
35673,-403.550
35674,-395.000
35675,-397.875
35676,-399.775
35677,-402.325
35678,-404.375
35679,-396.825
35680,-398.775
35681,-401.400
35682,-403.525
35683,-406.000
35684,-382.225
35685,-399.875
35686,-402.575
35687,-404.475
35688,-381.100
35689,-383.200
35690,-385.925
35691,-403.675
35692,-405.500
35693,-382.400
35694,-384.550
35695,-386.625
35696,-389.425
35697,-381.450
35698,-383.750
35699,-385.750
35700,-387.875
35701,-390.600
35702,-382.425
35703,-384.750
35704,-386.525
35705,-389.525
35706,-391.450
35707,-393.575
35708,-385.725
35709,-387.600
35710,-390.600
35711,-392.775
35712,-394.825
35713,-396.975
35714,-388.950
35715,-391.450
35716,-393.575
35717,-395.625
35718,-398.275
35719,-400.900
35720,-392.825
35721,-394.825
35722,-397.350
35723,-399.075
35724,-401.250
35725,-404.100
35726,-395.975
35727,-398.175
35728,-400.175
35729,-402.450
35730,-405.275
35731,-397.025
35732,-399.475
35733,-401.650
35734,-404.450
35735,-406.375
35736,-383.125
35737,-400.425
35738,-403.150
35739,-404.825
35740,-381.750
35741,-384.375
35742,-386.475
35743,-404.300
35744,-406.425
35745,-383.300
35746,-385.125
35747,-387.725
35748,-389.875
35749,-382.050
35750,-384.200
35751,-386.325
35752,-388.975
35753,-390.600
35754,-383.375
35755,-385.575
35756,-387.200
35757,-389.475
35758,-392.450
35759,-394.475
35760,-386.250
35761,-388.525
35762,-390.725
35763,-393.650
35764,-395.675
35765,-398.125
35766,-389.950
35767,-392.225
35768,-394.700
35769,-396.375
35770,-398.625
35771,-401.575
35772,-393.100
35773,-395.975
35774,-398.250
35775,-400.000
35776,-402.625
35777,-394.575
35778,-397.025
35779,-399.325
35780,-401.300
35781,-403.700
35782,-406.125
35783,-398.125
35784,-400.175
35785,-402.850
35786,-404.450
35787,-381.550
35788,-383.850
35789,-400.900
35790,-403.700
35791,-406.225
35792,-382.350
35793,-384.850
35794,-386.675
35795,-405.050
35796,-381.650
35797,-383.850
35798,-385.800
35799,-388.100
35800,-390.400
35801,-382.425
35802,-384.775
35803,-386.825
35804,-389.325
35805,-392.100
35806,-383.950
35807,-386.125
35808,-388.375
35809,-390.825
35810,-393.250
35811,-395.150
35812,-386.800
35813,-389.750
35814,-391.675
35815,-394.075
35816,-396.275
35817,-398.525
35818,-390.975
35819,-392.725
35820,-395.025
35821,-397.375
35822,-399.925
35823,-402.325
35824,-394.075
35825,-396.275
35826,-398.850
35827,-401.050
35828,-403.475
35829,-395.075
35830,-397.850
35831,-399.925
35832,-402.325
35833,-403.950
35834,-406.375
35835,-398.925
35836,-400.375
35837,-403.425
35838,-405.225
35839,-382.050
35840,-384.650
35841,-401.900
35842,-404.350
35843,-406.425
35844,-383.025
35845,-385.575
35846,-388.175
35847,-405.500
35848,-381.950
35849,-384.700
35850,-386.350
35851,-388.950
35852,-380.975
35853,-383.175
35854,-385.925
35855,-387.725
35856,-390.225
35857,-392.325
35858,-384.525
35859,-386.300
35860,-388.525
35861,-391.125
35862,-393.675
35863,-395.825
35864,-387.725
35865,-390.275
35866,-392.550
35867,-394.550
35868,-396.725
35869,-399.550
35870,-391.625
35871,-393.625
35872,-396.025
35873,-398.025
35874,-400.375
35875,-402.950
35876,-394.700
35877,-397.175
35878,-399.075
35879,-401.750
35880,-403.850
35881,-395.850
35882,-398.150
35883,-400.550
35884,-402.625
35885,-405.300
35886,-381.675
35887,-399.325
35888,-401.800
35889,-403.700
35890,-406.375
35891,-382.550
35892,-384.700
35893,-402.325
35894,-405.325
35895,-382.050
35896,-383.750
35897,-386.175
35898,-388.575
35899,-406.500
35900,-382.500
35901,-385.200
35902,-387.725
35903,-389.825
35904,-381.550
35905,-383.750
35906,-386.125
35907,-388.275
35908,-390.875
35909,-393.100
35910,-385.000
35911,-387.500
35912,-389.650
35913,-392.250
35914,-394.275
35915,-396.550
35916,-388.675
35917,-390.975
35918,-393.475
35919,-395.650
35920,-397.575
35921,-399.825
35922,-391.875
35923,-394.275
35924,-396.925
35925,-398.975
35926,-401.525
35927,-393.450
35928,-395.750
35929,-397.525
35930,-399.975
35931,-402.575
35932,-404.825
35933,-396.775
35934,-398.950
35935,-401.525
35936,-403.750
35937,-405.525
35938,-382.675
35939,-399.975
35940,-402.525
35941,-404.875
35942,-381.300
35943,-383.575
35944,-386.025
35945,-403.300
35946,-405.700
35947,-382.125
35948,-384.550
35949,-386.700
35950,-389.250
35951,-381.450
35952,-383.200
35953,-385.500
35954,-388.325
35955,-390.725
35956,-382.675
35957,-384.675
35958,-386.475
35959,-389.000
35960,-391.550
35961,-393.775
35962,-385.650
35963,-388.175
35964,-390.325
35965,-392.700
35966,-394.750
35967,-397.525
35968,-389.575
35969,-391.575
35970,-394.125
35971,-396.300
35972,-398.575
35973,-400.175
35974,-392.800
35975,-394.725
35976,-397.175
35977,-399.525
35978,-401.650
35979,-394.150
35980,-396.075
35981,-398.650
35982,-401.050
35983,-402.725
35984,-405.500
35985,-397.525
35986,-399.850
35987,-402.125
35988,-404.200
35989,-406.775
35990,-383.375
35991,-400.700
35992,-402.850
35993,-405.625
35994,-382.250
35995,-384.500
35996,-386.850
35997,-403.875
35998,-406.700
35999,-383.250
36000,-385.425
36001,-387.275
36002,-405.625
36003,-381.775
36004,-383.975
36005,-386.475
36006,-388.375
36007,-390.775
36008,-383.350
36009,-385.700
36010,-387.725
36011,-389.925
36012,-392.000
36013,-394.300
36014,-386.475
36015,-388.900
36016,-391.325
36017,-393.300
36018,-395.325
36019,-398.175
36020,-390.125
36021,-392.000
36022,-394.575
36023,-396.725
36024,-399.325
36025,-401.800
36026,-393.300
36027,-395.475
36028,-397.775
36029,-400.275
36030,-402.575
36031,-394.850
36032,-396.550
36033,-398.725
36034,-401.550
36035,-403.300
36036,-406.025
36037,-397.925
36038,-400.275
36039,-402.125
36040,-404.725
36041,-381.750
36042,-383.750
36043,-401.450
36044,-403.975
36045,-406.025
36046,-382.250
36047,-384.900
36048,-386.925
36049,-405.225
36050,-381.550
36051,-384.150
36052,-386.300
36053,-388.625
36054,-406.100
36055,-382.875
36056,-384.850
36057,-387.450
36058,-389.675
36059,-392.100
36060,-384.075
36061,-386.125
36062,-388.225
36063,-390.925
36064,-392.825
36065,-395.175
36066,-387.500
36067,-389.825
36068,-391.800
36069,-394.475
36070,-396.450
36071,-398.975
36072,-391.025
36073,-392.975
36074,-395.325
36075,-397.775
36076,-399.925
36077,-392.275
36078,-394.025
36079,-396.725
36080,-399.025
36081,-401.250
36082,-403.125
36083,-395.375
36084,-397.850
36085,-399.875
36086,-401.900
36087,-404.725
36088,-406.600
36089,-398.875
36090,-401.050
36091,-403.550
36092,-405.875
36093,-382.500
36094,-384.600
36095,-402.375
36096,-404.475
36097,-381.300
36098,-383.625
36099,-385.925
36100,-387.850
36101,-405.925
36102,-382.525
36103,-384.150
36104,-386.925
36105,-389.150
36106,-381.550
36107,-383.350
36108,-385.650
36109,-388.050
36110,-390.150
36111,-392.450
36112,-384.475
36113,-387.000
36114,-388.700
36115,-391.250
36116,-393.850
36117,-396.275
36118,-388.000
36119,-390.325
36120,-392.675
36121,-394.575
36122,-397.225
36123,-399.325
36124,-391.050
36125,-393.500
36126,-395.975
36127,-397.875
36128,-400.825
36129,-392.825
36130,-394.925
36131,-397.425
36132,-399.275
36133,-401.625
36134,-404.300
36135,-395.925
36136,-398.575
36137,-400.750
36138,-403.250
36139,-405.050
36140,-381.925
36141,-399.350
36142,-402.000
36143,-403.900
36144,-406.275
36145,-382.925
36146,-385.425
36147,-402.850
36148,-405.275
36149,-381.525
36150,-384.000
36151,-386.400
36152,-378.000
36153,-405.850
36154,-382.975
36155,-385.275
36156,-387.600
36157,-389.425
36158,-381.775
36159,-384.375
36160,-386.475
36161,-388.675
36162,-390.800
36163,-393.575
36164,-385.400
36165,-387.200
36166,-389.800
36167,-392.325
36168,-394.025
36169,-396.350
36170,-388.250
36171,-390.825
36172,-393.075
36173,-395.350
36174,-397.750
36175,-400.450
36176,-392.050
36177,-394.350
36178,-396.550
36179,-398.875
36180,-401.150
36181,-393.075
36182,-395.975
36183,-397.525
36184,-400.500
36185,-402.625
36186,-404.825
36187,-396.550
36188,-398.725
36189,-401.250
36190,-403.700
36191,-405.700
36192,-382.775
36193,-400.325
36194,-402.650
36195,-404.725
36196,-381.375
36197,-383.875
36198,-386.125
36199,-403.600
36200,-405.400
36201,-382.425
36202,-385.125
36203,-387.200
36204,-404.925
36205,-381.650
36206,-383.300
36207,-385.825
36208,-388.425
36209,-390.600
36210,-382.975
36211,-385.075
36212,-387.050
36213,-389.675
36214,-391.500
36215,-394.250
36216,-386.125
36217,-387.875
36218,-390.700
36219,-392.700
36220,-394.875
36221,-397.725
36222,-389.575
36223,-391.875
36224,-393.850
36225,-396.050
36226,-398.350
36227,-390.925
36228,-393.200
36229,-395.450
36230,-397.350
36231,-399.975
36232,-401.900
36233,-393.950
36234,-396.125
36235,-398.825
36236,-401.150
36237,-403.050
36238,-405.225
36239,-397.375
36240,-400.000
36241,-402.325
36242,-404.175
36243,-406.675
36244,-383.575
36245,-401.250
36246,-402.725
36247,-405.525
36248,-382.400
36249,-384.700
36250,-386.800
36251,-404.375
36252,-406.675
36253,-383.550
36254,-385.225
36255,-388.025
36256,-405.800
36257,-382.125
36258,-384.300
36259,-386.725
36260,-388.925
36261,-391.075
36262,-383.550
36263,-385.500
36264,-387.850
36265,-389.775
36266,-392.000
36267,-394.950
36268,-386.150
36269,-389.050
36270,-391.550
36271,-393.100
36272,-396.050
36273,-398.250
36274,-390.450
36275,-392.150
36276,-394.750
36277,-396.575
36278,-398.875
36279,-391.225
36280,-393.150
36281,-395.725
36282,-398.275
36283,-400.500
36284,-402.450
36285,-394.300
36286,-396.975
36287,-399.075
36288,-401.500
36289,-403.475
36290,-406.175
36291,-398.175
36292,-400.125
36293,-402.375
36294,-404.850
36295,-381.775
36296,-384.275
36297,-401.400
36298,-404.100
36299,-406.075
36300,-382.575
36301,-385.500
36302,-376.575
36303,-405.225
36304,-382.025
36305,-384.350
36306,-386.400
36307,-388.625
36308,-406.125
36309,-382.725
36310,-385.475
36311,-387.050
36312,-389.650
36313,-391.925
36314,-384.000
36315,-385.925
36316,-388.625
36317,-391.150
36318,-393.075
36319,-395.275
36320,-387.400
36321,-389.650
36322,-392.375
36323,-394.025
36324,-396.525
36325,-398.775
36326,-390.400
36327,-393.025
36328,-395.775
36329,-397.925
36330,-399.875
36331,-391.600
36332,-394.500
36333,-396.925
36334,-398.675
36335,-401.000
36336,-402.850
36337,-395.775
36338,-397.925
36339,-399.850
36340,-402.175
36341,-404.875
36342,-381.550
36343,-399.050
36344,-401.200
36345,-403.375
36346,-405.975
36347,-382.400
36348,-384.800
36349,-402.450
36350,-404.375
36351,-381.300
36352,-383.775
36353,-385.925
36354,-403.525
36355,-405.975
36356,-382.250
36357,-384.850
36358,-387.050
36359,-389.125
36360,-381.150
36361,-383.525
36362,-386.150
36363,-387.775
36364,-390.550
36365,-392.525
36366,-384.300
36367,-387.200
36368,-389.400
36369,-391.575
36370,-394.050
36371,-395.925
36372,-388.275
36373,-390.600
36374,-392.900
36375,-394.750
36376,-397.225
36377,-399.375
36378,-391.550
36379,-393.925
36380,-395.925
36381,-398.175
36382,-400.850
36383,-392.825
36384,-394.850
36385,-397.150
36386,-399.725
36387,-402.050
36388,-404.100
36389,-395.850
36390,-398.325
36391,-401.000
36392,-402.850
36393,-404.850
36394,-381.975
36395,-399.775
36396,-402.000
36397,-404.000
36398,-406.425
36399,-383.175
36400,-385.075
36401,-403.250
36402,-405.450
36403,-382.250
36404,-384.300
36405,-386.300
36406,-404.400
36407,-406.225
36408,-383.150
36409,-385.750
36410,-387.825
36411,-389.575
36412,-381.975
36413,-384.500
36414,-386.125
36415,-389.025
36416,-391.225
36417,-393.675
36418,-384.975
36419,-387.975
36420,-389.800
36421,-392.100
36422,-394.475
36423,-396.825
36424,-388.575
36425,-391.350
36426,-393.275
36427,-395.250
36428,-398.125
36429,-389.575
36430,-392.225
36431,-394.075
36432,-396.375
36433,-399.350
36434,-400.850
36435,-393.550
36436,-395.375
36437,-398.025
36438,-400.575
36439,-402.375
36440,-404.750
36441,-396.550
36442,-398.850
36443,-401.250
36444,-403.600
36445,-406.175
36446,-382.725
36447,-400.500
36448,-402.550
36449,-404.450
36450,-381.775
36451,-384.050
36452,-386.375
36453,-403.425
36454,-406.075
36455,-382.250
36456,-384.850
36457,-386.825
36458,-405.050
36459,-381.950
36460,-383.950
36461,-385.725
36462,-388.100
36463,-390.725
36464,-383.050
36465,-384.600
36466,-387.100
36467,-389.675
36468,-391.725
36469,-393.875
36470,-385.750
36471,-388.425
36472,-390.325
36473,-392.525
36474,-395.075
36475,-397.475
36476,-389.775
36477,-392.000
36478,-394.200
36479,-396.675
36480,-398.675
36481,-390.825
36482,-393.350
36483,-394.750
36484,-397.850
36485,-399.950
36486,-402.000
36487,-393.975
36488,-396.475
36489,-398.825
36490,-400.600
36491,-403.350
36492,-405.450
36493,-397.675
36494,-400.025
36495,-402.225
36496,-404.650
36497,-381.100
36498,-382.900
36499,-400.825
36500,-403.425
36501,-405.125
36502,-382.525
36503,-384.100
36504,-402.525
36505,-404.375
36506,-381.275
36507,-383.675
36508,-385.600
36509,-387.500
36510,-405.450
36511,-382.600
36512,-384.475
36513,-386.925
36514,-389.150
36515,-391.225
36516,-383.375
36517,-385.650
36518,-388.175
36519,-390.075
36520,-392.675
36521,-394.850
36522,-386.925
36523,-388.850
36524,-391.300
36525,-393.550
36526,-395.875
36527,-398.375
36528,-389.950
36529,-392.700
36530,-394.450
36531,-397.000
36532,-399.550
36533,-391.025
36534,-393.550
36535,-395.775
36536,-398.350
36537,-400.175
36538,-403.125
36539,-394.800
36540,-397.250
36541,-399.325
36542,-401.300
36543,-404.050
36544,-406.100
36545,-398.275
36546,-400.425
36547,-402.950
36548,-404.700
36549,-382.075
36550,-383.800
36551,-402.050
36552,-403.900
36553,-406.225
36554,-382.825
36555,-384.850
36556,-403.050
36557,-404.875
36558,-381.750
36559,-383.975
36560,-385.800
36561,-388.525
36562,-405.800
36563,-383.025
36564,-384.875
36565,-387.775
36566,-389.825
36567,-391.925
36568,-383.625
36569,-386.475
36570,-388.625
36571,-391.350
36572,-393.150
36573,-395.375
36574,-387.700
36575,-389.875
36576,-392.325
36577,-394.650
36578,-396.875
36579,-388.950
36580,-391.325
36581,-393.200
36582,-395.775
36583,-397.425
36584,-400.275
36585,-391.950
36586,-394.475
36587,-396.575
36588,-399.175
36589,-401.050
36590,-403.350
36591,-395.125
36592,-398.125
36593,-399.825
36594,-401.950
36595,-404.850
36596,-381.175
36597,-398.950
36598,-401.250
36599,-403.550
36600,-406.125
36601,-382.725
36602,-384.400
36603,-402.500
36604,-404.875
36605,-381.625
36606,-383.625
36607,-385.800
36608,-403.875
36609,-406.275
36610,-382.825
36611,-385.000
36612,-387.200
36613,-389.675
36614,-381.375
36615,-383.575
36616,-385.925
36617,-388.100
36618,-390.675
36619,-392.875
36620,-384.700
36621,-387.275
36622,-389.650
36623,-391.575
36624,-394.175
36625,-396.475
36626,-388.525
36627,-390.800
36628,-392.800
36629,-395.350
36630,-397.675
36631,-389.500
36632,-391.300
36633,-393.725
36634,-396.025
36635,-398.825
36636,-401.200
36637,-392.825
36638,-394.725
36639,-397.575
36640,-399.775
36641,-401.800
36642,-404.100
36643,-396.325
36644,-398.425
36645,-400.650
36646,-403.050
36647,-405.500
36648,-382.050
36649,-399.875
36650,-401.925
36651,-403.950
36652,-406.675
36653,-382.900
36654,-400.850
36655,-403.475
36656,-405.600
36657,-382.100
36658,-384.675
36659,-386.450
36660,-404.275
36661,-406.600
36662,-383.375
36663,-385.300
36664,-387.600
36665,-390.150
36666,-381.850
36667,-384.525
36668,-386.925
36669,-389.250
36670,-391.200
36671,-393.850
36672,-385.650
36673,-387.575
36674,-390.150
36675,-392.050
36676,-394.875
36677,-396.825
36678,-389.050
36679,-391.325
36680,-393.650
36681,-395.650
36682,-397.725
36683,-389.650
36684,-392.375
36685,-394.800
36686,-397.175
36687,-398.975
36688,-401.350
36689,-393.100
36690,-395.625
36691,-397.675
36692,-400.650
36693,-402.900
36694,-404.700
36695,-396.775
36696,-398.975
36697,-401.100
36698,-404.000
36699,-406.275
36700,-382.925
36701,-400.375
36702,-402.275
36703,-404.450
36704,-381.550
36705,-384.000
36706,-401.925
36707,-403.900
36708,-406.275
36709,-382.650
36710,-384.900
36711,-387.400
36712,-404.725
36713,-381.675
36714,-384.100
36715,-385.750
36716,-388.425
36717,-390.550
36718,-382.600
36719,-385.150
36720,-387.025
36721,-389.975
36722,-391.450
36723,-394.200
36724,-386.025
36725,-388.675
36726,-390.900
36727,-393.075
36728,-394.850
36729,-386.925
36730,-389.925
36731,-392.200
36732,-393.875
36733,-396.375
36734,-398.950
36735,-390.875
36736,-392.725
36737,-395.550
36738,-397.225
36739,-400.175
36740,-402.250
36741,-394.275
36742,-396.775
36743,-398.425
36744,-400.950
36745,-403.175
36746,-405.875
36747,-397.425
36748,-399.550
36749,-402.450
36750,-404.475
36751,-381.075
36752,-383.550
36753,-401.000
36754,-403.675
36755,-405.850
36756,-382.300
36757,-384.750
36758,-401.825
36759,-404.925
36760,-381.300
36761,-383.550
36762,-385.825
36763,-387.975
36764,-405.750
36765,-382.450
36766,-384.475
36767,-386.725
36768,-388.825
36769,-391.150
36770,-383.725
36771,-385.750
36772,-388.375
36773,-390.400
36774,-392.875
36775,-395.050
36776,-386.925
36777,-389.350
36778,-391.450
36779,-394.025
36780,-396.025
36781,-388.100
36782,-390.150
36783,-392.650
36784,-394.875
36785,-397.425
36786,-399.425
36787,-390.975
36788,-393.775
36789,-396.225
36790,-398.175
36791,-400.175
36792,-403.000
36793,-394.800
36794,-397.525
36795,-399.175
36796,-401.900
36797,-403.950
36798,-406.325
36799,-398.125
36800,-400.650
36801,-402.900
36802,-405.350
36803,-381.775
36804,-373.925
36805,-402.000
36806,-403.550
36807,-406.225
36808,-383.025
36809,-385.075
36810,-403.225
36811,-405.525
36812,-382.250
36813,-384.275
36814,-386.350
36815,-388.625
36816,-406.375
36817,-383.025
36818,-385.525
36819,-387.625
36820,-389.675
36821,-391.950
36822,-384.150
36823,-386.575
36824,-388.850
36825,-390.900
36826,-393.300
36827,-395.475
36828,-387.500
36829,-390.025
36830,-392.375
36831,-394.825
36832,-397.025
36833,-389.025
36834,-390.575
36835,-393.200
36836,-395.750
36837,-398.050
36838,-400.025
36839,-391.875
36840,-394.500
36841,-396.550
36842,-399.275
36843,-401.050
36844,-403.950
36845,-395.575
36846,-398.025
36847,-400.525
36848,-402.050
36849,-405.075
36850,-381.300
36851,-399.075
36852,-401.550
36853,-403.600
36854,-406.175
36855,-382.525
36856,-400.525
36857,-402.350
36858,-404.825
36859,-381.250
36860,-383.550
36861,-386.250
36862,-403.175
36863,-406.000
36864,-382.250
36865,-384.975
36866,-386.675
36867,-389.700
36868,-381.825
36869,-384.075
36870,-385.800
36871,-387.950
36872,-390.825
36873,-393.100
36874,-384.750
36875,-386.925
36876,-389.575
36877,-391.175
36878,-394.250
36879,-386.050
36880,-388.000
36881,-390.700
36882,-392.975
36883,-395.450
36884,-397.625
36885,-389.200
36886,-391.400
36887,-394.350
36888,-396.225
36889,-398.850
36890,-401.200
36891,-392.975
36892,-395.150
36893,-397.325
36894,-399.850
36895,-401.950
36896,-404.550
36897,-396.075
36898,-398.625
36899,-400.800
36900,-403.100
36901,-405.900
36902,-382.325
36903,-400.075
36904,-402.325
36905,-404.650
36906,-380.625
36907,-383.075
36908,-400.750
36909,-403.375
36910,-405.750
36911,-382.500
36912,-384.150
36913,-386.900
36914,-404.500
36915,-406.775
36916,-383.125
36917,-385.700
36918,-387.600
36919,-389.975
36920,-382.225
36921,-384.550
36922,-387.200
36923,-388.800
36924,-391.550
36925,-393.775
36926,-385.175
36927,-388.225
36928,-389.925
36929,-392.275
36930,-394.750
36931,-386.475
36932,-388.975
36933,-391.300
36934,-393.150
36935,-396.125
36936,-398.050
36937,-390.150
36938,-392.200
36939,-395.000
36940,-396.725
36941,-399.350
36942,-401.850
36943,-393.350
36944,-395.725
36945,-398.325
36946,-400.750
36947,-402.275
36948,-405.275
36949,-397.375
36950,-399.075
36951,-401.850
36952,-403.875
36953,-406.550
36954,-372.475
36955,-400.325
36956,-402.675
36957,-405.225
36958,-381.725
36959,-383.950
36960,-401.450
36961,-403.900
36962,-406.600
36963,-382.900
36964,-385.075
36965,-386.975
36966,-405.075
36967,-381.500
36968,-384.200
36969,-386.400
36970,-388.700
36971,-390.975
36972,-383.250
36973,-384.975
36974,-387.725
36975,-389.325
36976,-391.775
36977,-394.550
36978,-386.125
36979,-388.425
36980,-391.050
36981,-393.450
36982,-395.275
36983,-387.175
36984,-390.050
36985,-391.875
36986,-394.500
36987,-396.225
36988,-398.550
36989,-390.550
36990,-393.300
36991,-395.050
36992,-397.850
36993,-399.725
36994,-402.525
36995,-394.200
36996,-396.650
36997,-398.925
36998,-401.400
36999,-403.375
37000,-405.800
37001,-398.050
37002,-400.325
37003,-402.175
37004,-404.475
37005,-381.100
37006,-398.925
37007,-401.525
37008,-403.700
37009,-405.900
37010,-382.675
37011,-384.950
37012,-402.675
37013,-404.975
37014,-381.275
37015,-383.750
37016,-386.125
37017,-388.275
37018,-406.200
37019,-382.525
37020,-384.700
37021,-386.675
37022,-388.825
37023,-391.250
37024,-383.975
37025,-386.125
37026,-388.325
37027,-390.425
37028,-392.325
37029,-395.275
37030,-386.850
37031,-389.050
37032,-391.500
37033,-393.875
37034,-396.525
37035,-388.150
37036,-390.150
37037,-392.875
37038,-394.750
37039,-397.575
37040,-399.575
37041,-392.050
37042,-393.650
37043,-396.225
37044,-398.650
37045,-400.600
37046,-403.325
37047,-395.325
37048,-396.925
37049,-399.525
37050,-401.450
37051,-403.800
37052,-406.025
37053,-398.775
37054,-400.550
37055,-402.925
37056,-404.975
37057,-381.825
37058,-399.750
37059,-402.175
37060,-404.000
37061,-406.750
37062,-383.175
37063,-385.225
37064,-403.000
37065,-405.500
37066,-382.200
37067,-384.400
37068,-386.575
37069,-389.025
37070,-406.000
37071,-382.975
37072,-385.300
37073,-388.050
37074,-389.975
37075,-392.425
37076,-384.600
37077,-386.150
37078,-388.675
37079,-391.300
37080,-393.350
37081,-385.700
37082,-387.375
37083,-390.275
37084,-392.200
37085,-394.750
37086,-397.125
37087,-388.950
37088,-390.925
37089,-393.025
37090,-395.550
37091,-397.725
37092,-400.500
37093,-392.550
37094,-394.875
37095,-396.650
37096,-399.275
37097,-401.650
37098,-403.425
37099,-395.650
37100,-398.075
37101,-400.225
37102,-402.525
37103,-404.875
37104,-381.950
37105,-399.075
37106,-401.250
37107,-403.700
37108,-405.975
37109,-382.700
37110,-400.375
37111,-402.500
37112,-405.225
37113,-381.075
37114,-383.975
37115,-386.175
37116,-404.050
37117,-405.975
37118,-382.875
37119,-385.300
37120,-386.850
37121,-389.350
37122,-381.875
37123,-384.275
37124,-386.025
37125,-388.275
37126,-390.450
37127,-392.550
37128,-384.900
37129,-387.150
37130,-389.475
37131,-391.725
37132,-393.825
37133,-386.150
37134,-388.675
37135,-390.825
37136,-393.075
37137,-395.575
37138,-397.025
37139,-389.500
37140,-391.450
37141,-393.875
37142,-396.300
37143,-398.550
37144,-400.850
37145,-392.825
37146,-395.850
37147,-397.475
37148,-399.750
37149,-402.125
37150,-404.500
37151,-396.650
37152,-398.750
37153,-401.150
37154,-402.850
37155,-405.800
37156,-397.850
37157,-399.550
37158,-402.100
37159,-404.600
37160,-381.450
37161,-383.575
37162,-401.300
37163,-403.350
37164,-405.425
37165,-382.500
37166,-384.675
37167,-387.000
37168,-404.650
37169,-380.775
37170,-383.375
37171,-385.825
37172,-387.725
37173,-389.850
37174,-382.550
37175,-384.900
37176,-386.525
37177,-388.950
37178,-391.125
37179,-393.850
37180,-385.600
37181,-388.325
37182,-390.125
37183,-392.800
37184,-394.850
37185,-386.725
37186,-388.950
37187,-391.250
37188,-393.750
37189,-395.875
37190,-397.875
37191,-390.250
37192,-392.800
37193,-394.850
37194,-397.375
37195,-399.825
37196,-401.400
37197,-393.925
37198,-395.975
37199,-398.575
37200,-400.375
37201,-402.350
37202,-404.750
37203,-397.100
37204,-399.475
37205,-401.750
37206,-403.875
37207,-406.575
37208,-398.725
37209,-400.750
37210,-403.125
37211,-405.125
37212,-381.725
37213,-384.200
37214,-402.100
37215,-403.550
37216,-406.025
37217,-382.950
37218,-385.500
37219,-387.375
37220,-405.350
37221,-381.725
37222,-384.100
37223,-386.375
37224,-388.525
37225,-390.875
37226,-383.075
37227,-385.600
37228,-387.725
37229,-389.850
37230,-392.050
37231,-384.275
37232,-386.075
37233,-388.500
37234,-391.350
37235,-393.475
37236,-395.675
37237,-387.650
37238,-390.150
37239,-392.125
37240,-394.025
37241,-396.825
37242,-399.075
37243,-390.650
37244,-393.625
37245,-395.875
37246,-397.825
37247,-399.725
37248,-402.100
37249,-394.300
37250,-397.075
37251,-399.225
37252,-401.100
37253,-403.225
37254,-405.700
37255,-397.875
37256,-400.350
37257,-402.275
37258,-404.750
37259,-381.175
37260,-398.675
37261,-401.450
37262,-403.675
37263,-405.800
37264,-382.725
37265,-385.125
37266,-402.100
37267,-404.775
37268,-381.600
37269,-383.375
37270,-385.725
37271,-388.100
37272,-405.875
37273,-382.350
37274,-384.475
37275,-386.825
37276,-389.750
37277,-391.675
37278,-383.900
37279,-385.975
37280,-388.525
37281,-390.700
37282,-392.800
37283,-384.675
37284,-387.275
37285,-389.675
37286,-391.925
37287,-393.750
37288,-396.175
37289,-387.775
37290,-390.900
37291,-393.050
37292,-395.050
37293,-397.550
37294,-400.025
37295,-392.000
37296,-394.125
37297,-396.275
37298,-398.475
37299,-400.800
37300,-402.925
37301,-395.150
37302,-397.525
37303,-399.525
37304,-402.175
37305,-404.200
37306,-396.625
37307,-398.525
37308,-400.850
37309,-403.525
37310,-405.750
37311,-381.925
37312,-399.875
37313,-402.225
37314,-404.350
37315,-406.325
37316,-383.475
37317,-385.750
37318,-403.100
37319,-405.550
37320,-382.125
37321,-384.375
37322,-386.825
37323,-388.775
37324,-406.900
37325,-383.550
37326,-385.825
37327,-388.000
37328,-390.425
37329,-392.225
37330,-384.050
37331,-386.900
37332,-388.775
37333,-391.500
37334,-393.200
37335,-385.800
37336,-387.625
37337,-389.675
37338,-392.375
37339,-395.000
37340,-397.250
37341,-389.200
37342,-391.550
37343,-393.875
37344,-395.525
37345,-398.450
37346,-400.250
37347,-392.100
37348,-394.550
37349,-396.875
37350,-398.950
37351,-401.150
37352,-404.050
37353,-396.225
37354,-398.425
37355,-400.125
37356,-402.275
37357,-404.825
37358,-397.250
37359,-399.625
37360,-401.550
37361,-404.150
37362,-405.925
37363,-382.675
37364,-400.700
37365,-402.900
37366,-405.400
37367,-381.650
37368,-383.675
37369,-386.050
37370,-403.700
37371,-406.275
37372,-382.875
37373,-385.325
37374,-387.250
37375,-389.325
37376,-381.875
37377,-383.850
37378,-385.925
37379,-388.800
37380,-390.975
37381,-382.725
37382,-384.975
37383,-387.275
37384,-390.025
37385,-392.050
37386,-394.075
37387,-386.225
37388,-388.325
37389,-390.625
37390,-393.075
37391,-395.000
37392,-397.650
37393,-390.075
37394,-392.375
37395,-394.125
37396,-396.825
37397,-398.975
37398,-401.375
37399,-393.100
37400,-395.175
37401,-397.975
37402,-399.775
37403,-402.525
37404,-404.400
37405,-396.475
37406,-398.925
37407,-401.250
37408,-403.325
37409,-405.700
37410,-397.725
37411,-400.150
37412,-402.150
37413,-404.750
37414,-381.450
37415,-383.650
37416,-401.250
37417,-403.375
37418,-405.975
37419,-382.400
37420,-384.975
37421,-386.825
37422,-404.500
37423,-381.525
37424,-383.800
37425,-385.800
37426,-387.975
37427,-390.675
37428,-382.650
37429,-384.800
37430,-386.975
37431,-389.525
37432,-391.425
37433,-383.850
37434,-386.050
37435,-388.075
37436,-390.250
37437,-392.450
37438,-394.800
37439,-386.975
37440,-389.525
37441,-391.325
37442,-393.825
37443,-396.125
37444,-398.225
37445,-390.275
37446,-392.600
37447,-394.800
37448,-396.825
37449,-399.475
37450,-401.650
37451,-393.500
37452,-396.375
37453,-398.650
37454,-400.650
37455,-403.000
37456,-395.225
37457,-397.650
37458,-399.850
37459,-402.025
37460,-403.775
37461,-406.700
37462,-398.050
37463,-400.650
37464,-402.850
37465,-404.925
37466,-382.075
37467,-384.275
37468,-401.800
37469,-404.100
37470,-406.650
37471,-383.400
37472,-385.075
37473,-387.275
37474,-405.650
37475,-382.325
37476,-384.300
37477,-386.400
37478,-388.700
37479,-390.875
37480,-383.350
37481,-385.175
37482,-387.800
37483,-390.150
37484,-392.375
37485,-384.200
37486,-386.725
37487,-388.700
37488,-391.400
37489,-393.075
37490,-395.750
37491,-387.500
37492,-389.575
37493,-392.450
37494,-394.350
37495,-396.475
37496,-398.775
37497,-391.150
37498,-393.200
37499,-395.925
37500,-397.925
37501,-400.125
37502,-402.450
37503,-394.875
37504,-396.725
37505,-398.925
37506,-401.000
37507,-403.650
37508,-395.625
37509,-398.250
37510,-400.575
37511,-402.575
37512,-404.600
37513,-381.500
37514,-398.950
37515,-401.575
37516,-403.750
37517,-406.225
37518,-382.550
37519,-384.800
37520,-402.750
37521,-405.125
37522,-381.450
37523,-383.625
37524,-386.000
37525,-388.575
37526,-406.075
37527,-382.650
37528,-384.650
37529,-386.850
37530,-389.050
37531,-381.950
37532,-383.575
37533,-385.900
37534,-388.600
37535,-390.175
37536,-392.500
37537,-385.300
37538,-386.925
37539,-389.300
37540,-391.675
37541,-394.075
37542,-396.175
37543,-388.175
37544,-390.225
37545,-392.675
37546,-395.125
37547,-397.025
37548,-399.850
37549,-391.400
37550,-394.350
37551,-396.650
37552,-398.325
37553,-401.050
37554,-402.850
37555,-395.550
37556,-397.725
37557,-399.850
37558,-402.325
37559,-404.275
37560,-396.525
37561,-398.625
37562,-401.050
37563,-403.175
37564,-405.800
37565,-382.350
37566,-399.925
37567,-402.225
37568,-404.000
37569,-406.825
37570,-383.275
37571,-385.475
37572,-403.250
37573,-405.275
37574,-382.125
37575,-384.800
37576,-386.850
37577,-389.300
37578,-381.000
37579,-383.400
37580,-385.725
37581,-387.800
37582,-390.550
37583,-382.075
37584,-384.275
37585,-386.975
37586,-389.100
37587,-391.725
37588,-393.300
37589,-385.675
37590,-387.850
37591,-390.400
37592,-392.800
37593,-394.650
37594,-396.675
37595,-388.950
37596,-391.600
37597,-393.550
37598,-396.225
37599,-397.825
37600,-400.275
37601,-392.100
37602,-395.000
37603,-397.000
37604,-399.250
37605,-401.450
37606,-403.650
37607,-396.225
37608,-398.075
37609,-400.325
37610,-403.050
37611,-405.125
37612,-397.250
37613,-399.375
37614,-401.250
37615,-403.650
37616,-406.600
37617,-382.875
37618,-400.275
37619,-403.100
37620,-405.300
37621,-381.675
37622,-383.725
37623,-386.175
37624,-403.550
37625,-406.425
37626,-382.700
37627,-384.850
37628,-386.975
37629,-389.875
37630,-381.625
37631,-384.150
37632,-386.475
37633,-388.475
37634,-390.525
37635,-382.900
37636,-385.125
37637,-387.175
37638,-389.325
37639,-392.400
37640,-394.400
37641,-386.225
37642,-388.425
37643,-391.125
37644,-393.200
37645,-395.725
37646,-397.425
37647,-390.075
37648,-392.550
37649,-394.700
37650,-396.125
37651,-398.850
37652,-401.350
37653,-393.250
37654,-395.850
37655,-397.750
37656,-399.675
37657,-402.650
37658,-393.925
37659,-397.125
37660,-398.750
37661,-401.250
37662,-403.375
37663,-406.000
37664,-398.150
37665,-399.825
37666,-402.225
37667,-404.575
37668,-381.375
37669,-383.200
37670,-400.850
37671,-403.550
37672,-405.900
37673,-382.450
37674,-384.750
37675,-387.100
37676,-405.125
37677,-381.600
37678,-383.725
37679,-385.750
37680,-388.150
37681,-390.625
37682,-382.775
37683,-384.400
37684,-386.800
37685,-389.025
37686,-391.725
37687,-383.375
37688,-386.000
37689,-387.775
37690,-390.700
37691,-393.075
37692,-395.225
37693,-387.300
37694,-389.200
37695,-391.500
37696,-394.200
37697,-396.500
37698,-398.725
37699,-390.875
37700,-392.775
37701,-395.000
37702,-397.250
37703,-399.875
37704,-402.100
37705,-393.750
37706,-396.575
37707,-398.175
37708,-400.850
37709,-402.900
37710,-395.175
37711,-397.675
37712,-399.475
37713,-401.850
37714,-404.175
37715,-406.650
37716,-398.775
37717,-401.050
37718,-403.325
37719,-405.575
37720,-381.925
37721,-384.600
37722,-401.800
37723,-404.150
37724,-406.825
37725,-383.350
37726,-385.675
37727,-387.625
37728,-405.325
37729,-382.300
37730,-384.600
37731,-386.675
37732,-388.700
37733,-406.850
37734,-383.525
37735,-385.425
37736,-387.500
37737,-389.800
37738,-392.200
37739,-384.400
37740,-386.725
37741,-389.150
37742,-391.550
37743,-393.875
37744,-395.325
37745,-387.525
37746,-390.025
37747,-392.650
37748,-394.600
37749,-397.175
37750,-399.350
37751,-391.325
37752,-393.075
37753,-395.925
37754,-398.425
37755,-400.225
37756,-402.850
37757,-394.750
37758,-396.875
37759,-399.425
37760,-401.700
37761,-403.875
37762,-395.925
37763,-398.450
37764,-400.575
37765,-402.150
37766,-404.700
37767,-381.625
37768,-399.425
37769,-401.350
37770,-403.775
37771,-406.500
37772,-383.125
37773,-385.175
37774,-402.550
37775,-404.875
37776,-381.625
37777,-384.250
37778,-386.300
37779,-388.675
37780,-406.100
37781,-382.700
37782,-384.775
37783,-387.525
37784,-389.500
37785,-381.825
37786,-384.150
37787,-386.175
37788,-387.975
37789,-390.375
37790,-393.150
37791,-385.425
37792,-386.825
37793,-389.200
37794,-391.500
37795,-394.200
37796,-396.675
37797,-388.825
37798,-390.725
37799,-393.200
37800,-395.525
37801,-397.725
37802,-399.425
37803,-392.225
37804,-394.200
37805,-396.375
37806,-398.525
37807,-401.450
37808,-392.875
37809,-395.375
37810,-397.575
37811,-399.925
37812,-402.100
37813,-404.375
37814,-396.425
37815,-398.675
37816,-400.600
37817,-403.175
37818,-405.875
37819,-382.700
37820,-400.125
37821,-402.500
37822,-404.725
37823,-381.525
37824,-383.475
37825,-385.825
37826,-403.225
37827,-405.550
37828,-382.700
37829,-384.950
37830,-386.700
37831,-389.575
37832,-381.350
37833,-383.725
37834,-385.225
37835,-388.025
37836,-390.375
37837,-382.050
37838,-384.550
37839,-387.000
37840,-389.425
37841,-391.150
37842,-393.925
37843,-386.075
37844,-387.975
37845,-390.525
37846,-392.375
37847,-394.825
37848,-397.425
37849,-389.225
37850,-391.625
37851,-393.550
37852,-395.675
37853,-398.325
37854,-400.550
37855,-392.500
37856,-395.250
37857,-397.150
37858,-399.375
37859,-401.950
37860,-393.950
37861,-395.925
37862,-398.575
37863,-400.750
37864,-403.175
37865,-405.450
37866,-397.225
37867,-399.650
37868,-402.150
37869,-404.050
37870,-406.600
37871,-383.025
37872,-400.500
37873,-402.850
37874,-404.975
37875,-381.550
37876,-384.000
37877,-386.675
37878,-403.625
37879,-406.175
37880,-383.125
37881,-385.525
37882,-387.825
37883,-405.600
37884,-382.125
37885,-384.300
37886,-386.300
37887,-388.925
37888,-391.175
37889,-382.825
37890,-385.125
37891,-387.450
37892,-389.925
37893,-392.250
37894,-394.350
37895,-386.800
37896,-389.100
37897,-390.875
37898,-393.300
37899,-395.925
37900,-397.950
37901,-390.175
37902,-392.150
37903,-394.600
37904,-396.575
37905,-399.025
37906,-401.575
37907,-393.500
37908,-395.975
37909,-397.850
37910,-399.925
37911,-402.325
37912,-394.275
37913,-396.775
37914,-398.575
37915,-401.300
37916,-403.475
37917,-406.075
37918,-398.250
37919,-400.075
37920,-402.775
37921,-404.775
37922,-381.375
37923,-383.750
37924,-401.650
37925,-403.700
37926,-405.975
37927,-382.525
37928,-384.750
37929,-386.925
37930,-404.650
37931,-381.525
37932,-383.850
37933,-385.975
37934,-388.375
37935,-405.925
37936,-382.250
37937,-384.950
37938,-387.500
37939,-389.300
37940,-391.425
37941,-383.950
37942,-386.175
37943,-387.975
37944,-390.650
37945,-393.025
37946,-395.275
37947,-387.400
37948,-389.300
37949,-391.975
37950,-394.350
37951,-396.200
37952,-398.475
37953,-390.725
37954,-393.175
37955,-395.350
37956,-397.075
37957,-399.650
37958,-391.675
37959,-394.375
37960,-396.475
37961,-398.475
37962,-400.950
37963,-403.050
37964,-395.000
37965,-397.175
37966,-399.875
37967,-402.050
37968,-403.900
37969,-380.975
37970,-398.975
37971,-400.900
37972,-402.900
37973,-405.625
37974,-382.225
37975,-384.675
37976,-402.275
37977,-404.700
37978,-406.650
37979,-383.550
37980,-385.700
37981,-387.650
37982,-405.750
37983,-382.300
37984,-384.550
37985,-387.000
37986,-389.050
37987,-406.475
37988,-383.175
37989,-385.400
37990,-388.000
37991,-390.250
37992,-392.550
37993,-384.375
37994,-387.100
37995,-389.100
37996,-391.550
37997,-393.775
37998,-395.750
37999,-388.050
38000,-390.450
38001,-392.375
38002,-395.050
38003,-397.325
38004,-399.575
38005,-391.325
38006,-393.925
38007,-396.175
38008,-398.250
38009,-400.725
38010,-392.450
38011,-394.750
38012,-396.975
38013,-399.550
38014,-401.450
38015,-403.700
38016,-396.175
38017,-398.250
38018,-400.575
38019,-402.550
38020,-405.325
38021,-381.850
38022,-399.725
38023,-402.000
38024,-404.275
38025,-406.500
38026,-382.900
38027,-385.400
38028,-402.550
38029,-405.400
38030,-381.975
38031,-383.875
38032,-386.025
38033,-378.200
38034,-406.350
38035,-383.125
38036,-384.775
38037,-387.400
38038,-389.475
38039,-382.075
38040,-384.275
38041,-386.600
38042,-388.175
38043,-390.825
38044,-393.075
38045,-385.225
38046,-386.975
38047,-390.050
38048,-391.825
38049,-394.700
38050,-396.775
38051,-388.425
38052,-391.225
38053,-393.575
38054,-395.475
38055,-397.675
38056,-399.775
38057,-392.000
38058,-394.400
38059,-396.175
38060,-398.475
38061,-401.225
38062,-393.150
38063,-395.775
38064,-398.025
38065,-400.025
38066,-402.550
38067,-404.600
38068,-396.675
38069,-399.250
38070,-401.250
38071,-403.800
38072,-405.400
38073,-382.800
38074,-399.675
38075,-402.525
38076,-404.775
38077,-381.625
38078,-383.750
38079,-385.925
38080,-403.100
38081,-405.650
38082,-382.550
38083,-384.875
38084,-387.200
38085,-404.875
38086,-381.550
38087,-383.950
38088,-385.475
38089,-388.075
38090,-390.325
38091,-382.650
38092,-384.850
38093,-386.975
38094,-388.925
38095,-391.800
38096,-394.200
38097,-385.750
38098,-388.500
38099,-390.700
38100,-393.025
38101,-395.000
38102,-397.325
38103,-389.050
38104,-391.575
38105,-393.750
38106,-396.225
38107,-398.475
38108,-390.500
38109,-392.825
38110,-394.850
38111,-397.575
38112,-399.575
38113,-401.750
38114,-393.925
38115,-396.575
38116,-398.450
38117,-401.000
38118,-402.575
38119,-405.525
38120,-396.975
38121,-399.875
38122,-401.450
38123,-404.400
38124,-406.675
38125,-383.475
38126,-400.950
38127,-403.175
38128,-405.125
38129,-382.075
38130,-384.100
38131,-386.400
38132,-404.575
38133,-406.550
38134,-383.475
38135,-385.375
38136,-387.250
38137,-405.700
38138,-382.300
38139,-384.300
38140,-386.300
38141,-388.700
38142,-391.225
38143,-383.350
38144,-385.800
38145,-387.625
38146,-389.525
38147,-392.050
38148,-394.375
38149,-386.400
38150,-388.800
38151,-391.075
38152,-393.025
38153,-395.475
38154,-398.375
38155,-390.275
38156,-392.600
38157,-394.700
38158,-396.725
38159,-398.750
38160,-391.450
38161,-393.375
38162,-395.900
38163,-397.625
38164,-400.175
38165,-402.550
38166,-394.650
38167,-396.975
38168,-399.100
38169,-401.650
38170,-404.000
38171,-406.125
38172,-398.375
38173,-400.350
38174,-402.900
38175,-405.225
38176,-381.625
38177,-383.775
38178,-401.150
38179,-403.750
38180,-406.325
38181,-382.975
38182,-384.600
38183,-377.350
38184,-405.225
38185,-381.825
38186,-384.075
38187,-386.300
38188,-388.325
38189,-406.275
38190,-382.550
38191,-384.550
38192,-387.400
38193,-389.250
38194,-392.225
38195,-384.200
38196,-386.050
38197,-388.175
38198,-390.400
38199,-393.075
38200,-395.550
38201,-387.200
38202,-389.525
38203,-392.150
38204,-394.150
38205,-396.225
38206,-398.725
38207,-390.550
38208,-393.275
38209,-395.225
38210,-397.875
38211,-399.625
38212,-391.625
38213,-393.775
38214,-396.425
38215,-399.025
38216,-401.300
38217,-403.150
38218,-395.350
38219,-397.775
38220,-400.150
38221,-402.450
38222,-404.400
38223,-381.075
38224,-398.850
38225,-401.450
38226,-403.425
38227,-405.700
38228,-382.200
38229,-384.375
38230,-402.450
38231,-404.775
38232,-381.250
38233,-383.525
38234,-385.525
38235,-403.675
38236,-406.000
38237,-382.225
38238,-384.475
38239,-386.925
38240,-389.025
38241,-381.375
38242,-383.475
38243,-385.975
38244,-388.225
38245,-389.950
38246,-392.975
38247,-384.900
38248,-386.925
38249,-389.000
38250,-391.675
38251,-393.825
38252,-396.225
38253,-388.225
38254,-390.425
38255,-392.200
38256,-394.850
38257,-397.425
38258,-399.425
38259,-391.875
38260,-394.125
38261,-396.125
38262,-397.975
38263,-400.425
38264,-392.525
38265,-394.750
38266,-397.225
38267,-399.425
38268,-401.750
38269,-403.700
38270,-396.375
38271,-398.275
38272,-400.700
38273,-403.175
38274,-404.850
38275,-381.875
38276,-399.275
38277,-401.950
38278,-403.800
38279,-405.850
38280,-382.925
38281,-385.525
38282,-402.950
38283,-405.175
38284,-381.875
38285,-384.050
38286,-386.675
38287,-404.500
38288,-406.850
38289,-383.075
38290,-385.300
38291,-387.375
38292,-389.875
38293,-382.025
38294,-384.425
38295,-386.300
38296,-388.400
38297,-390.575
38298,-393.150
38299,-385.425
38300,-387.450
38301,-389.575
38302,-392.400
38303,-394.125
38304,-396.300
38305,-388.625
38306,-390.900
38307,-393.025
38308,-395.925
38309,-397.775
38310,-389.925
38311,-392.050
38312,-394.700
38313,-396.500
38314,-399.350
38315,-401.300
38316,-392.925
38317,-395.525
38318,-397.550
38319,-399.825
38320,-402.275
38321,-405.075
38322,-396.975
38323,-399.050
38324,-400.900
38325,-403.975
38326,-405.775
38327,-382.725
38328,-400.175
38329,-402.275
38330,-404.975
38331,-381.500
38332,-383.875
38333,-385.700
38334,-403.800
38335,-405.875
38336,-382.350
38337,-384.550
38338,-386.675
38339,-405.025
38340,-381.375
38341,-383.800
38342,-385.500
38343,-388.225
38344,-390.725
38345,-382.450
38346,-385.075
38347,-387.375
38348,-389.650
38349,-391.950
38350,-394.125
38351,-385.650
38352,-388.475
38353,-390.450
38354,-392.775
38355,-394.825
38356,-397.375
38357,-389.575
38358,-391.300
38359,-393.775
38360,-395.925
38361,-398.625
38362,-390.875
38363,-393.175
38364,-395.275
38365,-397.450
38366,-399.275
38367,-402.175
38368,-393.950
38369,-396.175
38370,-398.175
38371,-401.100
38372,-403.300
38373,-405.600
38374,-397.425
38375,-399.575
38376,-401.850
38377,-404.550
38378,-406.650
38379,-382.950
38380,-400.850
38381,-403.000
38382,-405.700
38383,-381.775
38384,-384.350
38385,-401.900
38386,-404.300
38387,-406.450
38388,-383.075
38389,-385.400
38390,-387.725
38391,-405.525
38392,-382.200
38393,-384.350
38394,-386.550
38395,-389.000
38396,-391.500
38397,-383.075
38398,-385.325
38399,-387.375
38400,-390.425
38401,-392.650
38402,-395.000
38403,-386.400
38404,-389.000
38405,-391.400
38406,-393.850
38407,-396.050
38408,-398.075
38409,-389.675
38410,-392.650
38411,-394.600
38412,-396.775
38413,-399.150
38414,-391.500
38415,-393.925
38416,-396.225
38417,-398.150
38418,-400.075
38419,-402.375
38420,-394.850
38421,-397.150
38422,-399.325
38423,-401.200
38424,-404.150
38425,-406.075
38426,-398.450
38427,-400.325
38428,-402.950
38429,-405.175
38430,-381.500
38431,-383.975
38432,-401.200
38433,-403.800
38434,-406.275
38435,-382.700
38436,-384.700
38437,-403.125
38438,-404.950
38439,-382.050
38440,-384.200
38441,-386.525
38442,-388.075
38443,-406.100
38444,-383.175
38445,-384.975
38446,-387.300
38447,-390.025
38448,-391.975
38449,-384.150
38450,-386.150
38451,-388.575
38452,-390.525
38453,-393.050
38454,-395.450
38455,-387.100
38456,-389.575
38457,-392.150
38458,-393.875
38459,-396.775
38460,-388.600
38461,-391.200
38462,-393.375
38463,-395.350
38464,-397.775
38465,-400.325
38466,-392.050
38467,-394.600
38468,-396.675
38469,-398.450
38470,-401.050
38471,-403.550
38472,-395.450
38473,-397.625
38474,-399.825
38475,-402.450
38476,-404.300
38477,-381.550
38478,-398.575
38479,-401.250
38480,-403.750
38481,-405.600
38482,-382.650
38483,-384.750
38484,-402.225
38485,-404.925
38486,-381.625
38487,-383.525
38488,-385.750
38489,-403.475
38490,-406.075
38491,-382.600
38492,-384.950
38493,-386.475
38494,-389.325
38495,-381.000
38496,-383.800
38497,-385.725
38498,-388.275
38499,-390.700
38500,-392.375
38501,-384.550
38502,-386.700
38503,-388.825
38504,-391.625
38505,-394.050
38506,-396.300
38507,-387.825
38508,-390.700
38509,-392.775
38510,-394.925
38511,-396.925
38512,-388.950
38513,-391.550
38514,-394.075
38515,-396.275
38516,-398.175
38517,-400.650
38518,-392.825
38519,-394.600
38520,-397.225
38521,-399.475
38522,-402.150
38523,-403.775
38524,-396.050
38525,-398.075
38526,-400.650
38527,-402.900
38528,-405.500
38529,-382.350
38530,-399.375
38531,-402.050
38532,-403.850
38533,-406.325
38534,-383.025
38535,-400.900
38536,-402.825
38537,-405.075
38538,-382.175
38539,-384.350
38540,-386.475
38541,-404.350
38542,-406.225
38543,-383.475
38544,-385.500
38545,-387.825
38546,-389.475
38547,-381.925
38548,-384.050
38549,-386.025
38550,-389.100
38551,-391.425
38552,-393.025
38553,-385.500
38554,-387.875
38555,-390.275
38556,-391.875
38557,-394.450
38558,-396.925
38559,-389.100
38560,-390.650
38561,-393.100
38562,-396.025
38563,-398.350
38564,-390.175
38565,-392.100
38566,-394.550
38567,-396.675
38568,-398.775
38569,-401.150
38570,-393.150
38571,-395.375
38572,-397.875
38573,-400.550
38574,-402.725
38575,-404.725
38576,-397.150
38577,-399.475
38578,-401.700
38579,-403.550
38580,-406.200
38581,-382.700
38582,-400.350
38583,-402.625
38584,-404.850
38585,-381.875
38586,-383.725
38587,-401.700
38588,-403.375
38589,-406.025
38590,-382.450
38591,-384.800
38592,-387.375
38593,-405.075
38594,-381.300
38595,-384.075
38596,-386.125
38597,-387.725
38598,-390.900
38599,-383.025
38600,-384.700
38601,-387.275
38602,-389.725
38603,-391.425
38604,-393.950
38605,-386.325
38606,-388.575
38607,-390.825
38608,-393.200
38609,-395.125
38610,-387.500
38611,-389.150
38612,-391.700
38613,-393.975
38614,-396.725
38615,-398.850
38616,-390.625
38617,-393.025
38618,-395.650
38619,-397.350
38620,-399.425
38621,-402.275
38622,-394.025
38623,-396.125
38624,-398.950
38625,-400.600
38626,-403.250
38627,-405.650
38628,-397.975
38629,-400.175
38630,-402.325
38631,-404.450
38632,-406.375
38633,-383.175
38634,-401.250
38635,-403.000
38636,-405.700
38637,-382.350
38638,-384.300
38639,-401.850
38640,-404.775
38641,-381.450
38642,-383.675
38643,-385.650
38644,-387.800
38645,-405.400
38646,-382.300
38647,-384.850
38648,-386.975
38649,-389.350
38650,-391.700
38651,-383.300
38652,-385.850
38653,-387.875
38654,-390.075
38655,-392.525
38656,-394.750
38657,-387.000
38658,-389.000
38659,-391.225
38660,-393.500
38661,-395.725
38662,-387.575
38663,-390.425
38664,-392.675
38665,-395.000
38666,-397.075
38667,-399.275
38668,-391.300
38669,-393.775
38670,-395.475
38671,-398.350
38672,-400.325
38673,-402.850
38674,-394.875
38675,-397.125
38676,-399.750
38677,-401.750
38678,-404.175
38679,-406.125
38680,-398.525
38681,-400.450
38682,-402.725
38683,-404.825
38684,-382.125
38685,-373.825
38686,-401.700
38687,-403.750
38688,-406.175
38689,-383.275
38690,-385.075
38691,-402.950
38692,-405.275
38693,-381.375
38694,-383.975
38695,-386.250
38696,-388.575
38697,-406.425
38698,-382.900
38699,-385.475
38700,-387.600
38701,-389.725
38702,-391.700
38703,-383.850
38704,-386.675
38705,-388.675
38706,-390.825
38707,-393.525
38708,-395.750
38709,-387.325
38710,-389.350
38711,-391.825
38712,-394.600
38713,-396.550
38714,-388.850
38715,-390.925
38716,-392.825
38717,-395.325
38718,-397.675
38719,-400.175
38720,-392.200
38721,-394.475
38722,-396.825
38723,-399.225
38724,-401.500
38725,-403.250
38726,-395.550
38727,-397.975
38728,-400.250
38729,-401.925
38730,-404.950
38731,-381.625
38732,-398.775
38733,-401.250
38734,-403.025
38735,-406.075
38736,-382.225
38737,-400.050
38738,-402.100
38739,-404.850
38740,-381.675
38741,-383.725
38742,-385.475
38743,-403.475
38744,-405.975
38745,-382.600
38746,-384.425
38747,-387.250
38748,-389.725
38749,-381.225
38750,-383.950
38751,-385.750
38752,-388.425
38753,-390.375
38754,-392.400
38755,-384.650
38756,-386.975
38757,-389.500
38758,-392.000
38759,-394.125
38760,-386.175
38761,-388.100
38762,-390.400
38763,-392.700
38764,-395.375
38765,-397.425
38766,-389.150
38767,-391.950
38768,-393.675
38769,-396.350
38770,-398.375
38771,-401.125
38772,-392.775
38773,-395.250
38774,-397.425
38775,-399.850
38776,-401.750
38777,-404.475
38778,-396.225
38779,-398.825
38780,-401.100
38781,-402.850
38782,-405.275
38783,-382.225
38784,-399.875
38785,-402.175
38786,-404.300
38787,-406.700
38788,-382.875
38789,-400.600
38790,-403.150
38791,-405.400
38792,-382.025
38793,-384.525
38794,-386.525
38795,-404.350
38796,-406.650
38797,-383.475
38798,-385.600
38799,-388.100
38800,-389.600
38801,-382.125
38802,-384.675
38803,-386.825
38804,-389.100
38805,-390.975
38806,-393.850
38807,-385.700
38808,-387.200
38809,-390.075
38810,-392.700
38811,-395.075
38812,-386.475
38813,-388.700
38814,-391.400
38815,-393.775
38816,-395.925
38817,-397.725
38818,-390.425
38819,-392.325
38820,-394.200
38821,-397.075
38822,-399.325
38823,-401.225
38824,-393.250
38825,-395.975
38826,-398.050
38827,-400.125
38828,-402.775
38829,-404.725
38830,-397.025
38831,-399.125
38832,-401.750
38833,-404.150
38834,-405.550
38835,-372.450
38836,-400.050
38837,-402.325
38838,-405.225
38839,-381.750
38840,-384.075
38841,-401.800
38842,-404.200
38843,-406.225
38844,-382.650
38845,-385.300
38846,-387.725
38847,-404.875
38848,-381.975
38849,-383.575
38850,-386.175
38851,-388.275
38852,-390.925
38853,-382.500
38854,-384.975
38855,-387.300
38856,-389.725
38857,-392.225
38858,-394.400
38859,-385.825
38860,-388.400
38861,-390.875
38862,-392.725
38863,-395.075
38864,-386.850
38865,-389.425
38866,-392.150
38867,-393.775
38868,-396.550
38869,-398.625
38870,-390.925
38871,-393.100
38872,-395.625
38873,-397.775
38874,-400.225
38875,-402.325
38876,-394.175
38877,-396.525
38878,-399.025
38879,-400.650
38880,-403.475
38881,-405.875
38882,-397.550
38883,-399.875
38884,-401.800
38885,-404.600
38886,-381.175
38887,-399.025
38888,-400.900
38889,-403.225
38890,-406.025
38891,-382.525
38892,-384.650
38893,-402.100
38894,-404.725
38895,-381.500
38896,-383.850
38897,-385.500
38898,-388.400
38899,-405.800
38900,-382.450
38901,-384.975
38902,-387.100
38903,-388.750
38904,-391.500
38905,-383.750
38906,-385.650
38907,-388.325
38908,-390.300
38909,-392.200
38910,-394.700
38911,-386.800
38912,-389.025
38913,-391.075
38914,-393.775
38915,-396.025
38916,-388.275
38917,-390.325
38918,-392.250
38919,-394.850
38920,-397.425
38921,-399.525
38922,-391.550
38923,-393.775
38924,-396.000
38925,-398.250
38926,-400.750
38927,-402.900
38928,-394.750
38929,-397.425
38930,-399.250
38931,-401.650
38932,-403.625
38933,-406.275
38934,-398.425
38935,-400.575
38936,-403.125
38937,-405.125
38938,-381.525
38939,-399.750
38940,-401.625
38941,-404.300
38942,-406.650
38943,-383.175
38944,-385.225
38945,-402.500
38946,-405.225
38947,-381.500
38948,-384.250
38949,-386.700
38950,-389.025
38951,-406.375
38952,-383.025
38953,-385.425
38954,-387.850
38955,-390.075
38956,-392.275
38957,-383.975
38958,-386.525
38959,-389.050
38960,-390.775
38961,-393.250
38962,-385.300
38963,-387.875
38964,-389.725
38965,-391.925
38966,-394.400
38967,-396.675
38968,-389.025
38969,-391.025
38970,-393.275
38971,-395.850
38972,-397.950
38973,-400.175
38974,-392.600
38975,-394.475
38976,-396.350
38977,-398.875
38978,-401.250
38979,-403.850
38980,-395.450
38981,-398.075
38982,-400.050
38983,-402.750
38984,-404.925
38985,-381.725
38986,-399.275
38987,-401.300
38988,-403.650
38989,-405.925
38990,-382.925
38991,-400.175
38992,-402.575
38993,-405.075
38994,-381.400
38995,-383.800
38996,-386.075
38997,-403.675
38998,-405.925
38999,-382.300
39000,-384.600
39001,-387.275
39002,-389.750
39003,-381.250
39004,-383.725
39005,-385.975
39006,-388.275
39007,-390.625
39008,-393.250
39009,-385.200
39010,-386.975
39011,-389.425
39012,-392.050
39013,-394.200
39014,-386.325
39015,-388.500
39016,-390.825
39017,-392.900
39018,-395.325
39019,-396.925
39020,-389.225
39021,-391.500
39022,-394.275
39023,-396.650
39024,-398.475
39025,-400.900
39026,-392.875
39027,-394.800
39028,-397.325
39029,-399.725
39030,-402.175
39031,-404.725
39032,-396.575
39033,-398.650
39034,-400.900
39035,-403.025
39036,-405.525
39037,-397.625
39038,-399.775
39039,-402.100
39040,-404.575
39041,-406.600
39042,-383.525
39043,-400.850
39044,-403.600
39045,-405.900
39046,-382.350
39047,-384.550
39048,-386.925
39049,-404.375
39050,-380.975
39051,-383.250
39052,-385.825
39053,-387.800
39054,-390.500
39055,-382.175
39056,-384.750
39057,-386.925
39058,-388.900
39059,-391.700
39060,-393.550
39061,-385.750
39062,-388.025
39063,-390.375
39064,-392.150
39065,-394.800
39066,-386.775
39067,-388.850
39068,-391.625
39069,-393.850
39070,-395.925
39071,-398.550
39072,-390.075
39073,-392.600
39074,-395.025
39075,-396.875
39076,-399.175
39077,-401.450
39078,-393.875
39079,-396.350
39080,-398.250
39081,-400.150
39082,-402.750
39083,-405.325
39084,-397.350
39085,-399.725
39086,-401.525
39087,-403.800
39088,-406.075
39089,-398.075
39090,-400.375
39091,-403.100
39092,-405.100
39093,-382.075
39094,-384.175
39095,-401.850
39096,-403.750
39097,-406.125
39098,-382.800
39099,-385.075
39100,-387.725
39101,-405.400
39102,-381.725
39103,-383.975
39104,-386.125
39105,-388.150
39106,-390.600
39107,-383.125
39108,-385.125
39109,-387.200
39110,-389.950
39111,-392.250
39112,-384.350
39113,-386.175
39114,-388.425
39115,-391.050
39116,-393.400
39117,-395.775
39118,-387.575
39119,-390.025
39120,-392.400
39121,-394.300
39122,-396.375
39123,-398.675
39124,-390.600
39125,-393.450
39126,-395.375
39127,-397.975
39128,-400.325
39129,-402.575
39130,-394.175
39131,-396.925
39132,-398.975
39133,-401.525
39134,-403.125
39135,-405.600
39136,-398.150
39137,-400.275
39138,-402.450
39139,-404.725
39140,-381.625
39141,-399.175
39142,-401.500
39143,-403.425
39144,-406.175
39145,-382.550
39146,-384.650
39147,-402.275
39148,-404.750
39149,-381.600
39150,-383.250
39151,-385.750
39152,-387.600
39153,-405.925
39154,-382.600
39155,-384.550
39156,-387.275
39157,-389.300
39158,-391.175
39159,-384.000
39160,-385.725
39161,-387.725
39162,-390.800
39163,-392.675
39164,-385.075
39165,-386.925
39166,-389.200
39167,-391.625
39168,-393.775
39169,-396.450
39170,-388.150
39171,-390.175
39172,-393.025
39173,-395.225
39174,-397.175
39175,-399.925
39176,-391.625
39177,-393.825
39178,-396.475
39179,-398.525
39180,-401.050
39181,-402.850
39182,-394.850
39183,-397.675
39184,-399.175
39185,-401.750
39186,-404.200
39187,-396.475
39188,-398.650
39189,-400.375
39190,-403.100
39191,-405.625
39192,-382.075
39193,-399.750
39194,-401.950
39195,-404.400
39196,-406.425
39197,-383.050
39198,-385.500
39199,-403.350
39200,-405.500
39201,-382.075
39202,-384.500
39203,-386.525
39204,-389.100
39205,-406.675
39206,-383.250
39207,-385.750
39208,-388.050
39209,-390.175
39210,-392.275
39211,-384.300
39212,-386.325
39213,-388.850
39214,-390.975
39215,-393.500
39216,-385.800
39217,-388.075
39218,-389.975
39219,-392.525
39220,-394.875
39221,-397.225
39222,-389.200
39223,-391.350
39224,-393.575
39225,-395.775
39226,-398.025
39227,-400.175
39228,-392.100
39229,-394.500
39230,-396.725
39231,-399.425
39232,-401.800
39233,-403.650
39234,-396.125
39235,-398.325
39236,-400.075
39237,-402.575
39238,-405.025
39239,-396.925
39240,-399.275
39241,-401.800
39242,-404.050
39243,-405.975
39244,-382.800
39245,-400.600
39246,-402.525
39247,-404.875
39248,-381.875
39249,-384.050
39250,-386.400
39251,-404.100
39252,-406.475
39253,-383.125
39254,-385.275
39255,-387.500
39256,-389.500
39257,-381.825
39258,-383.850
39259,-386.250
39260,-388.475
39261,-390.900
39262,-382.925
39263,-384.900
39264,-387.575
39265,-389.925
39266,-391.575
39267,-394.075
39268,-386.450
39269,-388.600
39270,-390.675
39271,-393.025
39272,-394.925
39273,-397.775
39274,-389.725
39275,-391.575
39276,-394.250
39277,-396.825
39278,-398.725
39279,-400.950
39280,-393.450
39281,-395.025
39282,-397.650
39283,-400.225
39284,-402.175
39285,-404.400
39286,-396.650
39287,-398.725
39288,-401.200
39289,-402.950
39290,-405.975
39291,-397.275
39292,-400.250
39293,-402.375
39294,-404.500
39295,-381.450
39296,-383.250
39297,-401.250
39298,-403.175
39299,-405.975
39300,-382.350
39301,-384.800
39302,-386.700
39303,-404.825
39304,-381.300
39305,-383.675
39306,-385.850
39307,-387.725
39308,-390.425
39309,-382.300
39310,-384.600
39311,-386.975
39312,-389.425
39313,-391.700
39314,-383.725
39315,-385.425
39316,-388.325
39317,-390.325
39318,-392.775
39319,-394.600
39320,-387.150
39321,-389.475
39322,-391.875
39323,-393.650
39324,-396.275
39325,-398.425
39326,-390.800
39327,-392.825
39328,-395.075
39329,-397.550
39330,-399.175
39331,-401.625
39332,-393.875
39333,-396.075
39334,-398.250
39335,-400.925
39336,-402.625
39337,-395.125
39338,-397.175
39339,-399.575
39340,-401.650
39341,-404.275
39342,-406.350
39343,-398.575
39344,-400.350
39345,-403.050
39346,-405.100
39347,-381.600
39348,-384.350
39349,-401.750
39350,-404.250
39351,-406.125
39352,-383.050
39353,-385.150
39354,-387.250
39355,-405.200
39356,-381.825
39357,-383.800
39358,-386.700
39359,-388.825
39360,-391.225
39361,-382.650
39362,-385.150
39363,-387.300
39364,-390.275
39365,-392.100
39366,-384.075
39367,-386.475
39368,-388.675
39369,-391.175
39370,-393.350
39371,-395.450
39372,-387.150
39373,-389.475
39374,-392.500
39375,-394.350
39376,-396.675
39377,-399.250
39378,-391.075
39379,-393.400
39380,-395.350
39381,-398.225
39382,-400.225
39383,-402.150
39384,-394.550
39385,-396.425
39386,-399.275
39387,-401.400
39388,-403.225
39389,-395.575
39390,-397.775
39391,-400.075
39392,-402.350
39393,-404.375
39394,-381.400
39395,-399.150
39396,-401.550
39397,-404.000
39398,-405.625
39399,-382.875
39400,-384.675
39401,-402.375
39402,-404.850
39403,-381.400
39404,-383.775
39405,-386.225
39406,-388.525
39407,-406.125
39408,-382.900
39409,-385.075
39410,-387.000
39411,-389.325
39412,-381.175
39413,-383.900
39414,-386.325
39415,-388.625
39416,-390.900
39417,-392.875
39418,-384.800
39419,-386.675
39420,-389.100
39421,-391.700
39422,-394.175
39423,-396.225
39424,-387.875
39425,-390.875
39426,-393.275
39427,-395.350
39428,-397.350
39429,-399.975
39430,-391.625
39431,-393.725
39432,-396.525
39433,-398.550
39434,-401.000
39435,-402.625
39436,-395.425
39437,-397.875
39438,-399.425
39439,-402.450
39440,-404.650
39441,-395.850
39442,-398.550
39443,-400.750
39444,-403.450
39445,-405.500
39446,-382.400
39447,-400.000
39448,-402.325
39449,-404.275
39450,-381.300
39451,-382.900
39452,-385.475
39453,-403.425
39454,-405.700
39455,-382.175
39456,-384.075
39457,-386.850
39458,-388.850
39459,-407.000
39460,-383.550
39461,-385.850
39462,-387.950
39463,-390.275
39464,-382.250
39465,-384.075
39466,-386.600
39467,-389.050
39468,-391.125
39469,-393.475
39470,-385.500
39471,-388.000
39472,-390.525
39473,-392.550
39474,-394.250
39475,-397.175
39476,-388.775
39477,-391.725
39478,-393.525
39479,-395.925
39480,-398.275
39481,-400.350
39482,-392.550
39483,-394.500
39484,-397.025
39485,-399.025
39486,-401.200
39487,-404.075
39488,-396.075
39489,-398.375
39490,-400.600
39491,-402.550
39492,-404.925
39493,-397.075
39494,-399.275
39495,-401.400
39496,-403.800
39497,-406.475
39498,-382.800
39499,-400.600
39500,-402.525
39501,-404.925
39502,-381.950
39503,-384.150
39504,-386.625
39505,-404.250
39506,-406.275
39507,-382.925
39508,-385.425
39509,-387.050
39510,-389.950
39511,-382.025
39512,-384.300
39513,-386.125
39514,-388.350
39515,-390.725
39516,-383.025
39517,-384.850
39518,-387.400
39519,-389.250
39520,-392.325
39521,-394.025
39522,-386.175
39523,-388.375
39524,-391.175
39525,-393.400
39526,-395.450
39527,-397.450
39528,-389.975
39529,-392.275
39530,-394.600
39531,-396.875
39532,-398.675
39533,-400.800
39534,-393.025
39535,-395.725
39536,-397.575
39537,-400.325
39538,-402.325
39539,-394.550
39540,-396.975
39541,-398.850
39542,-401.550
39543,-403.125
39544,-405.700
39545,-397.750
39546,-399.975
39547,-402.275
39548,-404.450
39549,-381.450
39550,-383.750
39551,-401.000
39552,-403.850
39553,-406.000
39554,-382.675
39555,-385.075
39556,-387.100
39557,-404.825
39558,-381.375
39559,-383.775
39560,-385.975
39561,-388.500
39562,-390.650
39563,-382.600
39564,-384.850
39565,-386.600
39566,-389.225
39567,-391.500
39568,-383.650
39569,-385.850
39570,-388.425
39571,-390.675
39572,-393.025
39573,-394.950
39574,-387.175
39575,-389.675
39576,-391.925
39577,-394.125
39578,-396.050
39579,-398.525
39580,-390.450
39581,-392.675
39582,-395.000
39583,-397.675
39584,-399.775
39585,-401.925
39586,-393.825
39587,-396.525
39588,-398.325
39589,-400.325
39590,-402.850
39591,-394.650
39592,-396.975
39593,-399.875
39594,-401.450
39595,-404.275
39596,-406.600
39597,-398.850
39598,-401.100
39599,-403.225
39600,-405.550
39601,-382.250
39602,-384.200
39603,-401.900
39604,-403.950
39605,-406.775
39606,-383.250
39607,-385.225
39608,-387.500
39609,-405.275
39610,-381.775
39611,-384.375
39612,-386.450
39613,-389.150
39614,-406.425
39615,-383.475
39616,-385.450
39617,-387.625
39618,-390.025
39619,-391.825
39620,-384.175
39621,-386.850
39622,-389.125
39623,-391.450
39624,-393.575
39625,-395.975
39626,-387.975
39627,-390.425
39628,-392.000
39629,-394.700
39630,-396.525
39631,-399.350
39632,-391.450
39633,-393.300
39634,-395.675
39635,-397.925
39636,-400.250
39637,-402.900
39638,-394.400
39639,-396.775
39640,-399.075
39641,-401.300
39642,-403.750
39643,-395.925
39644,-398.050
39645,-400.350
39646,-402.825
39647,-405.175
39648,-381.625
39649,-398.850
39650,-400.900
39651,-403.625
39652,-406.125
39653,-382.525
39654,-385.175
39655,-402.175
39656,-404.850
39657,-381.450
39658,-384.050
39659,-386.400
39660,-388.225
39661,-406.175
39662,-382.600
39663,-384.850
39664,-387.200
39665,-389.925
39666,-381.975
39667,-384.050
39668,-386.300
39669,-388.625
39670,-391.050
39671,-393.075
39672,-384.875
39673,-387.150
39674,-389.825
39675,-392.200
39676,-393.850
39677,-396.375
39678,-388.250
39679,-390.925
39680,-392.650
39681,-395.250
39682,-397.625
39683,-400.125
39684,-392.275
39685,-394.450
39686,-396.375
39687,-398.675
39688,-401.300
39689,-392.925
39690,-395.675
39691,-397.375
39692,-400.125
39693,-402.450
39694,-404.650
39695,-396.725
39696,-398.575
39697,-400.550
39698,-403.300
39699,-405.275
39700,-382.350
39701,-399.875
39702,-402.500
39703,-404.350
39704,-380.875
39705,-383.175
39706,-385.800
39707,-403.225
39708,-405.750
39709,-382.600
39710,-384.775
39711,-387.100
39712,-389.325
39713,-380.950
39714,-383.725
39715,-385.750
39716,-388.325
39717,-390.275
39718,-382.225
39719,-384.800
39720,-386.350
39721,-388.825
39722,-391.700
39723,-393.950
39724,-385.225
39725,-387.825
39726,-390.150
39727,-392.625
39728,-395.025
39729,-396.800
39730,-389.300
39731,-391.300
39732,-393.875
39733,-395.850
39734,-397.750
39735,-400.175
39736,-392.250
39737,-395.175
39738,-396.925
39739,-399.725
39740,-402.050
39741,-393.675
39742,-395.650
39743,-398.175
39744,-400.575
39745,-403.125
39746,-405.225
39747,-397.450
39748,-399.725
39749,-401.700
39750,-404.375
39751,-406.425
39752,-383.175
39753,-400.700
39754,-402.950
39755,-405.025
39756,-382.125
39757,-384.375
39758,-386.400
39759,-404.150
39760,-406.375
39761,-383.400
39762,-385.575
39763,-387.775
39764,-405.500
39765,-381.625
39766,-384.000
39767,-386.625
39768,-389.025
39769,-390.825
39770,-382.925
39771,-385.150
39772,-387.575
39773,-389.975
39774,-392.275
39775,-394.175
39776,-386.675
39777,-388.275
39778,-390.900
39779,-393.075
39780,-395.475
39781,-397.650
39782,-389.975
39783,-392.525
39784,-394.600
39785,-396.625
39786,-398.875
39787,-401.500
39788,-393.650
39789,-395.325
39790,-397.650
39791,-400.325
39792,-402.650
39793,-394.650
39794,-396.975
39795,-398.775
39796,-401.500
39797,-403.175
39798,-405.850
39799,-397.925
39800,-400.450
39801,-402.450
39802,-404.650
39803,-381.750
39804,-383.525
39805,-401.500
39806,-403.700
39807,-405.800
39808,-382.800
39809,-384.800
39810,-386.575
39811,-405.025
39812,-381.675
39813,-383.575
39814,-385.725
39815,-388.000
39816,-406.225
39817,-382.400
39818,-385.125
39819,-386.800
39820,-389.775
39821,-391.450
39822,-383.875
39823,-385.825
39824,-388.100
39825,-390.900
39826,-393.100
39827,-395.075
39828,-386.925
39829,-389.725
39830,-391.675
39831,-394.175
39832,-396.275
39833,-398.375
39834,-390.825
39835,-392.925
39836,-395.450
39837,-397.525
39838,-399.350
39839,-391.675
39840,-394.375
39841,-396.225
39842,-398.850
39843,-400.900
39844,-402.825
39845,-395.075
39846,-397.350
39847,-399.850
39848,-402.275
39849,-404.175
39850,-406.750
39851,-398.875
39852,-401.200
39853,-403.550
39854,-405.700
39855,-381.975
39856,-384.400
39857,-402.250
39858,-404.700
39859,-406.700
39860,-383.175
39861,-385.300
39862,-387.400
39863,-405.700
39864,-382.300
39865,-384.750
39866,-386.850
39867,-388.625
39868,-406.450
39869,-383.475
39870,-385.600
39871,-387.450
39872,-390.125
39873,-392.650
39874,-384.175
39875,-386.350
39876,-388.950
39877,-391.175
39878,-393.875
39879,-396.200
39880,-387.850
39881,-390.075
39882,-392.250
39883,-394.650
39884,-397.125
39885,-398.950
39886,-391.625
39887,-393.925
39888,-395.450
39889,-398.475
39890,-400.550
39891,-392.375
39892,-394.650
39893,-397.225
39894,-399.075
39895,-401.500
39896,-403.975
39897,-395.775
39898,-397.850
39899,-400.450
39900,-402.950
39901,-405.225
39902,-381.600
39903,-399.525
39904,-401.450
39905,-404.200
39906,-406.200
39907,-382.900
39908,-384.900
39909,-402.675
39910,-405.225
39911,-382.125
39912,-384.375
39913,-386.325
39914,-378.400
39915,-405.800
39916,-382.925
39917,-384.950
39918,-387.725
39919,-389.725
39920,-381.375
39921,-383.975
39922,-386.225
39923,-388.625
39924,-390.775
39925,-393.275
39926,-385.075
39927,-387.175
39928,-390.050
39929,-391.625
39930,-394.475
39931,-396.350
39932,-388.525
39933,-390.900
39934,-393.025
39935,-395.675
39936,-397.925
39937,-399.875
39938,-392.000
39939,-394.150
39940,-396.075
39941,-398.475
39942,-401.025
39943,-393.300
39944,-395.550
39945,-398.075
39946,-399.650
39947,-402.250
39948,-404.825
39949,-396.725
39950,-399.175
39951,-401.000
39952,-403.675
39953,-405.875
39954,-382.650
39955,-399.725
39956,-402.550
39957,-404.550
39958,-380.950
39959,-383.625
39960,-386.025
39961,-403.800
39962,-405.700
39963,-381.975
39964,-384.975
39965,-387.000
39966,-404.750
39967,-381.625
39968,-383.775
39969,-385.975
39970,-388.275
39971,-390.425
39972,-382.500
39973,-384.900
39974,-387.150
39975,-389.200
39976,-391.800
39977,-393.825
39978,-385.575
39979,-387.875
39980,-390.575
39981,-392.925
39982,-394.550
39983,-397.150
39984,-389.300
39985,-391.675
39986,-393.575
39987,-395.750
39988,-398.650
39989,-390.775
39990,-392.650
39991,-395.325
39992,-396.975
39993,-399.825
39994,-401.750
39995,-393.975
39996,-396.525
39997,-398.825
39998,-400.825
39999,-402.575
40000,-405.175
40001,-397.175
40002,-399.475
40003,-401.750
40004,-404.550
40005,-406.425
40006,-383.350
40007,-401.000
40008,-402.850
40009,-405.275
40010,-381.825
40011,-384.400
40012,-386.600
40013,-403.975
40014,-406.600
40015,-383.475
40016,-385.075
40017,-387.500
40018,-405.600
40019,-381.650
40020,-384.200
40021,-386.175
40022,-388.400
40023,-390.875
40024,-383.150
40025,-385.750
40026,-387.625
40027,-389.725
40028,-392.675
40029,-394.600
40030,-386.075
40031,-388.525
40032,-391.400
40033,-393.450
40034,-395.550
40035,-397.975
40036,-390.075
40037,-391.875
40038,-394.850
40039,-396.825
40040,-398.675
40041,-391.125
40042,-393.350
40043,-395.750
40044,-397.825
40045,-400.500
40046,-402.250
40047,-394.400
40048,-396.875
40049,-399.350
40050,-401.550
40051,-403.375
40052,-406.025
40053,-398.125
40054,-400.325
40055,-402.850
40056,-404.775
40057,-381.775
40058,-384.050
40059,-401.300
40060,-403.875
40061,-406.275
40062,-382.725
40063,-384.875
40064,-376.975
40065,-404.775
40066,-381.925
40067,-383.950
40068,-385.675
40069,-388.150
40070,-406.375
40071,-382.650
40072,-384.700
40073,-387.500
40074,-389.875
40075,-391.875
40076,-383.400
40077,-385.850
40078,-388.750
40079,-390.725
40080,-393.075
40081,-395.250
40082,-387.500
40083,-389.850
40084,-392.150
40085,-394.450
40086,-396.075
40087,-398.475
40088,-390.625
40089,-393.175
40090,-395.550
40091,-397.225
40092,-399.975
40093,-392.100
40094,-394.275
40095,-396.625
40096,-399.050
40097,-400.850
40098,-402.950
40099,-395.550
40100,-397.825
40101,-400.025
40102,-402.025
40103,-404.075
40104,-380.750
40105,-398.425
40106,-400.850
40107,-403.550
40108,-405.800
40109,-382.075
40110,-383.975
40111,-402.050
40112,-404.400
40113,-380.900
40114,-383.025
40115,-385.925
40116,-403.550
40117,-405.175
40118,-382.600
40119,-384.600
40120,-386.450
40121,-389.025
40122,-380.850
40123,-383.525
40124,-385.925
40125,-388.225
40126,-389.975
40127,-392.400
40128,-384.475
40129,-386.700
40130,-388.950
40131,-391.675
40132,-393.450
40133,-395.875
40134,-387.725
40135,-390.300
40136,-392.650
40137,-394.925
40138,-397.225
40139,-399.200
40140,-391.500
40141,-394.025
40142,-395.925
40143,-397.950
40144,-400.450
40145,-392.900
40146,-394.875
40147,-397.150
40148,-399.725
40149,-401.850
40150,-403.975
40151,-395.925
40152,-398.225
40153,-400.700
40154,-403.050
40155,-405.225
40156,-381.850
40157,-399.425
40158,-401.400
40159,-403.800
40160,-406.425
40161,-383.200
40162,-385.450
40163,-403.050
40164,-405.050
40165,-381.675
40166,-384.050
40167,-386.225
40168,-404.075
40169,-406.550
40170,-383.300
40171,-385.075
40172,-387.200
40173,-389.650
40174,-382.200
40175,-384.550
40176,-386.300
40177,-388.750
40178,-391.150
40179,-393.475
40180,-385.050
40181,-387.450
40182,-389.350
40183,-392.050
40184,-394.175
40185,-397.025
40186,-388.750
40187,-391.175
40188,-393.550
40189,-395.725
40190,-397.450
40191,-389.700
40192,-392.100
40193,-394.200
40194,-397.025
40195,-399.050
40196,-401.200
40197,-393.650
40198,-395.550
40199,-397.875
40200,-400.150
40201,-402.675
40202,-404.975
40203,-396.925
40204,-398.575
40205,-401.225
40206,-403.875
40207,-405.800
40208,-382.775
40209,-400.075
40210,-402.225
40211,-404.400
40212,-381.300
40213,-383.650
40214,-385.800
40215,-403.475
40216,-405.800
40217,-382.775
40218,-385.000
40219,-386.725
40220,-404.750
40221,-381.725
40222,-383.300
40223,-385.925
40224,-388.075
40225,-390.875
40226,-382.550
40227,-385.125
40228,-387.250
40229,-389.775
40230,-391.500
40231,-394.125
40232,-385.925
40233,-388.025
40234,-390.650
40235,-392.400
40236,-395.075
40237,-397.675
40238,-389.250
40239,-391.950
40240,-393.950
40241,-396.275
40242,-398.450
40243,-390.925
40244,-393.200
40245,-394.750
40246,-397.625
40247,-399.550
40248,-402.125
40249,-393.825
40250,-396.450
40251,-398.725
40252,-400.950
40253,-403.125
40254,-405.700
40255,-397.575
40256,-399.475
40257,-402.175
40258,-404.550
40259,-406.675
40260,-383.475
40261,-400.800
40262,-402.950
40263,-405.650
40264,-381.825
40265,-384.600
40266,-401.650
40267,-404.375
40268,-406.700
40269,-382.900
40270,-385.575
40271,-387.600
40272,-405.700
40273,-382.350
40274,-384.625
40275,-386.625
40276,-388.875
40277,-391.600
40278,-382.925
40279,-385.400
40280,-387.850
40281,-389.700
40282,-392.525
40283,-394.875
40284,-386.850
40285,-389.200
40286,-391.425
40287,-393.775
40288,-395.975
40289,-398.175
40290,-390.375
40291,-392.050
40292,-394.725
40293,-397.325
40294,-399.275
40295,-391.550
40296,-393.825
40297,-395.925
40298,-398.250
40299,-400.650
40300,-402.750
40301,-394.600
40302,-396.625
40303,-399.425
40304,-401.725
40305,-403.750
40306,-406.275
40307,-398.075
40308,-400.450
40309,-403.000
40310,-405.175
40311,-381.925
40312,-384.175
40313,-401.750
40314,-404.100
40315,-406.500
40316,-382.700
40317,-384.800
40318,-402.950
40319,-404.925
40320,-381.850
40321,-383.875
40322,-386.475
40323,-388.025
40324,-405.800
40325,-383.125
40326,-385.400
40327,-386.925
40328,-389.950
40329,-391.825
40330,-383.850
40331,-386.475
40332,-388.375
40333,-390.800
40334,-392.675
40335,-395.350
40336,-387.400
40337,-389.525
40338,-392.150
40339,-394.275
40340,-396.775
40341,-388.700
40342,-390.650
40343,-392.900
40344,-395.725
40345,-397.775
40346,-399.550
40347,-391.875
40348,-393.850
40349,-396.625
40350,-399.125
40351,-401.200
40352,-403.325
40353,-395.350
40354,-397.750
40355,-399.750
40356,-402.225
40357,-404.500
40358,-381.175
40359,-399.150
40360,-400.750
40361,-403.250
40362,-405.625
40363,-382.350
40364,-384.900
40365,-402.250
40366,-404.550
40367,-381.100
40368,-383.450
40369,-385.675
40370,-403.675
40371,-405.500
40372,-382.250
40373,-384.800
40374,-387.150
40375,-388.625
40376,-381.675
40377,-383.400
40378,-385.925
40379,-387.850
40380,-390.250
40381,-392.700
40382,-384.300
40383,-386.725
40384,-389.000
40385,-391.700
40386,-393.925
40387,-396.025
40388,-387.650
40389,-390.325
40390,-392.925
40391,-394.875
40392,-396.875
40393,-389.400
40394,-391.450
40395,-394.025
40396,-395.925
40397,-398.350
40398,-400.625
40399,-392.325
40400,-395.075
40401,-397.100
40402,-399.650
40403,-401.750
40404,-404.475
40405,-396.075
40406,-397.975
40407,-400.800
40408,-402.750
40409,-405.225
40410,-382.050
40411,-399.575
40412,-401.950
40413,-404.075
40414,-406.775
40415,-383.200
40416,-400.500
40417,-403.125
40418,-405.600
40419,-382.075
40420,-383.875
40421,-386.325
40422,-404.550
40423,-405.925
40424,-382.725
40425,-385.575
40426,-387.300
40427,-390.025
40428,-382.200
40429,-383.900
40430,-386.675
40431,-388.825
40432,-390.975
40433,-393.625
40434,-385.475
40435,-387.800
40436,-389.875
40437,-392.275
40438,-394.650
40439,-396.425
40440,-388.850
40441,-390.825
40442,-393.025
40443,-395.875
40444,-398.050
40445,-389.575
40446,-392.225
40447,-394.650
40448,-396.725
40449,-398.950
40450,-401.500
40451,-393.825
40452,-395.450
40453,-397.875
40454,-400.500
40455,-402.775
40456,-404.875
40457,-396.925
40458,-398.675
40459,-401.250
40460,-403.225
40461,-406.375
40462,-382.900
40463,-400.175
40464,-402.425
40465,-404.825
40466,-381.150
40467,-383.900
40468,-401.750
40469,-403.975
40470,-405.700
40471,-382.675
40472,-384.850
40473,-386.800
40474,-404.875
40475,-381.350
40476,-383.900
40477,-385.925
40478,-388.450
40479,-390.875
40480,-382.725
40481,-384.450
40482,-387.500
40483,-389.575
40484,-392.100
40485,-394.175
40486,-386.300
40487,-387.875
40488,-390.500
40489,-393.075
40490,-395.150
40491,-387.275
40492,-389.325
40493,-391.600
40494,-394.275
40495,-396.325
40496,-398.550
40497,-390.650
40498,-392.925
40499,-395.525
40500,-397.375
40501,-400.025
40502,-402.100
40503,-393.750
40504,-396.775
40505,-398.925
40506,-401.000
40507,-403.000
40508,-405.500
40509,-397.525
40510,-399.350
40511,-401.700
40512,-404.375
40513,-381.050
40514,-383.300
40515,-401.050
40516,-403.550
40517,-405.900
40518,-382.200
40519,-384.550
40520,-402.050
40521,-404.100
40522,-381.450
40523,-383.650
40524,-385.700
40525,-387.975
40526,-405.175
40527,-381.975
40528,-384.525
40529,-386.475
40530,-389.125
40531,-391.325
40532,-383.675
40533,-385.750
40534,-388.325
40535,-390.025
40536,-392.900
40537,-394.750
40538,-386.400
40539,-389.025
40540,-391.600
40541,-393.675
40542,-396.225
40543,-388.175
40544,-390.225
40545,-392.825
40546,-394.475
40547,-396.825
40548,-398.950
40549,-391.725
40550,-393.300
40551,-396.125
40552,-397.975
40553,-400.800
40554,-403.050
40555,-394.450
40556,-396.925
40557,-399.025
40558,-401.750
40559,-404.200
40560,-406.100
40561,-397.850
40562,-400.800
40563,-403.000
40564,-405.025
40565,-381.675
40566,-373.825
40567,-401.325
40568,-404.100
40569,-406.200
40570,-382.975
40571,-385.075
40572,-402.725
40573,-404.975
40574,-381.750
40575,-384.175
40576,-386.275
40577,-388.475
40578,-406.450
40579,-382.675
40580,-384.900
40581,-387.625
40582,-389.850
40583,-392.225
40584,-384.050
40585,-386.525
40586,-388.750
40587,-391.225
40588,-393.500
40589,-395.275
40590,-387.250
40591,-389.425
40592,-392.450
40593,-394.650
40594,-396.375
40595,-388.450
40596,-391.075
40597,-393.450
40598,-395.350
40599,-397.725
40600,-399.925
40601,-391.825
40602,-394.550
40603,-396.925
40604,-398.850
40605,-401.500
40606,-403.750
40607,-395.450
40608,-397.950
40609,-400.350
40610,-402.575
40611,-404.950
40612,-381.175
40613,-398.725
40614,-401.400
40615,-403.700
40616,-406.075
40617,-382.325
40618,-400.250
40619,-402.000
40620,-405.025
40621,-381.675
40622,-383.875
40623,-385.900
40624,-403.625
40625,-405.750
40626,-382.075
40627,-384.750
40628,-386.525
40629,-389.650
40630,-381.625
40631,-383.625
40632,-385.925
40633,-388.500
40634,-390.325
40635,-392.775
40636,-385.125
40637,-387.050
40638,-389.225
40639,-391.500
40640,-393.575
40641,-385.650
40642,-388.175
40643,-390.700
40644,-392.625
40645,-395.425
40646,-397.275
40647,-388.950
40648,-392.000
40649,-393.950
40650,-396.275
40651,-398.475
40652,-400.950
40653,-392.975
40654,-395.275
40655,-397.175
40656,-399.575
40657,-402.000
40658,-403.800
40659,-396.175
40660,-398.550
40661,-400.625
40662,-402.850
40663,-405.125
40664,-381.975
40665,-399.550
40666,-402.250
40667,-404.600
40668,-406.650
40669,-383.475
40670,-400.700
40671,-402.750
40672,-405.300
40673,-382.125
40674,-384.175
40675,-386.525
40676,-404.300
40677,-406.900
40678,-383.525
40679,-385.500
40680,-387.300
40681,-389.650
40682,-382.400
40683,-383.900
40684,-386.800
40685,-388.850
40686,-391.500
40687,-393.300
40688,-385.300
40689,-387.500
40690,-390.250
40691,-392.625
40692,-394.700
40693,-386.175
40694,-388.775
40695,-391.550
40696,-393.400
40697,-395.325
40698,-397.950
40699,-390.275
40700,-392.400
40701,-395.025
40702,-396.575
40703,-399.075
40704,-401.050
40705,-393.175
40706,-395.825
40707,-398.350
40708,-400.425
40709,-402.575
40710,-404.925
40711,-397.025
40712,-399.575
40713,-401.650
40714,-403.900
40715,-406.375
40716,-382.800
40717,-400.325
40718,-402.500
40719,-405.275
40720,-381.975
40721,-384.275
40722,-401.250
40723,-403.950
40724,-405.975
40725,-382.825
40726,-384.875
40727,-387.500
40728,-404.950
40729,-381.300
40730,-383.875
40731,-386.475
40732,-388.700
40733,-390.975
40734,-383.075
40735,-385.225
40736,-387.600
40737,-389.250
40738,-391.950
40739,-394.200
40740,-386.475
40741,-388.375
40742,-390.900
40743,-393.025
40744,-395.550
40745,-387.625
40746,-389.250
40747,-392.325
40748,-394.400
40749,-396.575
40750,-399.125
40751,-391.125
40752,-393.200
40753,-395.375
40754,-397.925
40755,-400.250
40756,-402.375
40757,-394.250
40758,-396.425
40759,-398.725
40760,-401.350
40761,-403.225
40762,-405.900
40763,-397.725
40764,-400.225
40765,-402.100
40766,-404.825
40767,-381.275
40768,-399.025
40769,-400.750
40770,-403.300
40771,-405.325
40772,-382.450
40773,-384.150
40774,-402.125
40775,-404.550
40776,-381.500
40777,-383.625
40778,-385.725
40779,-388.400
40780,-406.000
40781,-382.350
40782,-384.600
40783,-387.200
40784,-389.050
40785,-391.400
40786,-383.575
40787,-385.300
40788,-388.375
40789,-390.550
40790,-392.825
40791,-394.875
40792,-386.700
40793,-389.100
40794,-391.500
40795,-393.825
40796,-396.325
40797,-387.700
40798,-390.375
40799,-392.900
40800,-394.550
40801,-397.225
40802,-399.350
40803,-391.325
40804,-393.875
40805,-395.825
40806,-398.175
40807,-400.600
40808,-403.250
40809,-394.925
40810,-396.825
40811,-399.775
40812,-401.700
40813,-404.300
40814,-406.750
40815,-397.975
40816,-400.500
40817,-402.850
40818,-405.450
40819,-381.750
40820,-399.375
40821,-401.750
40822,-404.050
40823,-406.025
40824,-382.925
40825,-385.325
40826,-403.000
40827,-405.500
40828,-381.950
40829,-384.150
40830,-386.775
40831,-388.875
40832,-406.375
40833,-383.400
40834,-385.475
40835,-387.600
40836,-389.525
40837,-392.275
40838,-384.175
40839,-386.125
40840,-388.675
40841,-390.875
40842,-393.625
40843,-385.650
40844,-387.500
40845,-390.125
40846,-392.000
40847,-394.650
40848,-396.475
40849,-388.525
40850,-390.875
40851,-392.925
40852,-395.275
40853,-397.950
40854,-400.125
40855,-392.450
40856,-394.700
40857,-396.650
40858,-398.650
40859,-401.450
40860,-403.425
40861,-395.175
40862,-397.775
40863,-399.825
40864,-402.325
40865,-404.650
40866,-381.375
40867,-399.075
40868,-401.000
40869,-403.950
40870,-406.000
40871,-383.025
40872,-400.075
40873,-402.375
40874,-404.475
40875,-381.250
40876,-383.375
40877,-386.300
40878,-403.875
40879,-406.325
40880,-382.800
40881,-384.700
40882,-386.850
40883,-389.725
40884,-381.600
40885,-383.475
40886,-385.925
40887,-388.325
40888,-390.875
40889,-392.825
40890,-384.775
40891,-386.975
40892,-389.575
40893,-392.050
40894,-394.175
40895,-386.250
40896,-388.450
40897,-390.975
40898,-393.175
40899,-395.275
40900,-396.975
40901,-389.200
40902,-391.825
40903,-394.025
40904,-396.550
40905,-398.975
40906,-400.900
40907,-393.175
40908,-395.250
40909,-397.575
40910,-399.775
40911,-402.125
40912,-404.350
40913,-396.625
40914,-398.875
40915,-400.725
40916,-403.450
40917,-405.400
40918,-397.150
40919,-399.675
40920,-402.250
40921,-404.375
40922,-406.900
40923,-383.550
40924,-401.200
40925,-403.150
40926,-405.450
40927,-382.200
40928,-384.400
40929,-386.725
40930,-404.400
40931,-380.775
40932,-383.125
40933,-385.200
40934,-387.450
40935,-390.500
40936,-382.400
40937,-384.250
40938,-386.975
40939,-389.350
40940,-391.350
40941,-393.850
40942,-385.825
40943,-388.225
40944,-390.625
40945,-392.200
40946,-395.000
40947,-386.375
40948,-389.350
40949,-391.075
40950,-393.725
40951,-395.925
40952,-398.125
40953,-389.725
40954,-392.925
40955,-395.175
40956,-397.375
40957,-399.550
40958,-401.575
40959,-393.525
40960,-395.675
40961,-397.850
40962,-400.650
40963,-402.325
40964,-405.225
40965,-397.000
40966,-399.775
40967,-401.950
40968,-403.425
40969,-406.275
40970,-398.550
40971,-400.600
40972,-403.050
40973,-405.350
40974,-381.375
40975,-384.075
40976,-401.525
40977,-404.100
40978,-406.175
40979,-382.800
40980,-385.075
40981,-387.600
40982,-404.750
40983,-381.725
40984,-383.975
40985,-386.125
40986,-388.475
40987,-390.725
40988,-383.075
40989,-385.325
40990,-387.000
40991,-389.925
40992,-392.225
40993,-384.150
40994,-386.575
40995,-388.175
40996,-390.600
40997,-393.375
40998,-395.625
40999,-387.325
41000,-390.050
41001,-392.000
41002,-394.450
41003,-396.350
41004,-399.275
41005,-390.900
41006,-393.075
41007,-395.750
41008,-397.650
41009,-400.350
41010,-402.150
41011,-394.750
41012,-396.875
41013,-399.250
41014,-401.100
41015,-403.700
41016,-405.350
41017,-397.725
41018,-400.075
41019,-402.725
41020,-404.875
41021,-380.950
41022,-398.675
41023,-401.100
41024,-403.675
41025,-406.025
41026,-382.525
41027,-384.500
41028,-402.225
41029,-404.650
41030,-381.450
41031,-383.550
41032,-385.475
41033,-388.250
41034,-405.425
41035,-382.400
41036,-384.550
41037,-387.200
41038,-389.125
41039,-391.925
41040,-383.200
41041,-386.150
41042,-387.775
41043,-390.375
41044,-392.625
41045,-384.600
41046,-386.675
41047,-389.150
41048,-391.550
41049,-393.750
41050,-395.925
41051,-388.175
41052,-390.500
41053,-393.175
41054,-395.050
41055,-396.975
41056,-399.225
41057,-391.725
41058,-393.775
41059,-396.225
41060,-398.350
41061,-400.750
41062,-403.000
41063,-395.125
41064,-397.650
41065,-399.325
41066,-402.050
41067,-404.450
41068,-395.925
41069,-398.675
41070,-400.700
41071,-403.425
41072,-405.600
41073,-381.625
41074,-399.875
41075,-402.125
41076,-404.100
41077,-406.425
41078,-383.375
41079,-385.325
41080,-402.850
41081,-405.525
41082,-382.125
41083,-384.500
41084,-386.625
41085,-388.675
41086,-406.775
41087,-383.200
41088,-385.725
41089,-387.450
41090,-390.325
41091,-392.150
41092,-384.350
41093,-386.150
41094,-389.000
41095,-391.350
41096,-393.200
41097,-385.200
41098,-388.150
41099,-390.450
41100,-392.375
41101,-394.475
41102,-396.825
41103,-388.700
41104,-391.500
41105,-393.450
41106,-395.525
41107,-398.325
41108,-400.350
41109,-392.150
41110,-394.800
41111,-397.250
41112,-399.425
41113,-401.400
41114,-404.150
41115,-396.050
41116,-398.450
41117,-399.925
41118,-402.625
41119,-405.175
41120,-396.825
41121,-398.975
41122,-401.750
41123,-403.625
41124,-406.275
41125,-382.925
41126,-400.375
41127,-402.575
41128,-404.950
41129,-381.925
41130,-384.100
41131,-386.025
41132,-403.700
41133,-406.375
41134,-382.925
41135,-384.500
41136,-387.525
41137,-389.850
41138,-381.500
41139,-383.850
41140,-386.400
41141,-388.275
41142,-390.500
41143,-382.725
41144,-385.400
41145,-386.850
41146,-389.750
41147,-391.875
41148,-393.950
41149,-386.550
41150,-388.025
41151,-390.700
41152,-392.925
41153,-395.650
41154,-397.525
41155,-389.475
41156,-392.250
41157,-394.500
41158,-396.025
41159,-399.050
41160,-401.050
41161,-393.375
41162,-395.350
41163,-397.575
41164,-400.150
41165,-402.000
41166,-404.850
41167,-396.725
41168,-398.875
41169,-401.150
41170,-403.225
41171,-405.550
41172,-397.850
41173,-399.825
41174,-401.800
41175,-404.100
41176,-381.500
41177,-383.350
41178,-401.025
41179,-403.650
41180,-406.000
41181,-382.600
41182,-384.700
41183,-386.475
41184,-404.075
41185,-381.225
41186,-383.175
41187,-385.800
41188,-387.500
41189,-389.975
41190,-382.775
41191,-384.750
41192,-386.675
41193,-389.425
41194,-391.200
41195,-383.050
41196,-385.800
41197,-388.000
41198,-389.925
41199,-392.225
41200,-394.500
41201,-387.150
41202,-388.700
41203,-391.200
41204,-393.825
41205,-396.050
41206,-398.250
41207,-390.550
41208,-392.675
41209,-394.375
41210,-397.325
41211,-399.375
41212,-401.450
41213,-393.950
41214,-396.275
41215,-398.175
41216,-400.800
41217,-402.775
41218,-395.175
41219,-396.825
41220,-399.525
41221,-401.900
41222,-403.600
41223,-406.200
41224,-397.950
41225,-400.900
41226,-402.575
41227,-405.175
41228,-382.075
41229,-384.100
41230,-402.150
41231,-404.000
41232,-406.425
41233,-382.725
41234,-385.150
41235,-387.500
41236,-405.550
41237,-381.875
41238,-384.000
41239,-386.325
41240,-388.325
41241,-391.200
41242,-382.700
41243,-385.475
41244,-387.950
41245,-390.150
41246,-392.450
41247,-383.750
41248,-386.525
41249,-388.425
41250,-390.725
41251,-393.400
41252,-395.775
41253,-387.275
41254,-389.875
41255,-392.325
41256,-394.125
41257,-396.800
41258,-398.950
41259,-390.875
41260,-393.175
41261,-395.525
41262,-398.175
41263,-400.500
41264,-402.325
41265,-394.700
41266,-396.775
41267,-399.100
41268,-401.400
41269,-403.700
41270,-395.725
41271,-397.950
41272,-400.325
41273,-402.125
41274,-404.725
41275,-381.675
41276,-398.725
41277,-401.050
41278,-403.600
41279,-405.925
41280,-382.400
41281,-384.625
41282,-402.525
41283,-404.650
41284,-381.725
41285,-383.875
41286,-386.250
41287,-388.475
41288,-405.525
41289,-382.775
41290,-385.225
41291,-387.400
41292,-389.700
41293,-381.775
41294,-383.800
41295,-385.925
41296,-388.575
41297,-390.600
41298,-392.825
41299,-384.600
41300,-387.025
41301,-389.775
41302,-391.225
41303,-394.175
41304,-396.175
41305,-388.425
41306,-390.375
41307,-392.650
41308,-395.000
41309,-397.250
41310,-399.975
41311,-392.050
41312,-394.200
41313,-396.525
41314,-398.075
41315,-400.900
41316,-403.475
41317,-395.575
41318,-397.450
41319,-399.675
41320,-402.250
41321,-404.300
41322,-396.675
41323,-398.850
41324,-401.050
41325,-403.125
41326,-405.450
41327,-382.450
41328,-399.925
41329,-402.350
41330,-403.950
41331,-381.350
41332,-383.075
41333,-385.425
41334,-403.225
41335,-405.800
41336,-382.125
41337,-384.150
41338,-386.975
41339,-388.875
41340,-406.900
41341,-383.125
41342,-385.575
41343,-387.600
41344,-390.075
41345,-382.450
41346,-384.300
41347,-386.350
41348,-388.850
41349,-391.700
41350,-393.850
41351,-385.425
41352,-387.800
41353,-390.375
41354,-392.625
41355,-395.050
41356,-397.325
41357,-388.775
41358,-391.600
41359,-393.825
41360,-395.525
41361,-398.475
41362,-400.600
41363,-392.150
41364,-394.700
41365,-397.175
41366,-399.375
41367,-401.450
41368,-403.900
41369,-395.775
41370,-398.425
41371,-400.650
41372,-402.500
41373,-405.350
41374,-397.425
41375,-399.250
41376,-401.375
41377,-403.800
41378,-406.550
41379,-383.025
41380,-400.650
41381,-402.750
41382,-405.175
41383,-381.550
41384,-383.725
41385,-386.575
41386,-403.475
41387,-406.275
41388,-383.200
41389,-384.950
41390,-387.575
41391,-389.700
41392,-381.750
41393,-383.850
41394,-386.575
41395,-388.425
41396,-390.975
41397,-383.250
41398,-384.800
41399,-387.150
41400,-389.975
41401,-392.200
41402,-394.475
41403,-386.250
41404,-388.425
41405,-390.975
41406,-392.975
41407,-395.675
41408,-397.975
41409,-390.075
41410,-392.250
41411,-394.575
41412,-396.775
41413,-398.975
41414,-401.525
41415,-393.075
41416,-395.475
41417,-397.750
41418,-399.875
41419,-401.925
41420,-394.400
41421,-396.775
41422,-398.850
41423,-401.400
41424,-403.425
41425,-405.975
41426,-397.825
41427,-400.325
41428,-402.325
41429,-404.400
41430,-381.150
41431,-383.900
41432,-401.400
41433,-403.100
41434,-405.975
41435,-382.300
41436,-384.650
41437,-386.925
41438,-404.950
41439,-381.600
41440,-383.550
41441,-385.400
41442,-388.225
41443,-390.725
41444,-382.825
41445,-384.550
41446,-387.100
41447,-389.525
41448,-391.600
41449,-383.175
41450,-385.575
41451,-387.925
41452,-390.800
41453,-392.925
41454,-394.825
41455,-386.925
41456,-388.850
41457,-391.250
41458,-393.450
41459,-396.075
41460,-398.050
41461,-390.500
41462,-392.925
41463,-394.650
41464,-397.550
41465,-399.475
41466,-401.525
41467,-393.825
41468,-395.825
41469,-398.375
41470,-400.650
41471,-403.300
41472,-394.575
41473,-397.675
41474,-399.425
41475,-402.100
41476,-404.375
41477,-406.650
41478,-398.175
41479,-401.000
41480,-403.225
41481,-405.325
41482,-381.950
41483,-384.050
41484,-401.900
41485,-404.450
41486,-406.650
41487,-383.125
41488,-385.650
41489,-387.725
41490,-405.125
41491,-381.925
41492,-384.475
41493,-386.475
41494,-388.500
41495,-406.375
41496,-383.075
41497,-385.375
41498,-387.800
41499,-389.675
41500,-392.550
41501,-384.600
41502,-386.525
41503,-388.575
41504,-391.075
41505,-393.075
41506,-395.625
41507,-387.975
41508,-389.675
41509,-392.700
41510,-394.950
41511,-396.775
41512,-399.475
41513,-391.225
41514,-393.200
41515,-395.275
41516,-397.675
41517,-399.925
41518,-402.450
41519,-394.800
41520,-396.650
41521,-399.250
41522,-401.650
41523,-403.750
41524,-396.075
41525,-398.425
41526,-400.275
41527,-402.775
41528,-404.700
41529,-381.675
41530,-399.425
41531,-401.525
41532,-403.975
41533,-405.750
41534,-382.925
41535,-385.175
41536,-402.750
41537,-405.075
41538,-381.500
41539,-383.625
41540,-386.350
41541,-388.100
41542,-406.375
41543,-382.525
41544,-384.675
41545,-386.825
41546,-389.775
41547,-381.400
41548,-383.850
41549,-385.750
41550,-388.575
41551,-390.875
41552,-393.075
41553,-385.325
41554,-387.150
41555,-389.575
41556,-391.725
41557,-393.825
41558,-396.350
41559,-388.100
41560,-390.825
41561,-393.075
41562,-395.550
41563,-397.875
41564,-399.825
41565,-391.950
41566,-393.775
41567,-396.325
41568,-399.025
41569,-400.850
41570,-392.975
41571,-395.250
41572,-397.825
41573,-399.975
41574,-402.350
41575,-404.050
41576,-396.775
41577,-398.850
41578,-401.150
41579,-403.125
41580,-405.650
41581,-382.250
41582,-400.225
41583,-401.750
41584,-404.375
41585,-381.100
41586,-383.475
41587,-385.525
41588,-403.000
41589,-405.450
41590,-382.300
41591,-384.750
41592,-386.775
41593,-389.000
41594,-381.500
41595,-383.775
41596,-385.600
41597,-387.950
41598,-389.875
41599,-382.125
41600,-384.875
41601,-386.675
41602,-389.025
41603,-391.400
41604,-394.050
41605,-385.475
41606,-387.650
41607,-390.225
41608,-392.700
41609,-394.825
41610,-397.350
41611,-389.425
41612,-391.225
41613,-393.625
41614,-395.925
41615,-398.475
41616,-400.250
41617,-392.625
41618,-394.550
41619,-397.425
41620,-399.150
41621,-401.800
41622,-393.725
41623,-395.650
41624,-397.975
41625,-400.450
41626,-403.175
41627,-405.075
41628,-397.450
41629,-399.050
41630,-401.650
41631,-404.300
41632,-406.275
41633,-383.275
41634,-400.425
41635,-403.175
41636,-405.500
41637,-382.125
41638,-384.400
41639,-386.325
41640,-404.475
41641,-406.575
41642,-383.175
41643,-385.000
41644,-387.375
41645,-405.450
41646,-381.925
41647,-384.300
41648,-386.275
41649,-389.050
41650,-391.250
41651,-383.025
41652,-385.375
41653,-387.325
41654,-389.875
41655,-392.325
41656,-394.275
41657,-386.350
41658,-388.600
41659,-390.975
41660,-393.175
41661,-395.875
41662,-397.850
41663,-390.050
41664,-392.100
41665,-394.750
41666,-397.075
41667,-399.250
41668,-401.500
41669,-392.875
41670,-395.775
41671,-397.875
41672,-399.950
41673,-402.050
41674,-394.450
41675,-396.575
41676,-399.175
41677,-401.450
41678,-403.100
41679,-405.800
41680,-398.125
41681,-399.750
41682,-402.675
41683,-404.875
41684,-381.750
41685,-383.900
41686,-401.300
41687,-403.550
41688,-406.075
41689,-382.900
41690,-384.450
41691,-386.900
41692,-404.575
41693,-381.675
41694,-383.900
41695,-385.800
41696,-388.175
41697,-405.550
41698,-382.875
41699,-384.800
41700,-386.975
41701,-389.525
41702,-391.975
41703,-384.150
41704,-386.025
41705,-388.600
41706,-390.875
41707,-392.450
41708,-395.075
41709,-386.775
41710,-389.650
41711,-391.575
41712,-394.025
41713,-396.575
41714,-398.550
41715,-390.825
41716,-393.275
41717,-394.875
41718,-397.725
41719,-399.975
41720,-391.775
41721,-394.350
41722,-396.225
41723,-398.625
41724,-400.550
41725,-403.000
41726,-395.450
41727,-397.575
41728,-400.025
41729,-402.100
41730,-404.275
41731,-380.725
41732,-398.850
41733,-401.100
41734,-403.425
41735,-405.600
41736,-382.325
41737,-384.450
41738,-402.175
41739,-404.200
41740,-406.675
41741,-383.350
41742,-385.525
41743,-387.525
41744,-405.700
41745,-382.325
41746,-384.000
41747,-386.675
41748,-388.475
41749,-406.200
41750,-383.475
41751,-385.525
41752,-388.175
41753,-389.775
41754,-392.700
41755,-384.700
41756,-386.400
41757,-388.750
41758,-391.125
41759,-393.750
41760,-395.425
41761,-387.775
41762,-390.500
41763,-392.775
41764,-394.925
41765,-397.175
41766,-399.525
41767,-391.175
41768,-393.575
41769,-395.675
41770,-398.225
41771,-400.700
41772,-392.725
41773,-394.650
41774,-397.375
41775,-399.250
41776,-401.625
41777,-403.625
41778,-396.125
41779,-397.875
41780,-400.325
41781,-402.575
41782,-404.975
41783,-381.775
41784,-399.675
41785,-401.525
41786,-404.150
41787,-406.425
41788,-382.925
41789,-385.150
41790,-402.750
41791,-405.125
41792,-381.650
41793,-384.050
41794,-385.975
41795,-378.550
41796,-406.575
41797,-382.725
41798,-385.375
41799,-387.175
41800,-389.925
41801,-381.875
41802,-383.975
41803,-386.525
41804,-388.750
41805,-390.800
41806,-393.025
41807,-385.575
41808,-387.525
41809,-389.950
41810,-392.150
41811,-394.575
41812,-396.725
41813,-388.825
41814,-391.025
41815,-393.250
41816,-395.375
41817,-397.525
41818,-399.475
41819,-392.050
41820,-393.925
41821,-396.925
41822,-398.875
41823,-401.350
41824,-393.075
41825,-395.425
41826,-397.550
41827,-399.550
41828,-402.325
41829,-404.975
41830,-396.275
41831,-399.075
41832,-401.250
41833,-403.450
41834,-405.400
41835,-382.325
41836,-400.350
41837,-402.125
41838,-404.600
41839,-381.550
41840,-383.475
41841,-385.700
41842,-403.700
41843,-405.650
41844,-382.300
41845,-384.750
41846,-387.100
41847,-405.050
41848,-381.675
41849,-383.475
41850,-385.925
41851,-387.950
41852,-390.050
41853,-382.675
41854,-384.750
41855,-386.575
41856,-388.925
41857,-391.550
41858,-393.925
41859,-385.725
41860,-388.075
41861,-390.775
41862,-392.250
41863,-394.650
41864,-397.375
41865,-389.325
41866,-391.625
41867,-393.825
41868,-396.175
41869,-398.575
41870,-390.125
41871,-392.975
41872,-394.750
41873,-396.925
41874,-399.875
41875,-402.150
41876,-393.825
41877,-395.775
41878,-398.525
41879,-401.050
41880,-403.175
41881,-405.175
41882,-397.625
41883,-399.425
41884,-401.750
41885,-404.450
41886,-406.600
41887,-383.075
41888,-400.500
41889,-403.300
41890,-405.225
41891,-381.875
41892,-384.300
41893,-386.175
41894,-404.250
41895,-406.375
41896,-383.175
41897,-385.600
41898,-387.975
41899,-405.025
41900,-382.325
41901,-384.525
41902,-386.725
41903,-388.850
41904,-391.300
41905,-383.075
41906,-385.200
41907,-387.450
41908,-389.950
41909,-392.375
41910,-394.200
41911,-386.775
41912,-388.875
41913,-391.500
41914,-393.675
41915,-395.475
41916,-398.275
41917,-389.475
41918,-392.050
41919,-394.575
41920,-396.925
41921,-399.050
41922,-391.075
41923,-393.300
41924,-395.975
41925,-398.150
41926,-400.075
41927,-402.775
41928,-394.175
41929,-396.825
41930,-399.525
41931,-401.350
41932,-403.875
41933,-406.100
41934,-398.325
41935,-400.550
41936,-402.675
41937,-404.575
41938,-381.525
41939,-383.350
41940,-401.550
41941,-403.625
41942,-406.325
41943,-382.650
41944,-384.900
41945,-377.075
41946,-405.225
41947,-381.550
41948,-383.800
41949,-386.000
41950,-388.000
41951,-406.325
41952,-382.800
41953,-385.175
41954,-387.025
41955,-389.225
41956,-391.825
41957,-383.575
41958,-385.700
41959,-388.000
41960,-390.700
41961,-392.925
41962,-395.325
41963,-387.200
41964,-389.425
41965,-391.700
41966,-394.350
41967,-396.550
41968,-398.575
41969,-390.600
41970,-393.100
41971,-395.375
41972,-397.375
41973,-399.750
41974,-392.100
41975,-394.150
41976,-396.675
41977,-398.625
41978,-401.100
41979,-403.100
41980,-395.725
41981,-397.325
41982,-399.725
41983,-402.325
41984,-404.400
41985,-381.450
41986,-398.750
41987,-401.250
41988,-403.225
41989,-405.550
41990,-382.175
41991,-384.150
41992,-402.375
41993,-404.100
41994,-380.900
41995,-383.200
41996,-385.225
41997,-403.000
41998,-405.500
41999,-382.125
42000,-384.075
42001,-386.300
42002,-389.475
42003,-381.400
42004,-383.075
42005,-385.750
42006,-388.050
42007,-390.500
42008,-392.250
42009,-384.850
42010,-387.000
42011,-389.050
42012,-391.625
42013,-393.875
42014,-395.825
42015,-388.100
42016,-390.550
42017,-392.900
42018,-394.575
42019,-396.925
42020,-399.475
42021,-391.075
42022,-393.975
42023,-396.350
42024,-397.925
42025,-400.850
42026,-392.700
42027,-395.250
42028,-397.450
42029,-399.475
42030,-401.850
42031,-404.000
42032,-396.050
42033,-398.375
42034,-400.825
42035,-403.050
42036,-404.850
42037,-381.375
42038,-399.675
42039,-402.000
42040,-404.050
42041,-406.375
42042,-383.175
42043,-385.125
42044,-402.575
42045,-405.175
42046,-382.125
42047,-384.350
42048,-386.400
42049,-403.800
42050,-405.975
42051,-383.175
42052,-385.300
42053,-387.200
42054,-389.625
42055,-381.975
42056,-384.375
42057,-386.525
42058,-388.500
42059,-391.025
42060,-393.650
42061,-385.650
42062,-387.500
42063,-389.925
42064,-392.225
42065,-394.700
42066,-396.475
42067,-388.375
42068,-391.075
42069,-393.100
42070,-395.675
42071,-397.375
42072,-390.250
42073,-392.050
42074,-394.300
42075,-396.775
42076,-399.125
42077,-401.000
42078,-393.200
42079,-395.825
42080,-397.575
42081,-400.125
42082,-402.500
42083,-405.025
42084,-396.325
42085,-399.250
42086,-401.500
42087,-403.625
42088,-405.625
42089,-382.175
42090,-399.850
42091,-402.425
42092,-405.050
42093,-381.550
42094,-383.625
42095,-386.175
42096,-403.875
42097,-406.175
42098,-382.500
42099,-384.950
42100,-387.375
42101,-405.025
42102,-381.150
42103,-383.650
42104,-385.850
42105,-387.875
42106,-390.400
42107,-382.800
42108,-385.075
42109,-387.200
42110,-389.575
42111,-391.450
42112,-393.850
42113,-386.000
42114,-388.575
42115,-390.450
42116,-392.875
42117,-395.150
42118,-397.225
42119,-388.900
42120,-391.550
42121,-394.250
42122,-396.050
42123,-398.725
42124,-390.800
42125,-392.900
42126,-395.325
42127,-397.225
42128,-399.850
42129,-402.125
42130,-394.475
42131,-396.575
42132,-398.825
42133,-400.725
42134,-402.850
42135,-405.225
42136,-397.225
42137,-399.625
42138,-401.950
42139,-404.575
42140,-406.900
42141,-383.575
42142,-401.200
42143,-402.750
42144,-405.800
42145,-382.050
42146,-384.100
42147,-402.175
42148,-404.700
42149,-406.500
42150,-383.525
42151,-385.200
42152,-387.850
42153,-405.300
42154,-382.125
42155,-383.950
42156,-386.850
42157,-388.450
42158,-391.325
42159,-383.200
42160,-385.125
42161,-387.650
42162,-390.450
42163,-392.550
42164,-394.750
42165,-386.475
42166,-388.925
42167,-391.200
42168,-393.250
42169,-396.075
42170,-398.050
42171,-390.325
42172,-392.550
42173,-394.875
42174,-396.875
42175,-399.225
42176,-391.150
42177,-393.200
42178,-395.475
42179,-398.425
42180,-400.375
42181,-402.950
42182,-395.000
42183,-397.325
42184,-399.025
42185,-401.850
42186,-404.100
42187,-406.000
42188,-397.925
42189,-400.375
42190,-403.100
42191,-404.650
42192,-381.250
42193,-384.200
42194,-401.500
42195,-404.100
42196,-405.800
42197,-382.725
42198,-385.325
42199,-403.100
42200,-405.075
42201,-381.225
42202,-384.075
42203,-386.525
42204,-388.350
42205,-406.650
42206,-382.525
42207,-385.075
42208,-387.525
42209,-389.250
42210,-391.575
42211,-383.675
42212,-386.175
42213,-388.600
42214,-390.600
42215,-392.925
42216,-395.625
42217,-387.050
42218,-389.975
42219,-391.600
42220,-394.400
42221,-396.825
42222,-388.875
42223,-390.975
42224,-393.300
42225,-395.425
42226,-397.175
42227,-399.725
42228,-392.200
42229,-394.250
42230,-396.800
42231,-398.850
42232,-401.250
42233,-403.700
42234,-395.725
42235,-397.675
42236,-400.250
42237,-402.100
42238,-404.200
42239,-381.300
42240,-398.375
42241,-401.450
42242,-403.675
42243,-405.925
42244,-381.975
42245,-384.250
42246,-402.575
42247,-404.250
42248,-381.175
42249,-383.475
42250,-385.925
42251,-403.700
42252,-406.100
42253,-382.350
42254,-385.075
42255,-387.250
42256,-389.600
42257,-381.500
42258,-383.800
42259,-385.525
42260,-387.975
42261,-390.500
42262,-393.025
42263,-385.150
42264,-387.100
42265,-389.250
42266,-391.550
42267,-393.925
42268,-395.750
42269,-388.400
42270,-390.500
42271,-392.775
42272,-394.700
42273,-397.325
42274,-389.225
42275,-391.200
42276,-394.175
42277,-396.450
42278,-398.275
42279,-400.750
42280,-392.375
42281,-394.600
42282,-397.150
42283,-399.425
42284,-401.700
42285,-404.350
42286,-396.275
42287,-398.675
42288,-400.750
42289,-403.175
42290,-405.175
42291,-382.250
42292,-399.275
42293,-402.150
42294,-404.150
42295,-406.500
42296,-382.775
42297,-401.050
42298,-403.300
42299,-405.125
42300,-382.250
42301,-384.400
42302,-386.625
42303,-404.450
42304,-406.375
42305,-382.800
42306,-385.575
42307,-387.525
42308,-390.275
42309,-381.975
42310,-384.200
42311,-386.675
42312,-388.700
42313,-391.425
42314,-393.150
42315,-385.425
42316,-387.950
42317,-390.300
42318,-392.100
42319,-394.075
42320,-396.675
42321,-388.600
42322,-390.975
42323,-393.025
42324,-395.550
42325,-397.925
42326,-389.850
42327,-392.200
42328,-394.925
42329,-397.150
42330,-399.425
42331,-401.300
42332,-393.525
42333,-395.550
42334,-397.650
42335,-400.250
42336,-402.525
42337,-405.175
42338,-396.450
42339,-398.825
42340,-401.700
42341,-403.875
42342,-406.275
42343,-382.450
42344,-399.875
42345,-402.275
42346,-405.125
42347,-381.875
42348,-383.625
42349,-401.525
42350,-403.675
42351,-406.075
42352,-382.650
42353,-384.500
42354,-387.450
42355,-405.175
42356,-381.500
42357,-384.100
42358,-386.250
42359,-388.600
42360,-390.550
42361,-382.800
42362,-384.950
42363,-387.375
42364,-389.775
42365,-391.675
42366,-394.400
42367,-385.750
42368,-388.025
42369,-390.925
42370,-393.075
42371,-395.325
42372,-386.925
42373,-389.700
42374,-391.700
42375,-394.175
42376,-395.925
42377,-398.850
42378,-390.550
42379,-393.275
42380,-395.125
42381,-397.475
42382,-399.825
42383,-401.950
42384,-394.275
42385,-396.325
42386,-398.675
42387,-400.600
42388,-403.150
42389,-405.450
42390,-397.375
42391,-399.550
42392,-401.850
42393,-404.700
42394,-381.150
42395,-383.650
42396,-400.800
42397,-402.900
42398,-405.500
42399,-382.300
42400,-384.375
42401,-402.125
42402,-404.700
42403,-406.950
42404,-383.750
42405,-385.575
42406,-387.700
42407,-405.525
42408,-382.675
42409,-384.750
42410,-386.975
42411,-389.150
42412,-391.225
42413,-383.125
42414,-385.650
42415,-387.925
42416,-389.875
42417,-392.150
42418,-394.700
42419,-386.925
42420,-389.325
42421,-391.300
42422,-393.650
42423,-395.875
42424,-387.600
42425,-390.375
42426,-392.900
42427,-394.600
42428,-397.375
42429,-399.375
42430,-391.625
42431,-394.025
42432,-396.350
42433,-398.525
42434,-400.325
42435,-402.725
42436,-395.125
42437,-397.325
42438,-399.675
42439,-402.050
42440,-403.800
42441,-406.550
42442,-398.225
42443,-400.575
42444,-403.175
42445,-405.450
42446,-382.125
42447,-374.225
42448,-401.925
42449,-404.175
42450,-405.800
42451,-383.250
42452,-385.150
42453,-402.950
42454,-405.500
42455,-381.775
42456,-384.200
42457,-386.175
42458,-388.875
42459,-405.975
42460,-382.975
42461,-385.400
42462,-387.200
42463,-390.150
42464,-391.950
42465,-384.350
42466,-386.550
42467,-388.975
42468,-390.800
42469,-393.550
42470,-395.650
42471,-387.925
42472,-390.050
42473,-392.275
42474,-394.250
42475,-396.650
42476,-388.750
42477,-390.900
42478,-392.900
42479,-395.375
42480,-397.775
42481,-399.675
42482,-392.400
42483,-394.400
42484,-396.725
42485,-398.550
42486,-401.550
42487,-403.100
42488,-395.550
42489,-397.825
42490,-399.925
42491,-402.325
42492,-404.400
42493,-381.350
42494,-398.575
42495,-400.850
42496,-403.350
42497,-405.800
42498,-382.600
42499,-400.175
42500,-402.500
42501,-404.400
42502,-381.400
42503,-383.200
42504,-385.850
42505,-403.375
42506,-405.800
42507,-382.200
42508,-384.425
42509,-386.475
42510,-389.650
42511,-381.400
42512,-383.750
42513,-386.125
42514,-388.425
42515,-390.725
42516,-393.175
42517,-385.000
42518,-386.800
42519,-389.575
42520,-391.950
42521,-393.750
42522,-386.250
42523,-388.525
42524,-390.875
42525,-392.525
42526,-394.875
42527,-397.550
42528,-389.225
42529,-391.725
42530,-393.550
42531,-396.475
42532,-398.425
42533,-400.600
42534,-393.025
42535,-395.325
42536,-397.225
42537,-399.775
42538,-401.750
42539,-403.900
42540,-396.125
42541,-398.775
42542,-400.850
42543,-403.325
42544,-405.325
42545,-382.450
42546,-400.175
42547,-401.800
42548,-404.250
42549,-406.475
42550,-383.125
42551,-401.150
42552,-403.225
42553,-405.275
42554,-382.075
42555,-384.175
42556,-386.475
42557,-404.550
42558,-406.375
42559,-383.200
42560,-385.800
42561,-387.375
42562,-390.175
42563,-382.050
42564,-384.500
42565,-386.400
42566,-389.200
42567,-391.325
42568,-393.400
42569,-385.750
42570,-387.625
42571,-389.675
42572,-392.200
42573,-394.875
42574,-386.850
42575,-389.100
42576,-391.150
42577,-393.825
42578,-395.375
42579,-398.225
42580,-390.075
42581,-392.325
42582,-395.000
42583,-397.175
42584,-399.575
42585,-401.750
42586,-393.775
42587,-395.975
42588,-398.150
42589,-400.650
42590,-402.500
42591,-405.225
42592,-397.025
42593,-399.525
42594,-401.125
42595,-403.625
42596,-406.025
42597,-382.700
42598,-400.650
42599,-402.525
42600,-404.575
42601,-382.050
42602,-384.075
42603,-401.500
42604,-403.625
42605,-406.075
42606,-382.675
42607,-385.075
42608,-387.500
42609,-405.175
42610,-381.250
42611,-384.150
42612,-386.525
42613,-388.000
42614,-390.600
42615,-383.125
42616,-385.225
42617,-387.150
42618,-389.675
42619,-391.875
42620,-394.275
42621,-386.125
42622,-388.675
42623,-390.875
42624,-392.800
42625,-395.375
42626,-386.850
42627,-389.400
42628,-391.975
42629,-394.450
42630,-396.475
42631,-398.375
42632,-390.600
42633,-393.200
42634,-395.225
42635,-397.575
42636,-399.975
42637,-402.125
42638,-393.925
42639,-396.225
42640,-398.975
42641,-401.375
42642,-403.300
42643,-405.700
42644,-397.650
42645,-399.850
42646,-402.500
42647,-404.875
42648,-380.825
42649,-398.750
42650,-401.400
42651,-403.375
42652,-405.500
42653,-382.700
42654,-384.400
42655,-402.175
42656,-404.250
42657,-381.225
42658,-383.350
42659,-386.150
42660,-388.250
42661,-405.800
42662,-382.525
42663,-384.625
42664,-386.600
42665,-388.700
42666,-391.350
42667,-383.650
42668,-386.000
42669,-387.825
42670,-390.725
42671,-392.525
42672,-394.575
42673,-386.775
42674,-389.200
42675,-391.800
42676,-394.075
42677,-396.125
42678,-387.600
42679,-390.550
42680,-392.500
42681,-395.125
42682,-397.075
42683,-399.350
42684,-391.350
42685,-394.025
42686,-396.125
42687,-398.525
42688,-400.850
42689,-403.100
42690,-394.850
42691,-396.825
42692,-399.725
42693,-401.800
42694,-404.400
42695,-406.425
42696,-398.225
42697,-400.500
42698,-403.175
42699,-405.050
42700,-381.775
42701,-399.575
42702,-401.850
42703,-404.400
42704,-406.675
42705,-383.475
42706,-385.575
42707,-403.175
42708,-404.950
42709,-381.625
42710,-384.150
42711,-386.475
42712,-388.625
42713,-406.775
42714,-382.975
42715,-385.275
42716,-387.375
42717,-389.725
42718,-392.275
42719,-383.850
42720,-386.550
42721,-389.150
42722,-391.325
42723,-393.400
42724,-385.325
42725,-387.850
42726,-389.400
42727,-392.550
42728,-394.875
42729,-396.825
42730,-389.125
42731,-390.925
42732,-393.100
42733,-395.450
42734,-397.925
42735,-400.550
42736,-392.400
42737,-394.550
42738,-396.525
42739,-399.275
42740,-401.200
42741,-403.550
42742,-395.775
42743,-397.650
42744,-400.500
42745,-402.175
42746,-404.550
42747,-381.400
42748,-398.950
42749,-401.650
42750,-404.000
42751,-405.625
42752,-383.025
42753,-400.350
42754,-402.625
42755,-405.125
42756,-381.500
42757,-383.625
42758,-386.150
42759,-403.600
42760,-406.225
42761,-382.600
42762,-385.200
42763,-387.375
42764,-389.575
42765,-381.600
42766,-383.775
42767,-385.925
42768,-388.600
42769,-390.800
42770,-393.175
42771,-384.950
42772,-387.500
42773,-389.325
42774,-391.925
42775,-393.950
42776,-386.025
42777,-388.175
42778,-390.925
42779,-393.075
42780,-395.475
42781,-397.775
42782,-389.100
42783,-391.450
42784,-393.925
42785,-396.475
42786,-398.850
42787,-400.800
42788,-392.975
42789,-395.475
42790,-397.425
42791,-399.675
42792,-402.100
42793,-404.375
42794,-396.050
42795,-398.525
42796,-401.150
42797,-403.175
42798,-405.550
42799,-397.275
42800,-399.975
42801,-402.000
42802,-404.500
42803,-381.150
42804,-383.525
42805,-400.800
42806,-402.850
42807,-405.875
42808,-382.250
42809,-384.450
42810,-386.475
42811,-404.375
42812,-381.300
42813,-383.650
42814,-385.750
42815,-387.375
42816,-389.875
42817,-382.600
42818,-384.350
42819,-386.975
42820,-389.425
42821,-391.425
42822,-393.950
42823,-385.650
42824,-388.000
42825,-390.225
42826,-392.550
42827,-395.000
42828,-387.025
42829,-389.325
42830,-391.175
42831,-393.625
42832,-396.300
42833,-398.675
42834,-390.525
42835,-392.725
42836,-394.650
42837,-397.125
42838,-399.550
42839,-401.850
42840,-394.025
42841,-395.675
42842,-398.550
42843,-400.425
42844,-402.525
42845,-405.275
42846,-397.475
42847,-399.650
42848,-401.900
42849,-403.950
42850,-406.275
42851,-398.575
42852,-400.825
42853,-402.775
42854,-405.350
42855,-381.500
42856,-383.975
42857,-401.750
42858,-403.675
42859,-405.875
42860,-382.725
42861,-385.375
42862,-387.725
42863,-404.750
42864,-381.450
42865,-383.900
42866,-386.600
42867,-388.325
42868,-391.200
42869,-382.825
42870,-385.200
42871,-387.200
42872,-389.950
42873,-391.875
42874,-383.975
42875,-386.175
42876,-389.025
42877,-391.325
42878,-393.200
42879,-395.575
42880,-387.575
42881,-389.675
42882,-392.400
42883,-394.475
42884,-396.475
42885,-398.575
42886,-391.225
42887,-392.900
42888,-395.750
42889,-397.975
42890,-399.625
42891,-402.175
42892,-394.550
42893,-396.925
42894,-398.850
42895,-401.525
42896,-403.450
42897,-405.350
42898,-397.625
42899,-400.000
42900,-402.550
42901,-404.175
42902,-381.275
42903,-398.975
42904,-401.375
42905,-403.650
42906,-406.125
42907,-382.600
42908,-384.850
42909,-402.425
42910,-404.350
42911,-381.450
42912,-383.625
42913,-386.025
42914,-387.975
42915,-406.000
42916,-382.125
42917,-384.600
42918,-387.175
42919,-389.150
42920,-391.400
42921,-383.550
42922,-386.125
42923,-388.325
42924,-390.375
42925,-392.875
42926,-384.650
42927,-387.200
42928,-388.950
42929,-391.200
42930,-393.875
42931,-396.575
42932,-388.275
42933,-390.825
42934,-393.150
42935,-395.025
42936,-397.575
42937,-399.550
42938,-391.400
42939,-393.875
42940,-396.125
42941,-398.750
42942,-401.100
42943,-402.775
42944,-395.000
42945,-396.825
42946,-400.025
42947,-402.050
42948,-404.200
42949,-395.875
42950,-398.275
42951,-401.100
42952,-403.350
42953,-405.450
42954,-382.350
42955,-399.975
42956,-402.225
42957,-404.600
42958,-406.200
42959,-383.300
42960,-385.475
42961,-403.050
42962,-405.325
42963,-382.325
42964,-384.450
42965,-386.800
42966,-389.050
42967,-406.875
42968,-383.475
42969,-385.575
42970,-387.625
42971,-389.600
42972,-392.375
42973,-384.275
42974,-386.700
42975,-388.800
42976,-390.875
42977,-393.625
42978,-385.075
42979,-388.075
42980,-390.275
42981,-392.150
42982,-394.800
42983,-396.800
42984,-389.100
42985,-391.075
42986,-393.650
42987,-396.075
42988,-398.075
42989,-399.950
42990,-392.525
42991,-394.875
42992,-396.800
42993,-399.425
42994,-401.575
42995,-403.600
42996,-396.075
42997,-397.775
42998,-400.225
42999,-402.550
43000,-404.650
43001,-396.975
43002,-399.550
43003,-401.525
43004,-403.750
43005,-406.375
43006,-382.600
43007,-400.075
43008,-402.525
43009,-404.925
43010,-381.450
43011,-383.725
43012,-386.000
43013,-403.800
43014,-405.925
43015,-382.725
43016,-384.900
43017,-387.500
43018,-389.650
43019,-381.625
43020,-383.475
43021,-386.250
43022,-388.275
43023,-390.400
43024,-382.975
43025,-385.375
43026,-387.150
43027,-389.475
43028,-392.325
43029,-394.025
43030,-386.525
43031,-388.525
43032,-390.400
43033,-393.075
43034,-395.050
43035,-397.875
43036,-389.525
43037,-392.100
43038,-394.475
43039,-396.275
43040,-398.625
43041,-400.850
43042,-393.350
43043,-395.525
43044,-397.625
43045,-399.675
43046,-402.100
43047,-404.500
43048,-396.825
43049,-398.775
43050,-401.250
43051,-403.050
43052,-405.700
43053,-397.650
43054,-399.825
43055,-402.375
43056,-404.275
43057,-380.850
43058,-383.750
43059,-401.400
43060,-403.150
43061,-406.025
43062,-382.725
43063,-384.500
43064,-386.900
43065,-404.475
43066,-381.275
43067,-383.025
43068,-385.800
43069,-387.825
43070,-390.650
43071,-382.550
43072,-384.675
43073,-386.800
43074,-389.475
43075,-391.575
43076,-383.800
43077,-385.575
43078,-387.800
43079,-390.225
43080,-392.725
43081,-395.150
43082,-386.925
43083,-389.500
43084,-391.675
43085,-394.075
43086,-396.350
43087,-398.575
43088,-390.500
43089,-392.225
43090,-394.650
43091,-397.025
43092,-399.375
43093,-401.900
43094,-393.650
43095,-396.125
43096,-397.975
43097,-401.050
43098,-403.000
43099,-395.125
43100,-397.625
43101,-399.625
43102,-401.450
43103,-404.175
43104,-406.750
43105,-398.175
43106,-400.275
43107,-403.000
43108,-405.450
43109,-382.050
43110,-384.300
43111,-402.125
43112,-403.850
43113,-406.650
43114,-382.775
43115,-385.425
43116,-387.275
43117,-405.275
43118,-381.750
43119,-384.300
43120,-386.175
43121,-388.900
43122,-390.925
43123,-382.925
43124,-385.425
43125,-387.650
43126,-389.850
43127,-392.525
43128,-384.150
43129,-386.475
43130,-388.700
43131,-391.350
43132,-393.200
43133,-395.475
43134,-387.200
43135,-389.700
43136,-392.400
43137,-394.200
43138,-396.575
43139,-398.775
43140,-391.425
43141,-393.300
43142,-395.175
43143,-398.225
43144,-400.575
43145,-402.100
43146,-394.500
43147,-396.925
43148,-399.100
43149,-401.000
43150,-403.125
43151,-395.725
43152,-397.950
43153,-400.450
43154,-402.050
43155,-404.700
43156,-381.500
43157,-398.650
43158,-401.575
43159,-403.550
43160,-405.550
43161,-382.550
43162,-384.600
43163,-402.725
43164,-405.175
43165,-381.725
43166,-383.350
43167,-385.525
43168,-388.175
43169,-405.900
43170,-382.600
43171,-385.150
43172,-387.250
43173,-389.225
43174,-381.775
43175,-384.050
43176,-386.375
43177,-388.000
43178,-390.375
43179,-392.550
43180,-384.800
43181,-386.925
43182,-389.325
43183,-391.350
43184,-394.375
43185,-395.925
43186,-388.425
43187,-390.450
43188,-392.725
43189,-394.800
43190,-397.675
43191,-399.975
43192,-392.150
43193,-393.950
43194,-395.925
43195,-398.775
43196,-401.025
43197,-403.350
43198,-395.625
43199,-397.750
43200,-399.575
43201,-402.275
43202,-404.150
43203,-396.475
43204,-398.625
43205,-400.950
43206,-403.000
43207,-405.450
43208,-382.450
43209,-399.775
43210,-402.225
43211,-404.300
43212,-380.675
43213,-383.475
43214,-385.325
43215,-403.050
43216,-405.500
43217,-382.175
43218,-384.000
43219,-386.250
43220,-388.800
43221,-381.100
43222,-383.725
43223,-385.750
43224,-388.000
43225,-389.775
43226,-382.450
43227,-384.550
43228,-386.300
43229,-389.225
43230,-391.500
43231,-393.850
43232,-385.925
43233,-388.100
43234,-389.950
43235,-392.525
43236,-394.750
43237,-397.125
43238,-388.500
43239,-391.550
43240,-393.850
43241,-395.525
43242,-397.850
43243,-400.125
43244,-392.225
43245,-394.700
43246,-396.900
43247,-399.675
43248,-401.250
43249,-404.300
43250,-395.850
43251,-398.525
43252,-400.450
43253,-403.175
43254,-405.225
43255,-397.025
43256,-399.575
43257,-402.050
43258,-404.275
43259,-406.550
43260,-382.950
43261,-400.950
43262,-403.175
43263,-405.100
43264,-381.750
43265,-384.000
43266,-386.150
43267,-404.250
43268,-406.475
43269,-383.050
43270,-384.850
43271,-387.650
43272,-389.425
43273,-382.075
43274,-383.750
43275,-386.600
43276,-388.750
43277,-390.450
43278,-382.975
43279,-385.275
43280,-387.400
43281,-389.825
43282,-391.800
43283,-394.575
43284,-386.600
43285,-388.850
43286,-391.225
43287,-393.300
43288,-395.775
43289,-398.025
43290,-389.975
43291,-392.150
43292,-394.175
43293,-396.925
43294,-399.175
43295,-401.200
43296,-392.775
43297,-395.000
43298,-397.975
43299,-399.975
43300,-402.350
43301,-394.550
43302,-396.650
43303,-398.625
43304,-401.000
43305,-403.750
43306,-405.925
43307,-397.375
43308,-399.925
43309,-402.125
43310,-404.925
43311,-381.000
43312,-383.550
43313,-401.050
43314,-403.175
43315,-405.800
43316,-382.700
43317,-385.000
43318,-387.325
43319,-404.350
43320,-381.600
43321,-383.250
43322,-385.975
43323,-387.950
43324,-390.325
43325,-382.800
43326,-384.750
43327,-386.850
43328,-389.050
43329,-391.450
43330,-383.175
43331,-385.700
43332,-388.475
43333,-390.825
43334,-392.925
43335,-394.600
43336,-386.975
43337,-389.500
43338,-391.725
43339,-393.575
43340,-396.550
43341,-398.675
43342,-390.725
43343,-392.700
43344,-394.850
43345,-397.625
43346,-399.675
43347,-401.925
43348,-393.775
43349,-396.225
43350,-398.050
43351,-400.525
43352,-403.050
43353,-395.250
43354,-397.375
43355,-399.425
43356,-401.850
43357,-404.475
43358,-406.475
43359,-398.525
43360,-400.500
43361,-402.575
43362,-405.650
43363,-382.125
43364,-384.550
43365,-401.525
43366,-404.000
43367,-406.375
43368,-383.550
43369,-385.275
43370,-387.500
43371,-404.950
43372,-381.825
43373,-384.050
43374,-386.300
43375,-388.775
43376,-406.825
43377,-383.475
43378,-385.650
43379,-387.175
43380,-390.250
43381,-392.050
43382,-384.475
43383,-386.725
43384,-389.025
43385,-391.450
43386,-393.550
43387,-396.025
43388,-387.800
43389,-389.675
43390,-392.325
43391,-394.800
43392,-396.825
43393,-398.950
43394,-391.550
43395,-393.175
43396,-395.875
43397,-398.275
43398,-400.350
43399,-402.650
43400,-394.875
43401,-396.825
43402,-399.250
43403,-401.650
43404,-404.150
43405,-395.725
43406,-398.175
43407,-400.350
43408,-402.225
43409,-405.125
43410,-381.750
43411,-398.825
43412,-401.250
43413,-403.750
43414,-406.375
43415,-382.825
43416,-384.875
43417,-402.950
43418,-404.925
43419,-381.825
43420,-383.875
43421,-386.175
43422,-388.600
43423,-406.500
43424,-382.825
43425,-384.950
43426,-386.925
43427,-389.925
43428,-381.625
43429,-384.175
43430,-386.300
43431,-388.400
43432,-390.600
43433,-393.175
43434,-385.425
43435,-386.925
43436,-389.350
43437,-391.675
43438,-394.375
43439,-396.225
43440,-388.075
43441,-390.500
43442,-392.775
43443,-395.150
43444,-397.175
43445,-399.925
43446,-392.000
43447,-394.025
43448,-396.550
43449,-398.850
43450,-401.050
43451,-392.650
43452,-395.250
43453,-397.650
43454,-399.775
43455,-402.450
43456,-404.700
43457,-396.825
43458,-398.675
43459,-401.200
43460,-403.300
43461,-405.300
43462,-382.425
43463,-400.175
43464,-402.275
43465,-404.600
43466,-381.450
43467,-383.275
43468,-385.925
43469,-403.625
43470,-405.550
43471,-382.450
43472,-384.875
43473,-386.600
43474,-388.900
43475,-381.550
43476,-383.300
43477,-385.925
43478,-387.950
43479,-390.625
43480,-382.650
43481,-384.775
43482,-386.975
43483,-389.350
43484,-391.575
43485,-393.750
43486,-385.925
43487,-388.225
43488,-389.975
43489,-392.375
43490,-395.050
43491,-396.875
43492,-388.825
43493,-391.775
43494,-394.125
43495,-396.225
43496,-398.450
43497,-400.750
43498,-392.525
43499,-395.225
43500,-397.225
43501,-399.825
43502,-402.050
43503,-393.725
43504,-396.175
43505,-397.975
43506,-400.550
43507,-403.050
43508,-405.175
43509,-396.875
43510,-399.750
43511,-401.750
43512,-404.175
43513,-406.500
43514,-382.925
43515,-400.375
43516,-402.900
43517,-404.825
43518,-381.825
43519,-383.800
43520,-386.675
43521,-404.375
43522,-406.325
43523,-382.725
43524,-385.575
43525,-387.725
43526,-405.500
43527,-381.600
43528,-384.175
43529,-386.675
43530,-389.050
43531,-390.825
43532,-382.700
43533,-385.225
43534,-387.400
43535,-389.750
43536,-392.400
43537,-394.275
43538,-386.800
43539,-389.025
43540,-390.975
43541,-393.175
43542,-395.875
43543,-397.975
43544,-389.775
43545,-391.875
43546,-394.650
43547,-397.075
43548,-398.950
43549,-401.125
43550,-393.725
43551,-395.475
43552,-397.825
43553,-400.275
43554,-402.775
43555,-394.300
43556,-396.550
43557,-399.175
43558,-401.050
43559,-403.300
43560,-405.800
43561,-398.250
43562,-400.525
43563,-402.325
43564,-404.700
43565,-381.550
43566,-383.950
43567,-401.575
43568,-403.350
43569,-406.275
43570,-382.925
43571,-385.075
43572,-386.825
43573,-404.725
43574,-381.050
43575,-383.525
43576,-385.900
43577,-388.275
43578,-405.575
43579,-382.600
43580,-384.400
43581,-387.300
43582,-389.525
43583,-391.700
43584,-383.350
43585,-386.025
43586,-388.000
43587,-390.725
43588,-392.975
43589,-394.700
43590,-387.500
43591,-389.775
43592,-392.150
43593,-394.150
43594,-396.575
43595,-398.825
43596,-390.725
43597,-393.025
43598,-395.550
43599,-397.250
43600,-399.775
43601,-392.150
43602,-393.850
43603,-396.225
43604,-398.525
43605,-401.200
43606,-403.000
43607,-395.475
43608,-397.650
43609,-399.525
43610,-402.250
43611,-404.150
43612,-406.650
43613,-398.975
43614,-400.725
43615,-403.050
43616,-405.300
43617,-382.075
43618,-384.675
43619,-402.175
43620,-404.650
43621,-406.700
43622,-383.525
43623,-385.275
43624,-388.150
43625,-405.125
43626,-382.300
43627,-384.500
43628,-386.550
43629,-388.950
43630,-381.175
43631,-383.275
43632,-385.825
43633,-387.450
43634,-390.050
43635,-392.650
43636,-384.150
43637,-386.625
43638,-388.875
43639,-391.300
43640,-393.375
43641,-395.925
43642,-387.825
43643,-390.550
43644,-392.725
43645,-395.025
43646,-396.825
43647,-399.575
43648,-391.075
43649,-393.450
43650,-396.225
43651,-398.350
43652,-400.325
43653,-392.325
43654,-395.125
43655,-396.875
43656,-399.200
43657,-401.550
43658,-403.850
43659,-396.125
43660,-398.250
43661,-400.225
43662,-402.850
43663,-404.850
43664,-381.675
43665,-399.625
43666,-401.800
43667,-403.750
43668,-406.275
43669,-382.550
43670,-385.225
43671,-403.050
43672,-404.825
43673,-382.050
43674,-383.900
43675,-385.800
43676,-378.650
43677,-406.100
43678,-382.875
43679,-385.000
43680,-387.725
43681,-389.975
43682,-381.650
43683,-384.100
43684,-386.150
43685,-388.425
43686,-391.075
43687,-392.975
43688,-385.425
43689,-386.925
43690,-389.750
43691,-391.550
43692,-394.375
43693,-396.675
43694,-388.775
43695,-390.725
43696,-393.075
43697,-395.650
43698,-397.825
43699,-400.250
43700,-391.825
43701,-394.125
43702,-396.125
43703,-398.725
43704,-401.200
43705,-393.025
43706,-395.125
43707,-397.575
43708,-399.950
43709,-402.275
43710,-404.550
43711,-396.325
43712,-398.475
43713,-401.250
43714,-403.600
43715,-405.550
43716,-382.650
43717,-400.175
43718,-402.225
43719,-405.025
43720,-381.600
43721,-383.575
43722,-385.650
43723,-403.175
43724,-406.000
43725,-382.400
43726,-384.450
43727,-387.250
43728,-404.400
43729,-381.275
43730,-383.275
43731,-386.075
43732,-387.850
43733,-390.625
43734,-382.675
43735,-385.075
43736,-386.850
43737,-389.100
43738,-391.575
43739,-393.950
43740,-385.650
43741,-387.800
43742,-390.275
43743,-392.600
43744,-394.925
43745,-397.525
43746,-389.025
43747,-391.450
43748,-393.850
43749,-396.275
43750,-398.775
43751,-390.875
43752,-392.975
43753,-394.725
43754,-397.475
43755,-399.925
43756,-402.050
43757,-393.575
43758,-396.425
43759,-398.775
43760,-400.800
43761,-403.225
43762,-405.575
43763,-397.025
43764,-399.825
43765,-401.400
43766,-404.400
43767,-406.375
43768,-382.975
43769,-400.575
43770,-402.750
43771,-405.300
43772,-382.350
43773,-384.600
43774,-386.475
43775,-404.300
43776,-406.750
43777,-383.175
43778,-385.525
43779,-387.375
43780,-405.025
43781,-382.125
43782,-383.975
43783,-386.725
43784,-388.500
43785,-391.250
43786,-383.175
43787,-385.700
43788,-387.775
43789,-390.325
43790,-392.100
43791,-394.075
43792,-386.600
43793,-388.950
43794,-391.250
43795,-393.475
43796,-395.925
43797,-397.675
43798,-390.325
43799,-392.275
43800,-394.575
43801,-397.225
43802,-398.975
43803,-390.725
43804,-393.625
43805,-395.375
43806,-398.350
43807,-400.600
43808,-402.550
43809,-395.025
43810,-396.725
43811,-398.775
43812,-401.250
43813,-403.850
43814,-406.275
43815,-398.125
43816,-400.175
43817,-402.175
43818,-404.775
43819,-381.875
43820,-383.975
43821,-401.750
43822,-403.700
43823,-406.125
43824,-382.975
43825,-385.075
43826,-377.400
43827,-405.125
43828,-381.675
43829,-383.950
43830,-386.400
43831,-387.950
43832,-406.200
43833,-383.125
43834,-384.700
43835,-386.675
43836,-389.575
43837,-391.675
43838,-383.550
43839,-386.400
43840,-388.075
43841,-390.825
43842,-393.200
43843,-395.150
43844,-386.925
43845,-389.875
43846,-392.275
43847,-393.775
43848,-396.125
43849,-398.875
43850,-390.800
43851,-393.150
43852,-394.850
43853,-397.450
43854,-399.675
43855,-392.200
43856,-394.125
43857,-396.375
43858,-398.825
43859,-401.150
43860,-403.475
43861,-395.375
43862,-397.550
43863,-400.000
43864,-401.900
43865,-404.700
43866,-381.175
43867,-398.450
43868,-400.800
43869,-403.300
43870,-405.350
43871,-382.400
43872,-384.650
43873,-402.525
43874,-403.975
43875,-381.225
43876,-383.300
43877,-385.475
43878,-403.550
43879,-405.175
43880,-381.975
43881,-384.350
43882,-386.725
43883,-389.025
43884,-381.075
43885,-383.275
43886,-385.525
43887,-387.925
43888,-390.550
43889,-392.425
43890,-384.350
43891,-386.850
43892,-388.575
43893,-391.700
43894,-394.025
43895,-396.325
43896,-388.100
43897,-390.225
43898,-392.450
43899,-394.700
43900,-397.125
43901,-399.475
43902,-391.350
43903,-393.450
43904,-395.775
43905,-398.575
43906,-400.950
43907,-392.325
43908,-394.850
43909,-397.025
43910,-399.225
43911,-401.950
43912,-403.975
43913,-395.875
43914,-398.525
43915,-400.600
43916,-402.850
43917,-404.975
43918,-382.175
43919,-399.750
43920,-402.100
43921,-404.175
43922,-406.325
43923,-382.675
43924,-385.150
43925,-403.325
43926,-404.875
43927,-382.075
43928,-383.950
43929,-386.675
43930,-403.975
43931,-406.275
43932,-382.900
43933,-385.000
43934,-387.800
43935,-390.125
43936,-382.025
43937,-383.850
43938,-386.625
43939,-388.675
43940,-390.975
43941,-393.525
43942,-385.075
43943,-387.775
43944,-390.225
43945,-392.550
43946,-394.025
43947,-396.400
43948,-388.500
43949,-391.025
43950,-393.400
43951,-395.750
43952,-398.150
43953,-389.500
43954,-392.500
43955,-394.500
43956,-396.975
43957,-398.850
43958,-400.900
43959,-393.650
43960,-395.650
43961,-397.875
43962,-400.075
43963,-402.550
43964,-404.750
43965,-396.875
43966,-399.250
43967,-401.700
43968,-404.000
43969,-405.975
43970,-382.600
43971,-400.075
43972,-402.450
43973,-404.775
43974,-381.450
43975,-383.350
43976,-385.925
43977,-403.675
43978,-405.650
43979,-382.650
43980,-384.425
43981,-387.000
43982,-404.575
43983,-381.275
43984,-383.875
43985,-386.125
43986,-388.450
43987,-390.875
43988,-382.425
43989,-384.600
43990,-386.925
43991,-389.425
43992,-392.050
43993,-394.050
43994,-385.800
43995,-388.000
43996,-390.550
43997,-392.825
43998,-395.050
43999,-397.175
44000,-389.525
44001,-391.725
44002,-394.125
44003,-396.275
44004,-398.750
44005,-390.500
44006,-393.275
44007,-395.175
44008,-397.725
44009,-399.425
44010,-402.000
44011,-393.875
44012,-396.425
44013,-398.575
44014,-401.100
44015,-403.175
44016,-405.525
44017,-397.575
44018,-399.875
44019,-402.225
44020,-403.875
44021,-406.375
44022,-382.900
44023,-400.850
44024,-403.125
44025,-405.750
44026,-382.125
44027,-384.600
44028,-402.250
44029,-404.250
44030,-380.875
44031,-383.475
44032,-385.725
44033,-388.150
44034,-405.525
44035,-382.125
44036,-384.600
44037,-386.925
44038,-388.975
44039,-391.200
44040,-383.575
44041,-385.525
44042,-388.100
44043,-390.025
44044,-392.550
44045,-394.550
44046,-386.825
44047,-389.050
44048,-390.975
44049,-393.625
44050,-395.675
44051,-398.125
44052,-390.425
44053,-392.150
44054,-394.575
44055,-396.725
44056,-399.625
44057,-391.625
44058,-393.950
44059,-395.525
44060,-397.775
44061,-400.800
44062,-402.650
44063,-394.750
44064,-396.775
44065,-399.550
44066,-401.850
44067,-404.100
44068,-406.075
44069,-397.975
44070,-400.250
44071,-403.025
44072,-405.125
44073,-381.875
44074,-384.150
44075,-401.925
44076,-403.900
44077,-406.100
44078,-382.900
44079,-384.750
44080,-403.150
44081,-405.325
44082,-381.825
44083,-383.950
44084,-386.350
44085,-388.250
44086,-405.900
44087,-383.125
44088,-385.075
44089,-387.575
44090,-389.875
44091,-391.575
44092,-384.250
44093,-386.175
44094,-388.275
44095,-391.200
44096,-392.725
44097,-395.375
44098,-387.100
44099,-389.950
44100,-392.275
44101,-394.175
44102,-396.925
44103,-388.875
44104,-390.700
44105,-393.550
44106,-395.525
44107,-397.375
44108,-400.275
44109,-392.325
44110,-394.475
44111,-396.125
44112,-399.100
44113,-401.125
44114,-403.550
44115,-395.775
44116,-398.050
44117,-399.625
44118,-401.950
44119,-404.600
44120,-381.350
44121,-398.675
44122,-400.925
44123,-403.225
44124,-405.425
44125,-382.700
44126,-384.900
44127,-402.450
44128,-404.625
44129,-381.450
44130,-383.625
44131,-385.700
44132,-403.325
44133,-405.850
44134,-382.650
44135,-384.900
44136,-386.525
44137,-389.150
44138,-381.550
44139,-383.875
44140,-386.025
44141,-387.800
44142,-389.950
44143,-392.525
44144,-384.625
44145,-387.100
44146,-389.100
44147,-391.500
44148,-393.850
44149,-396.050
44150,-388.100
44151,-390.500
44152,-392.975
44153,-395.000
44154,-397.325
44155,-388.875
44156,-391.175
44157,-394.125
44158,-396.400
44159,-398.325
44160,-400.825
44161,-392.625
44162,-394.650
44163,-397.550
44164,-399.175
44165,-401.575
44166,-404.400
44167,-396.175
44168,-398.425
44169,-400.850
44170,-402.850
44171,-405.075
44172,-382.225
44173,-399.350
44174,-402.100
44175,-403.875
44176,-406.275
44177,-383.125
44178,-401.000
44179,-402.775
44180,-405.625
44181,-381.950
44182,-384.300
44183,-386.775
44184,-403.975
44185,-406.125
44186,-382.975
44187,-385.075
44188,-387.975
44189,-390.250
44190,-382.050
44191,-384.550
44192,-386.325
44193,-388.750
44194,-390.800
44195,-392.925
44196,-385.375
44197,-387.600
44198,-389.525
44199,-392.225
44200,-394.125
44201,-397.075
44202,-388.825
44203,-391.125
44204,-393.775
44205,-395.650
44206,-397.925
44207,-389.875
44208,-392.200
44209,-394.600
44210,-396.775
44211,-398.775
44212,-401.375
44213,-393.100
44214,-395.675
44215,-397.925
44216,-400.075
44217,-402.775
44218,-404.975
44219,-396.975
44220,-399.375
44221,-401.375
44222,-403.775
44223,-406.200
44224,-382.600
44225,-400.250
44226,-402.950
44227,-404.750
44228,-381.450
44229,-383.550
44230,-401.450
44231,-403.650
44232,-405.625
44233,-382.500
44234,-384.975
44235,-387.375
44236,-405.025
44237,-381.550
44238,-383.950
44239,-386.300
44240,-388.500
44241,-390.650
44242,-382.450
44243,-384.750
44244,-387.250
44245,-389.625
44246,-391.775
44247,-394.150
44248,-385.700
44249,-387.875
44250,-390.375
44251,-392.800
44252,-395.125
44253,-387.175
44254,-389.475
44255,-391.925
44256,-393.825
44257,-396.575
44258,-398.375
44259,-390.500
44260,-392.800
44261,-395.325
44262,-397.425
44263,-400.075
44264,-402.350
44265,-394.275
44266,-396.725
44267,-399.125
44268,-401.050
44269,-403.325
44270,-405.525
44271,-397.825
44272,-399.975
44273,-402.450
44274,-404.775
44275,-381.050
44276,-383.075
44277,-400.650
44278,-403.150
44279,-405.875
44280,-382.400
44281,-384.450
44282,-402.275
44283,-404.450
44284,-381.300
44285,-383.350
44286,-385.650
44287,-387.775
44288,-405.800
44289,-382.350
44290,-384.600
44291,-386.575
44292,-389.025
44293,-391.500
44294,-383.250
44295,-385.725
44296,-388.000
44297,-390.400
44298,-392.250
44299,-395.125
44300,-387.100
44301,-389.300
44302,-391.250
44303,-393.650
44304,-395.825
44305,-387.850
44306,-390.500
44307,-392.650
44308,-394.700
44309,-397.250
44310,-399.650
44311,-391.175
44312,-393.775
44313,-396.400
44314,-398.525
44315,-400.650
44316,-402.850
44317,-394.750
44318,-397.225
44319,-399.275
44320,-401.700
44321,-404.150
44322,-406.200
44323,-398.225
44324,-400.700
44325,-402.900
44326,-405.050
44327,-381.825
44328,-373.750
44329,-402.000
44330,-403.850
44331,-406.475
44332,-383.200
44333,-384.800
44334,-403.100
44335,-405.225
44336,-382.050
44337,-384.250
44338,-386.600
44339,-388.225
44340,-406.600
44341,-383.200
44342,-384.800
44343,-387.500
44344,-389.775
44345,-391.925
44346,-383.675
44347,-386.525
44348,-388.400
44349,-391.250
44350,-392.925
44351,-395.825
44352,-387.300
44353,-390.075
44354,-392.000
44355,-394.300
44356,-396.925
44357,-388.600
44358,-390.550
44359,-393.550
44360,-395.725
44361,-397.650
44362,-399.625
44363,-391.975
44364,-394.300
44365,-396.725
44366,-399.225
44367,-401.350
44368,-403.525
44369,-395.350
44370,-397.925
44371,-399.750
44372,-401.950
44373,-404.850
44374,-380.975
44375,-398.825
44376,-401.575
44377,-403.975
44378,-405.800
44379,-382.450
44380,-400.000
44381,-402.350
44382,-404.925
44383,-381.650
44384,-383.900
44385,-385.750
44386,-403.650
44387,-405.525
44388,-382.200
44389,-385.075
44390,-386.675
44391,-389.125
44392,-381.550
44393,-383.975
44394,-385.925
44395,-388.100
44396,-390.775
44397,-393.100
44398,-384.300
44399,-386.725
44400,-389.250
44401,-391.400
44402,-394.075
44403,-386.275
44404,-388.625
44405,-390.675
44406,-392.975
44407,-395.325
44408,-397.725
44409,-389.250
44410,-391.500
44411,-394.050
44412,-396.225
44413,-398.450
44414,-400.600
44415,-393.100
44416,-395.175
44417,-397.725
44418,-399.675
44419,-402.000
44420,-404.250
44421,-396.325
44422,-398.925
44423,-400.650
44424,-403.175
44425,-405.525
44426,-382.050
44427,-399.625
44428,-402.100
44429,-404.300
44430,-406.275
44431,-383.075
44432,-400.700
44433,-402.950
44434,-405.650
44435,-382.175
44436,-384.050
44437,-386.800
44438,-404.250
44439,-406.375
44440,-383.475
44441,-385.425
44442,-387.725
44443,-390.375
44444,-382.600
44445,-384.275
44446,-386.125
44447,-388.750
44448,-391.400
44449,-393.250
44450,-385.600
44451,-387.875
44452,-389.725
44453,-392.100
44454,-394.450
44455,-386.900
44456,-388.775
44457,-391.225
44458,-393.650
44459,-396.050
44460,-398.375
44461,-390.375
44462,-392.700
44463,-394.600
44464,-397.250
44465,-399.100
44466,-401.900
44467,-393.650
44468,-395.875
44469,-398.075
44470,-400.225
44471,-402.850
44472,-404.750
44473,-396.975
44474,-399.325
44475,-401.375
44476,-403.550
44477,-406.125
44478,-382.725
44479,-400.275
44480,-402.275
44481,-404.600
44482,-381.825
44483,-384.175
44484,-401.500
44485,-403.875
44486,-406.175
44487,-382.800
44488,-385.225
44489,-387.625
44490,-405.650
44491,-382.075
44492,-384.000
44493,-385.925
44494,-388.175
44495,-390.450
44496,-383.050
44497,-385.400
44498,-387.725
44499,-389.850
44500,-391.875
44501,-393.975
44502,-386.350
44503,-388.325
44504,-390.625
44505,-393.375
44506,-395.475
44507,-387.100
44508,-389.800
44509,-392.050
44510,-394.575
44511,-396.625
44512,-398.975
44513,-390.775
44514,-393.350
44515,-395.150
44516,-397.675
44517,-399.750
44518,-402.125
44519,-394.500
44520,-396.175
44521,-398.925
44522,-400.800
44523,-403.425
44524,-405.975
44525,-397.525
44526,-400.250
44527,-402.450
44528,-404.575
44529,-381.500
44530,-399.275
44531,-401.250
44532,-403.675
44533,-405.350
44534,-382.350
44535,-384.500
44536,-402.225
44537,-404.450
44538,-381.600
44539,-383.125
44540,-385.675
44541,-388.175
44542,-405.600
44543,-382.525
44544,-384.675
44545,-386.550
44546,-389.100
44547,-391.350
44548,-383.900
44549,-385.850
44550,-388.275
44551,-390.525
44552,-392.675
44553,-395.050
44554,-386.525
44555,-389.525
44556,-391.800
44557,-394.050
44558,-396.425
44559,-388.425
44560,-390.125
44561,-393.025
44562,-395.175
44563,-397.150
44564,-399.825
44565,-391.700
44566,-393.575
44567,-396.300
44568,-398.350
44569,-400.650
44570,-403.125
44571,-395.225
44572,-397.475
44573,-399.475
44574,-401.850
44575,-404.075
44576,-406.650
44577,-398.225
44578,-400.900
44579,-403.300
44580,-405.700
44581,-382.250
44582,-399.375
44583,-401.925
44584,-403.675
44585,-406.575
44586,-383.375
44587,-385.325
44588,-403.300
44589,-405.650
44590,-382.075
44591,-384.475
44592,-386.250
44593,-388.700
44594,-406.125
44595,-382.875
44596,-385.075
44597,-387.875
44598,-389.825
44599,-392.325
44600,-384.050
44601,-386.825
44602,-388.750
44603,-391.200
44604,-393.550
44605,-385.325
44606,-387.975
44607,-389.825
44608,-392.150
44609,-394.875
44610,-396.575
44611,-388.750
44612,-391.425
44613,-393.525
44614,-396.000
44615,-398.050
44616,-400.050
44617,-392.100
44618,-394.400
44619,-396.475
44620,-399.150
44621,-401.700
44622,-403.550
44623,-395.325
44624,-397.975
44625,-400.075
44626,-402.725
44627,-405.125
44628,-381.550
44629,-399.250
44630,-401.350
44631,-403.475
44632,-406.325
44633,-382.325
44634,-400.450
44635,-402.225
44636,-404.850
44637,-381.750
44638,-384.050
44639,-386.000
44640,-403.425
44641,-405.800
44642,-382.550
44643,-385.125
44644,-387.500
44645,-389.625
44646,-381.525
44647,-384.075
44648,-386.250
44649,-387.975
44650,-391.025
44651,-393.100
44652,-384.400
44653,-387.300
44654,-389.325
44655,-391.775
44656,-393.975
44657,-386.175
44658,-387.975
44659,-391.050
44660,-392.925
44661,-395.150
44662,-397.725
44663,-389.425
44664,-391.675
44665,-393.825
44666,-396.525
44667,-398.350
44668,-400.750
44669,-393.450
44670,-395.150
44671,-397.475
44672,-400.125
44673,-402.500
44674,-404.700
44675,-396.775
44676,-398.425
44677,-401.050
44678,-403.375
44679,-405.350
44680,-397.275
44681,-399.875
44682,-401.750
44683,-404.450
44684,-406.900
44685,-383.025
44686,-401.200
44687,-403.300
44688,-405.900
44689,-381.975
44690,-384.675
44691,-386.725
44692,-404.450
44693,-381.250
44694,-383.175
44695,-385.575
44696,-388.275
44697,-390.300
44698,-382.050
44699,-384.275
44700,-387.100
44701,-389.100
44702,-391.575
44703,-393.775
44704,-385.575
44705,-387.600
44706,-390.550
44707,-392.225
44708,-394.500
44709,-386.975
44710,-388.850
44711,-391.500
44712,-393.775
44713,-395.575
44714,-398.025
44715,-390.625
44716,-392.725
44717,-395.125
44718,-397.000
44719,-399.775
44720,-401.550
44721,-394.025
44722,-395.875
44723,-398.575
44724,-400.425
44725,-403.050
44726,-404.825
44727,-397.375
44728,-399.275
44729,-401.750
44730,-404.300
44731,-406.600
44732,-398.350
44733,-400.500
44734,-403.100
44735,-405.075
44736,-381.850
44737,-384.000
44738,-401.800
44739,-403.425
44740,-406.025
44741,-382.925
44742,-385.475
44743,-387.200
44744,-405.225
44745,-382.200
44746,-384.350
44747,-386.475
44748,-388.600
44749,-390.775
44750,-383.050
44751,-385.275
44752,-387.200
44753,-390.075
44754,-392.100
44755,-384.300
44756,-385.975
44757,-388.425
44758,-390.975
44759,-393.175
44760,-395.475
44761,-387.325
44762,-389.475
44763,-392.325
44764,-394.550
44765,-396.975
44766,-399.200
44767,-391.325
44768,-393.475
44769,-395.475
44770,-397.750
44771,-399.625
44772,-402.525
44773,-393.975
44774,-396.450
44775,-398.575
44776,-401.250
44777,-403.425
44778,-405.750
44779,-398.225
44780,-399.875
44781,-402.725
44782,-404.600
44783,-381.600
44784,-398.725
44785,-400.950
44786,-403.325
44787,-405.800
44788,-382.825
44789,-385.000
44790,-402.325
44791,-404.600
44792,-381.550
44793,-383.200
44794,-385.900
44795,-388.275
44796,-405.625
44797,-382.200
44798,-384.400
44799,-387.125
44800,-389.250
44801,-391.675
44802,-383.625
44803,-385.525
44804,-388.425
44805,-390.450
44806,-393.150
44807,-385.125
44808,-387.000
44809,-389.325
44810,-391.700
44811,-393.575
44812,-396.275
44813,-388.575
44814,-390.425
44815,-392.775
44816,-395.475
44817,-397.550
44818,-399.575
44819,-391.700
44820,-394.350
44821,-396.225
44822,-398.775
44823,-400.700
44824,-403.150
44825,-395.325
44826,-397.325
44827,-399.850
44828,-401.450
44829,-404.150
44830,-396.550
44831,-398.750
44832,-401.000
44833,-403.425
44834,-405.700
44835,-382.075
44836,-399.850
44837,-401.750
44838,-404.275
44839,-406.175
44840,-382.825
44841,-385.275
44842,-402.625
44843,-405.600
44844,-382.400
44845,-384.500
44846,-386.725
44847,-388.825
44848,-406.600
44849,-383.475
44850,-385.325
44851,-388.075
44852,-390.225
44853,-392.200
44854,-384.400
44855,-386.600
44856,-389.225
44857,-391.500
44858,-393.850
44859,-385.600
44860,-387.800
44861,-389.975
44862,-392.200
44863,-394.950
44864,-396.625
44865,-388.700
44866,-391.600
44867,-393.675
44868,-395.675
44869,-398.450
44870,-400.750
44871,-392.275
44872,-394.600
44873,-396.825
44874,-399.100
44875,-401.700
44876,-404.075
44877,-396.200
44878,-397.850
44879,-400.650
44880,-402.925
44881,-404.925
44882,-397.075
44883,-399.325
44884,-401.850
44885,-404.050
44886,-405.875
44887,-382.900
44888,-400.175
44889,-402.675
44890,-405.175
44891,-381.500
44892,-384.100
44893,-386.400
44894,-404.200
44895,-406.375
44896,-382.500
44897,-384.975
44898,-387.325
44899,-389.525
44900,-382.050
44901,-384.175
44902,-385.975
44903,-388.625
44904,-391.175
44905,-383.250
44906,-385.475
44907,-387.725
44908,-389.975
44909,-391.725
44910,-394.200
44911,-386.275
44912,-388.400
44913,-390.875
44914,-393.275
44915,-395.750
44916,-397.975
44917,-389.725
44918,-391.975
44919,-394.400
44920,-396.775
44921,-399.175
44922,-401.375
44923,-393.075
44924,-395.475
44925,-397.875
44926,-400.275
44927,-402.375
44928,-404.725
44929,-396.400
44930,-398.850
44931,-401.300
44932,-402.950
44933,-405.425
44934,-397.725
44935,-400.250
44936,-402.525
44937,-404.725
44938,-381.350
44939,-383.800
44940,-401.150
44941,-403.325
44942,-405.800
44943,-382.400
44944,-384.775
44945,-386.475
44946,-404.850
44947,-381.175
44948,-383.475
44949,-385.825
44950,-388.275
44951,-390.275
44952,-382.600
44953,-385.000
44954,-386.475
44955,-388.900
44956,-391.550
44957,-383.850
44958,-386.075
44959,-388.350
44960,-390.175
44961,-392.675
44962,-395.225
44963,-386.725
44964,-389.525
44965,-391.175
44966,-393.675
44967,-396.275
44968,-398.650
44969,-390.625
44970,-393.075
44971,-394.875
44972,-397.075
44973,-399.150
44974,-401.500
44975,-393.875
44976,-396.475
44977,-398.175
44978,-400.850
44979,-402.675
44980,-395.025
44981,-397.525
44982,-399.875
44983,-401.375
44984,-403.800
44985,-406.000
44986,-398.450
44987,-400.350
44988,-403.350
44989,-405.400
44990,-381.775
44991,-384.450
44992,-402.025
44993,-403.950
44994,-406.000
44995,-383.175
44996,-385.425
44997,-386.975
44998,-405.525
44999,-382.200
45000,-384.200
45001,-386.725
45002,-388.475
45003,-391.450
45004,-383.250
45005,-385.400
45006,-387.975
45007,-390.075
45008,-392.325
45009,-383.950
45010,-386.375
45011,-389.100
45012,-391.450
45013,-393.200
45014,-395.550
45015,-387.775
45016,-389.575
45017,-392.250
45018,-394.250
45019,-397.175
45020,-399.275
45021,-391.050
45022,-393.725
45023,-396.025
45024,-398.025
45025,-400.125
45026,-402.500
45027,-394.550
45028,-396.725
45029,-399.225
45030,-401.150
45031,-403.250
45032,-395.750
45033,-397.975
45034,-400.575
45035,-402.525
45036,-405.125
45037,-381.675
45038,-398.775
45039,-401.425
45040,-403.225
45041,-406.025
45042,-382.550
45043,-384.675
45044,-402.500
45045,-404.700
45046,-381.375
45047,-384.175
45048,-386.025
45049,-387.950
45050,-405.850
45051,-382.400
45052,-384.975
45053,-387.250
45054,-389.250
45055,-381.450
45056,-383.650
45057,-385.825
45058,-388.700
45059,-390.525
45060,-393.250
45061,-384.550
45062,-387.375
45063,-389.475
45064,-391.725
45065,-394.350
45066,-396.175
45067,-388.225
45068,-391.150
45069,-393.175
45070,-395.125
45071,-397.725
45072,-399.350
45073,-391.825
45074,-393.650
45075,-396.350
45076,-398.450
45077,-400.900
45078,-403.525
45079,-395.525
45080,-397.575
45081,-399.625
45082,-402.450
45083,-404.175
45084,-396.125
45085,-398.775
45086,-401.200
45087,-402.750
45088,-405.225
45089,-382.125
45090,-399.650
45091,-402.175
45092,-404.700
45093,-381.100
45094,-383.525
45095,-385.725
45096,-403.350
45097,-405.875
45098,-382.325
45099,-384.500
45100,-386.575
45101,-389.225
45102,-380.975
45103,-383.525
45104,-385.800
45105,-388.225
45106,-389.975
45107,-382.175
45108,-384.650
45109,-387.175
45110,-388.700
45111,-391.425
45112,-393.650
45113,-385.300
45114,-387.950
45115,-390.500
45116,-392.325
45117,-394.750
45118,-396.925
45119,-388.900
45120,-391.250
45121,-393.825
45122,-395.925
45123,-398.250
45124,-400.750
45125,-392.275
45126,-395.075
45127,-397.450
45128,-399.200
45129,-401.950
45130,-404.050
45131,-396.175
45132,-398.625
45133,-400.350
45134,-402.925
45135,-405.350
45136,-397.100
45137,-399.325
45138,-401.700
45139,-404.300
45140,-406.425
45141,-383.200
45142,-400.375
45143,-403.150
45144,-405.025
45145,-381.925
45146,-383.850
45147,-386.125
45148,-404.200
45149,-406.600
45150,-382.975
45151,-385.150
45152,-387.725
45153,-389.975
45154,-381.550
45155,-383.775
45156,-386.625
45157,-388.175
45158,-391.075
45159,-383.025
45160,-385.400
45161,-387.100
45162,-389.925
45163,-392.150
45164,-394.750
45165,-386.525
45166,-388.175
45167,-391.200
45168,-393.575
45169,-395.275
45170,-397.375
45171,-390.125
45172,-392.250
45173,-394.125
45174,-396.225
45175,-399.250
45176,-401.100
45177,-393.500
45178,-395.875
45179,-397.950
45180,-399.925
45181,-402.375
45182,-394.475
45183,-396.825
45184,-399.325
45185,-401.500
45186,-403.675
45187,-405.750
45188,-397.725
45189,-400.450
45190,-402.650
45191,-404.450
45192,-381.175
45193,-383.375
45194,-400.950
45195,-403.225
45196,-405.700
45197,-382.800
45198,-384.950
45199,-386.975
45200,-404.775
45201,-381.450
45202,-383.900
45203,-386.125
45204,-387.775
45205,-390.650
45206,-382.900
45207,-384.750
45208,-387.325
45209,-389.650
45210,-392.050
45211,-383.550
45212,-385.975
45213,-388.325
45214,-390.875
45215,-392.525
45216,-395.150
45217,-386.825
45218,-389.575
45219,-391.925
45220,-393.750
45221,-396.000
45222,-398.175
45223,-390.575
45224,-392.650
45225,-394.800
45226,-397.225
45227,-399.625
45228,-402.175
45229,-394.025
45230,-396.675
45231,-398.675
45232,-401.125
45233,-403.050
45234,-395.375
45235,-396.925
45236,-399.650
45237,-401.850
45238,-404.250
45239,-406.325
45240,-398.750
45241,-400.700
45242,-403.475
45243,-405.075
45244,-382.025
45245,-384.675
45246,-402.275
45247,-404.550
45248,-406.650
45249,-383.475
45250,-385.575
45251,-387.775
45252,-405.650
45253,-382.025
45254,-384.675
45255,-386.150
45256,-389.250
45257,-406.900
45258,-382.925
45259,-385.800
45260,-387.875
45261,-389.875
45262,-392.275
45263,-384.600
45264,-386.475
45265,-388.625
45266,-390.925
45267,-393.400
45268,-396.000
45269,-387.725
45270,-390.450
45271,-392.100
45272,-394.575
45273,-396.925
45274,-399.050
45275,-391.300
45276,-393.475
45277,-396.175
45278,-398.125
45279,-400.650
45280,-402.525
45281,-394.875
45282,-396.775
45283,-399.475
45284,-401.750
45285,-404.075
45286,-395.875
45287,-398.375
45288,-400.250
45289,-402.625
45290,-405.050
45291,-381.400
45292,-399.225
45293,-401.750
45294,-404.100
45295,-406.275
45296,-382.975
45297,-385.375
45298,-402.550
45299,-404.850
45300,-381.600
45301,-383.625
45302,-386.125
45303,-388.450
45304,-406.275
45305,-382.600
45306,-384.850
45307,-387.650
45308,-389.425
45309,-381.400
45310,-383.850
45311,-385.800
45312,-388.050
45313,-390.650
45314,-393.250
45315,-385.400
45316,-387.200
45317,-389.250
45318,-391.875
45319,-394.575
45320,-396.725
45321,-388.575
45322,-390.975
45323,-393.200
45324,-395.325
45325,-397.275
45326,-399.775
45327,-392.050
45328,-393.875
45329,-396.550
45330,-398.975
45331,-401.300
45332,-393.300
45333,-395.475
45334,-397.425
45335,-399.725
45336,-402.350
45337,-404.650
45338,-396.125
45339,-398.675
45340,-401.450
45341,-403.375
45342,-405.400
45343,-382.175
45344,-400.050
45345,-402.150
45346,-404.450
45347,-380.975
45348,-383.750
45349,-385.975
45350,-403.225
45351,-405.975
45352,-382.525
45353,-384.200
45354,-386.725
45355,-388.875
45356,-380.875
45357,-383.875
45358,-385.500
45359,-388.225
45360,-390.525
45361,-382.600
45362,-384.750
45363,-386.900
45364,-388.775
45365,-391.325
45366,-393.650
45367,-386.025
45368,-387.575
45369,-389.975
45370,-392.275
45371,-394.850
45372,-397.450
45373,-389.350
45374,-391.225
45375,-393.575
45376,-395.875
45377,-397.875
45378,-400.900
45379,-392.925
45380,-395.325
45381,-397.275
45382,-399.375
45383,-401.450
45384,-394.125
45385,-395.975
45386,-398.625
45387,-400.600
45388,-403.000
45389,-405.325
45390,-397.225
45391,-399.325
45392,-401.750
45393,-404.350
45394,-406.225
45395,-383.025
45396,-400.950
45397,-402.575
45398,-405.425
45399,-382.350
45400,-384.500
45401,-386.550
45402,-404.350
45403,-406.275
45404,-383.175
45405,-385.325
45406,-387.025
45407,-405.550
45408,-382.125
45409,-384.600
45410,-386.625
45411,-388.425
45412,-390.925
45413,-382.975
45414,-385.675
45415,-387.575
45416,-389.725
45417,-392.500
45418,-394.500
45419,-386.475
45420,-389.200
45421,-391.125
45422,-393.175
45423,-395.875
45424,-397.750
45425,-389.950
45426,-392.375
45427,-394.825
45428,-396.775
45429,-399.050
45430,-401.650
45431,-393.750
45432,-395.325
45433,-397.775
45434,-400.075
45435,-402.775
45436,-394.725
45437,-396.625
45438,-399.225
45439,-401.575
45440,-403.350
45441,-405.850
45442,-398.075
45443,-400.175
45444,-402.675
45445,-404.925
45446,-381.675
45447,-383.575
45448,-401.100
45449,-404.050
45450,-406.425
45451,-382.425
45452,-384.475
45453,-386.925
45454,-405.225
45455,-381.450
45456,-383.875
45457,-385.800
45458,-388.425
45459,-405.925
45460,-382.600
45461,-385.325
45462,-386.725
45463,-389.050
45464,-392.000
45465,-384.100
45466,-386.400
45467,-388.750
45468,-390.700
45469,-392.775
45470,-395.050
45471,-387.400
45472,-389.800
45473,-391.550
45474,-393.775
45475,-396.375
45476,-398.625
45477,-390.775
45478,-392.975
45479,-395.275
45480,-397.275
45481,-400.075
45482,-392.275
45483,-394.275
45484,-396.600
45485,-398.375
45486,-401.300
45487,-403.475
45488,-395.625
45489,-397.525
45490,-400.025
45491,-402.025
45492,-404.700
45493,-406.475
45494,-398.525
45495,-400.800
45496,-403.425
45497,-405.525
45498,-382.450
45499,-384.050
45500,-402.150
45501,-404.050
45502,-380.775
45503,-383.175
45504,-385.525
45505,-387.725
45506,-405.900
45507,-382.050
45508,-384.775
45509,-386.575
45510,-389.350
45511,-380.850
45512,-383.350
45513,-385.575
45514,-388.100
45515,-390.450
45516,-392.925
45517,-384.250
45518,-386.350
45519,-388.700
45520,-391.575
45521,-394.025
45522,-396.275
45523,-388.225
45524,-390.325
45525,-392.275
45526,-394.475
45527,-396.725
45528,-399.025
45529,-391.300
45530,-393.725
45531,-395.525
45532,-398.075
45533,-400.750
45534,-392.875
45535,-394.650
45536,-397.375
45537,-399.650
45538,-401.450
45539,-404.150
45540,-395.925
45541,-398.325
45542,-400.225
45543,-402.950
45544,-405.300
45545,-382.050
45546,-399.125
45547,-401.525
45548,-403.650
45549,-406.275
45550,-382.975
45551,-385.125
45552,-402.750
45553,-404.975
45554,-381.625
45555,-384.175
45556,-386.250
45557,-378.600
45558,-406.375
45559,-383.025
45560,-384.750
45561,-387.925
45562,-389.725
45563,-382.125
45564,-384.100
45565,-386.675
45566,-388.525
45567,-391.175
45568,-393.150
45569,-385.375
45570,-387.525
45571,-389.675
45572,-392.150
45573,-394.175
45574,-396.425
45575,-388.500
45576,-390.650
45577,-393.275
45578,-395.625
45579,-397.775
45580,-400.025
45581,-391.875
45582,-394.350
45583,-396.900
45584,-399.125
45585,-401.500
45586,-393.075
45587,-395.175
45588,-397.750
45589,-399.775
45590,-402.500
45591,-404.450
45592,-396.575
45593,-399.225
45594,-401.450
45595,-403.900
45596,-405.750
45597,-382.400
45598,-399.875
45599,-401.850
45600,-404.925
45601,-381.100
45602,-383.250
45603,-385.525
45604,-403.100
45605,-405.525
45606,-382.550
45607,-384.775
45608,-386.975
45609,-404.700
45610,-381.650
45611,-383.175
45612,-386.025
45613,-388.075
45614,-390.375
45615,-382.450
45616,-384.625
45617,-386.825
45618,-389.225
45619,-391.975
45620,-394.250
45621,-385.525
45622,-387.950
45623,-390.875
45624,-392.525
45625,-394.600
45626,-397.650
45627,-389.300
45628,-391.925
45629,-394.125
45630,-396.325
45631,-398.450
45632,-390.250
45633,-392.975
45634,-395.075
45635,-397.350
45636,-399.975
45637,-401.725
45638,-393.625
45639,-396.450
45640,-398.375
45641,-400.950
45642,-402.900
45643,-405.175
45644,-397.225
45645,-399.475
45646,-402.175
45647,-404.050
45648,-406.875
45649,-383.300
45650,-400.900
45651,-403.300
45652,-405.500
45653,-382.350
45654,-384.475
45655,-386.525
45656,-404.200
45657,-406.325
45658,-383.550
45659,-385.325
45660,-387.575
45661,-405.700
45662,-381.825
45663,-384.150
45664,-386.850
45665,-389.100
45666,-391.075
45667,-382.900
45668,-385.725
45669,-387.600
45670,-390.450
45671,-392.375
45672,-394.950
45673,-386.400
45674,-389.125
45675,-391.125
45676,-393.775
45677,-395.650
45678,-398.425
45679,-390.275
45680,-392.275
45681,-394.800
45682,-396.825
45683,-399.050
45684,-391.425
45685,-393.450
45686,-395.975
45687,-398.375
45688,-400.700
45689,-402.350
45690,-395.075
45691,-396.875
45692,-398.975
45693,-401.500
45694,-403.750
45695,-406.025
45696,-398.075
45697,-400.650
45698,-402.500
45699,-405.175
45700,-381.725
45701,-383.800
45702,-401.450
45703,-403.375
45704,-406.275
45705,-382.925
45706,-384.975
45707,-376.950
45708,-404.575
45709,-381.500
45710,-384.150
45711,-386.525
45712,-388.000
45713,-406.225
45714,-382.400
45715,-384.800
45716,-387.575
45717,-389.150
45718,-391.875
45719,-383.800
45720,-386.400
45721,-388.500
45722,-390.675
45723,-393.400
45724,-395.275
45725,-387.775
45726,-389.225
45727,-392.150
45728,-394.475
45729,-396.575
45730,-399.175
45731,-391.075
45732,-393.450
45733,-395.550
45734,-397.575
45735,-400.175
45736,-391.825
45737,-394.500
45738,-396.825
45739,-398.675
45740,-400.650
45741,-403.225
45742,-395.775
45743,-397.725
45744,-400.175
45745,-402.350
45746,-404.250
45747,-381.175
45748,-399.075
45749,-401.450
45750,-403.650
45751,-405.300
45752,-382.125
45753,-384.550
45754,-402.575
45755,-404.275
45756,-381.225
45757,-383.525
45758,-385.575
45759,-403.425
45760,-405.425
45761,-382.350
45762,-384.475
45763,-386.850
45764,-389.575
45765,-381.600
45766,-383.550
45767,-385.975
45768,-388.425
45769,-389.850
45770,-392.625
45771,-384.900
45772,-386.625
45773,-389.125
45774,-391.700
45775,-393.850
45776,-395.825
45777,-388.075
45778,-390.325
45779,-392.250
45780,-394.950
45781,-397.250
45782,-399.250
45783,-391.925
45784,-393.575
45785,-396.225
45786,-398.450
45787,-400.250
45788,-392.275
45789,-395.250
45790,-396.975
45791,-399.875
45792,-401.650
45793,-403.625
45794,-396.225
45795,-398.675
45796,-400.650
45797,-402.825
45798,-404.950
45799,-381.825
45800,-399.475
45801,-402.000
45802,-404.050
45803,-406.025
45804,-383.300
45805,-385.475
45806,-403.300
45807,-405.125
45808,-382.125
45809,-384.375
45810,-386.400
45811,-404.450
45812,-406.275
45813,-383.200
45814,-385.400
45815,-387.625
45816,-389.950
45817,-382.075
45818,-384.150
45819,-386.250
45820,-389.125
45821,-391.450
45822,-393.625
45823,-385.650
45824,-387.200
45825,-389.675
45826,-392.400
45827,-394.075
45828,-396.775
45829,-389.225
45830,-390.725
45831,-393.100
45832,-395.875
45833,-397.825
45834,-389.325
45835,-391.975
45836,-394.650
45837,-397.175
45838,-398.925
45839,-401.375
45840,-393.575
45841,-395.775
45842,-398.225
45843,-400.125
45844,-402.225
45845,-404.350
45846,-396.700
45847,-398.550
45848,-401.575
45849,-403.325
45850,-406.225
45851,-382.450
45852,-400.250
45853,-402.950
45854,-404.600
45855,-381.925
45856,-383.650
45857,-386.275
45858,-403.450
45859,-405.900
45860,-382.600
45861,-384.950
45862,-387.100
45863,-405.175
45864,-381.600
45865,-383.775
45866,-386.375
45867,-388.500
45868,-390.625
45869,-382.425
45870,-385.125
45871,-386.775
45872,-389.250
45873,-391.550
45874,-393.925
45875,-385.650
45876,-388.400
45877,-390.225
45878,-393.250
45879,-394.800
45880,-397.175
45881,-389.475
45882,-391.800
45883,-393.975
45884,-396.075
45885,-398.950
45886,-390.725
45887,-393.050
45888,-395.275
45889,-397.150
45890,-399.675
45891,-402.150
45892,-394.025
45893,-396.825
45894,-398.475
45895,-401.100
45896,-402.900
45897,-405.850
45898,-397.350
45899,-399.875
45900,-402.325
45901,-404.350
45902,-406.900
45903,-383.375
45904,-401.250
45905,-403.250
45906,-405.525
45907,-382.200
45908,-384.675
45909,-402.050
45910,-404.775
45911,-381.175
45912,-383.250
45913,-385.375
45914,-387.925
45915,-405.700
45916,-382.125
45917,-384.675
45918,-386.525
45919,-389.100
45920,-391.150
45921,-383.650
45922,-385.150
45923,-387.575
45924,-390.275
45925,-392.500
45926,-395.000
45927,-386.600
45928,-388.750
45929,-391.350
45930,-393.300
45931,-395.925
45932,-398.075
45933,-389.975
45934,-392.800
45935,-394.875
45936,-397.175
45937,-399.275
45938,-391.625
45939,-393.575
45940,-396.275
45941,-398.075
45942,-400.450
45943,-403.050
45944,-394.875
45945,-397.375
45946,-399.675
45947,-401.900
45948,-404.075
45949,-406.025
45950,-398.075
45951,-400.450
45952,-402.775
45953,-404.975
45954,-381.525
45955,-384.175
45956,-402.050
45957,-404.350
45958,-406.575
45959,-383.175
45960,-384.875
45961,-402.950
45962,-404.950
45963,-381.975
45964,-383.900
45965,-386.450
45966,-388.950
45967,-406.200
45968,-383.025
45969,-385.300
45970,-387.800
45971,-389.975
45972,-391.975
45973,-384.000
45974,-386.050
45975,-388.925
45976,-391.175
45977,-393.475
45978,-395.675
45979,-387.175
45980,-389.775
45981,-392.150
45982,-394.500
45983,-396.925
45984,-388.375
45985,-391.225
45986,-393.575
45987,-395.750
45988,-397.675
45989,-400.025
45990,-392.450
45991,-394.575
45992,-396.425
45993,-399.050
45994,-401.200
45995,-403.650
45996,-395.450
45997,-397.725
45998,-400.175
45999,-402.375
46000,-404.975
46001,-381.175
46002,-398.875
46003,-401.450
46004,-403.425
46005,-405.500
46006,-382.200
46007,-384.750
46008,-402.150
46009,-404.350
46010,-381.725
46011,-383.200
46012,-386.225
46013,-403.550
46014,-406.225
46015,-382.825
46016,-384.775
46017,-386.900
46018,-389.100
46019,-381.400
46020,-383.775
46021,-385.825
46022,-387.650
46023,-390.250
46024,-392.875
46025,-384.750
46026,-387.200
46027,-388.850
46028,-391.425
46029,-394.200
46030,-396.125
46031,-388.000
46032,-390.875
46033,-392.650
46034,-395.425
46035,-397.625
46036,-389.500
46037,-391.175
46038,-394.175
46039,-396.550
46040,-398.775
46041,-400.900
46042,-392.875
46043,-395.425
46044,-397.450
46045,-399.975
46046,-401.850
46047,-404.500
46048,-396.225
46049,-398.950
46050,-401.000
46051,-402.750
46052,-405.700
46053,-382.125
46054,-399.875
46055,-402.150
46056,-404.175
46057,-406.775
46058,-383.350
46059,-400.600
46060,-402.950
46061,-405.625
46062,-382.125
46063,-384.500
46064,-386.600
46065,-403.850
46066,-406.325
46067,-383.550
46068,-385.200
46069,-387.500
46070,-390.025
46071,-382.050
46072,-384.550
46073,-386.550
46074,-388.800
46075,-391.500
46076,-393.025
46077,-385.975
46078,-387.875
46079,-390.425
46080,-392.425
46081,-395.000
46082,-397.125
46083,-389.325
46084,-391.575
46085,-393.450
46086,-395.925
46087,-398.375
46088,-390.300
46089,-392.375
46090,-395.000
46091,-396.925
46092,-398.925
46093,-401.450
46094,-393.850
46095,-395.850
46096,-397.675
46097,-399.975
46098,-402.525
46099,-404.925
46100,-397.250
46101,-399.550
46102,-401.625
46103,-403.525
46104,-406.375
46105,-382.825
46106,-400.500
46107,-402.825
46108,-405.075
46109,-381.925
46110,-384.150
46111,-401.850
46112,-404.175
46113,-406.000
46114,-382.775
46115,-385.225
46116,-387.400
46117,-404.725
46118,-382.075
46119,-384.050
46120,-386.150
46121,-388.450
46122,-390.675
46123,-382.700
46124,-385.300
46125,-387.450
46126,-389.750
46127,-392.200
46128,-394.200
46129,-386.450
46130,-388.175
46131,-390.875
46132,-393.100
46133,-395.325
46134,-387.100
46135,-389.475
46136,-391.825
46137,-393.925
46138,-396.125
46139,-398.850
46140,-390.925
46141,-392.675
46142,-395.475
46143,-397.225
46144,-400.250
46145,-402.350
46146,-394.125
46147,-396.075
46148,-398.950
46149,-400.950
46150,-403.675
46151,-405.300
46152,-397.850
46153,-399.825
46154,-401.850
46155,-404.650
46156,-380.775
46157,-383.650
46158,-400.650
46159,-403.350
46160,-405.650
46161,-382.050
46162,-384.650
46163,-402.525
46164,-404.650
46165,-381.525
46166,-383.725
46167,-385.925
46168,-388.250
46169,-405.350
46170,-382.400
46171,-384.700
46172,-387.200
46173,-389.125
46174,-391.075
46175,-383.475
46176,-385.850
46177,-388.400
46178,-390.225
46179,-392.875
46180,-395.050
46181,-386.800
46182,-389.525
46183,-391.700
46184,-393.925
46185,-396.050
46186,-388.350
46187,-390.550
46188,-392.375
46189,-394.825
46190,-397.025
46191,-399.250
46192,-391.300
46193,-393.775
46194,-396.350
46195,-398.575
46196,-400.350
46197,-402.950
46198,-394.825
46199,-397.475
46200,-399.625
46201,-401.650
46202,-403.700
46203,-406.100
46204,-398.175
46205,-400.700
46206,-403.050
46207,-405.400
46208,-381.550
46209,-374.225
46210,-402.050
46211,-403.700
46212,-406.650
46213,-383.275
46214,-385.475
46215,-403.300
46216,-404.975
46217,-381.950
46218,-384.650
46219,-386.675
46220,-388.675
46221,-406.825
46222,-382.800
46223,-385.475
46224,-387.875
46225,-390.250
46226,-392.150
46227,-384.250
46228,-386.575
46229,-388.525
46230,-391.025
46231,-393.550
46232,-395.525
46233,-387.775
46234,-389.625
46235,-392.150
46236,-394.075
46237,-396.825
46238,-388.875
46239,-391.225
46240,-393.550
46241,-395.925
46242,-397.775
46243,-400.375
46244,-391.725
46245,-394.650
46246,-396.400
46247,-398.950
46248,-401.125
46249,-403.550
46250,-396.075
46251,-397.550
46252,-400.500
46253,-402.775
46254,-404.925
46255,-381.750
46256,-398.875
46257,-401.650
46258,-403.900
46259,-406.175
46260,-382.925
46261,-399.850
46262,-402.325
46263,-404.775
46264,-381.675
46265,-383.475
46266,-386.300
46267,-403.975
46268,-406.200
46269,-382.650
46270,-385.150
46271,-387.175
46272,-389.150
46273,-381.450
46274,-383.975
46275,-385.725
46276,-387.950
46277,-390.650
46278,-392.825
46279,-385.200
46280,-387.400
46281,-389.700
46282,-392.050
46283,-393.950
46284,-386.275
46285,-388.625
46286,-390.900
46287,-392.525
46288,-395.250
46289,-397.475
46290,-389.325
46291,-391.775
46292,-393.725
46293,-396.525
46294,-398.550
46295,-401.000
46296,-392.875
46297,-395.475
46298,-397.625
46299,-399.825
46300,-402.050
46301,-404.500
46302,-396.225
46303,-398.450
46304,-401.000
46305,-403.175
46306,-405.600
46307,-382.025
46308,-399.425
46309,-402.275
46310,-404.575
46311,-406.775
46312,-383.125
46313,-400.950
46314,-403.050
46315,-405.850
46316,-382.350
46317,-384.350
46318,-386.675
46319,-404.650
46320,-381.300
46321,-382.975
46322,-385.575
46323,-387.800
46324,-390.425
46325,-382.075
46326,-384.450
46327,-386.600
46328,-389.325
46329,-391.300
46330,-393.525
46331,-385.650
46332,-387.575
46333,-390.175
46334,-392.775
46335,-394.875
46336,-386.775
46337,-389.250
46338,-390.975
46339,-393.200
46340,-396.125
46341,-398.275
46342,-390.225
46343,-392.100
46344,-394.475
46345,-396.875
46346,-399.250
46347,-401.625
46348,-393.975
46349,-396.125
46350,-398.475
46351,-400.850
46352,-403.100
46353,-404.975
46354,-396.775
46355,-399.625
46356,-401.500
46357,-404.175
46358,-405.975
46359,-383.175
46360,-400.650
46361,-402.850
46362,-404.725
46363,-381.725
46364,-384.200
46365,-401.500
46366,-403.900
46367,-405.975
46368,-382.675
46369,-385.300
46370,-387.375
46371,-404.950
46372,-382.175
46373,-383.975
46374,-386.400
46375,-388.850
46376,-390.975
46377,-383.250
46378,-385.300
46379,-387.650
46380,-389.975
46381,-392.000
46382,-394.350
46383,-386.600
46384,-388.500
46385,-390.700
46386,-392.775
46387,-395.250
46388,-387.575
46389,-389.875
46390,-391.975
46391,-394.400
46392,-396.550
46393,-398.825
46394,-390.900
46395,-393.175
46396,-395.150
46397,-398.125
46398,-400.075
46399,-402.375
46400,-393.950
46401,-396.925
46402,-399.175
46403,-400.825
46404,-403.350
46405,-405.625
46406,-398.225
46407,-400.175
46408,-402.450
46409,-404.575
46410,-381.450
46411,-399.075
46412,-401.150
46413,-403.800
46414,-406.000
46415,-382.450
46416,-384.875
46417,-402.225
46418,-404.925
46419,-381.350
46420,-383.175
46421,-385.575
46422,-388.150
46423,-405.450
46424,-382.050
46425,-384.850
46426,-386.900
46427,-389.600
46428,-391.350
46429,-383.750
46430,-386.175
46431,-388.175
46432,-390.875
46433,-392.275
46434,-394.950
46435,-386.800
46436,-388.925
46437,-391.925
46438,-393.925
46439,-395.850
46440,-388.525
46441,-390.175
46442,-393.075
46443,-395.350
46444,-397.775
46445,-399.525
46446,-391.725
46447,-394.300
46448,-395.925
46449,-398.225
46450,-400.825
46451,-403.350
46452,-395.050
46453,-397.775
46454,-399.975
46455,-401.625
46456,-404.050
46457,-406.675
46458,-398.525
46459,-400.950
46460,-403.150
46461,-405.450
46462,-382.075
46463,-399.750
46464,-401.950
46465,-404.175
46466,-406.775
46467,-383.300
46468,-385.275
46469,-402.850
46470,-405.450
46471,-382.525
46472,-383.975
46473,-386.675
46474,-388.625
46475,-406.200
46476,-383.075
46477,-385.650
46478,-388.100
46479,-389.800
46480,-392.650
46481,-384.000
46482,-386.975
46483,-388.525
46484,-391.050
46485,-393.725
46486,-385.800
46487,-388.050
46488,-389.650
46489,-392.225
46490,-394.825
46491,-396.875
46492,-389.025
46493,-391.250
46494,-393.650
46495,-395.725
46496,-398.025
46497,-400.575
46498,-392.100
46499,-394.600
46500,-397.175
46501,-398.750
46502,-401.575
46503,-404.100
46504,-396.075
46505,-398.325
46506,-400.000
46507,-402.575
46508,-405.225
46509,-381.550
46510,-399.425
46511,-401.450
46512,-404.075
46513,-406.025
46514,-382.675
46515,-400.575
46516,-403.000
46517,-404.825
46518,-381.650
46519,-383.900
46520,-386.025
46521,-404.150
46522,-406.000
46523,-382.975
46524,-384.950
46525,-387.325
46526,-389.675
46527,-381.975
46528,-384.075
46529,-386.050
46530,-388.525
46531,-390.875
46532,-393.075
46533,-384.850
46534,-387.100
46535,-389.575
46536,-391.575
46537,-393.850
46538,-385.975
46539,-388.750
46540,-390.725
46541,-393.075
46542,-395.175
46543,-397.750
46544,-389.850
46545,-392.050
46546,-394.275
46547,-396.125
46548,-398.675
46549,-401.150
46550,-393.175
46551,-395.050
46552,-397.925
46553,-399.975
46554,-402.275
46555,-404.175
46556,-396.425
46557,-398.575
46558,-400.750
46559,-403.625
46560,-405.900
46561,-397.650
46562,-399.975
46563,-402.550
46564,-404.075
46565,-380.950
46566,-383.575
46567,-401.450
46568,-403.675
46569,-405.750
46570,-382.400
46571,-384.550
46572,-386.850
46573,-404.375
46574,-381.150
46575,-383.800
46576,-385.725
46577,-388.275
46578,-390.325
46579,-382.200
46580,-384.775
46581,-386.850
46582,-389.475
46583,-391.175
46584,-393.750
46585,-385.500
46586,-388.225
46587,-390.725
46588,-392.775
46589,-394.700
46590,-386.825
46591,-389.025
46592,-391.250
46593,-394.150
46594,-395.925
46595,-398.275
46596,-390.650
46597,-392.550
46598,-394.850
46599,-397.475
46600,-399.425
46601,-401.750
46602,-393.575
46603,-396.125
46604,-398.625
46605,-400.700
46606,-403.125
46607,-405.075
46608,-397.250
46609,-399.375
46610,-401.400
46611,-404.000
46612,-406.500
46613,-398.175
46614,-400.350
46615,-402.675
46616,-405.125
46617,-382.325
46618,-383.850
46619,-401.525
46620,-403.950
46621,-406.225
46622,-383.200
46623,-384.775
46624,-387.600
46625,-404.975
46626,-381.925
46627,-384.400
46628,-386.050
46629,-388.700
46630,-391.400
46631,-383.200
46632,-385.575
46633,-387.175
46634,-389.700
46635,-392.450
46636,-383.800
46637,-386.375
46638,-388.775
46639,-390.775
46640,-393.550
46641,-395.575
46642,-387.175
46643,-389.875
46644,-392.000
46645,-394.025
46646,-396.725
46647,-398.825
46648,-390.825
46649,-393.275
46650,-395.825
46651,-397.725
46652,-400.225
46653,-402.375
46654,-394.850
46655,-396.475
46656,-399.050
46657,-401.375
46658,-403.900
46659,-405.975
46660,-397.850
46661,-399.675
46662,-402.575
46663,-404.600
46664,-381.650
46665,-398.675
46666,-401.525
46667,-403.900
46668,-406.325
46669,-382.600
46670,-384.800
46671,-402.750
46672,-404.925
46673,-381.550
46674,-383.475
46675,-386.075
46676,-388.450
46677,-406.225
46678,-382.350
46679,-385.175
46680,-387.100
46681,-389.250
46682,-391.775
46683,-384.050
46684,-385.975
46685,-388.600
46686,-390.925
46687,-392.675
46688,-385.075
46689,-387.025
46690,-389.650
46691,-392.100
46692,-394.300
46693,-396.175
46694,-388.000
46695,-390.875
46696,-392.550
46697,-395.375
46698,-397.525
46699,-399.850
46700,-392.150
46701,-394.375
46702,-396.625
46703,-398.325
46704,-400.600
46705,-403.050
46706,-394.925
46707,-397.775
46708,-399.575
46709,-402.175
46710,-404.650
46711,-396.275
46712,-398.875
46713,-401.250
46714,-403.425
46715,-405.650
46716,-381.750
46717,-399.475
46718,-402.225
46719,-404.375
46720,-380.775
46721,-383.250
46722,-385.750
46723,-402.850
46724,-405.650
46725,-382.400
46726,-384.775
46727,-386.675
46728,-388.625
46729,-380.775
46730,-383.475
46731,-385.825
46732,-388.075
46733,-390.225
46734,-392.325
46735,-384.375
46736,-386.475
46737,-388.850
46738,-391.575
46739,-393.925
46740,-385.500
46741,-387.625
46742,-390.175
46743,-392.200
46744,-394.500
46745,-397.250
46746,-389.300
46747,-391.600
46748,-393.525
46749,-396.200
46750,-398.175
46751,-400.700
46752,-392.625
46753,-394.725
46754,-396.650
46755,-399.725
46756,-401.250
46757,-403.525
46758,-396.100
46759,-398.175
46760,-400.750
46761,-403.050
46762,-405.125
46763,-397.225
46764,-399.625
46765,-401.800
46766,-404.050
46767,-405.900
46768,-382.725
46769,-400.750
46770,-402.850
46771,-405.275
46772,-381.550
46773,-384.050
46774,-386.350
46775,-403.800
46776,-406.650
46777,-382.825
46778,-384.875
46779,-386.975
46780,-389.475
46781,-382.025
46782,-384.300
46783,-385.975
46784,-388.525
46785,-390.550
46786,-383.075
46787,-384.900
46788,-387.050
46789,-390.125
46790,-392.275
46791,-394.700
46792,-386.625
46793,-388.450
46794,-391.175
46795,-392.725
46796,-395.125
46797,-398.025
46798,-389.500
46799,-391.875
46800,-394.600
46801,-396.725
46802,-399.050
46803,-401.550
46804,-393.525
46805,-395.325
46806,-397.725
46807,-400.325
46808,-402.575
46809,-404.500
46810,-396.575
46811,-398.650
46812,-401.100
46813,-403.325
46814,-405.400
46815,-397.775
46816,-399.750
46817,-402.675
46818,-404.975
46819,-381.350
46820,-383.250
46821,-401.325
46822,-403.750
46823,-405.850
46824,-382.250
46825,-384.975
46826,-387.175
46827,-404.300
46828,-381.050
46829,-383.475
46830,-385.925
46831,-388.175
46832,-390.625
46833,-382.600
46834,-384.600
46835,-387.300
46836,-389.750
46837,-391.825
46838,-383.850
46839,-385.925
46840,-388.100
46841,-390.325
46842,-392.875
46843,-394.700
46844,-387.250
46845,-389.525
46846,-391.450
46847,-393.975
46848,-396.375
46849,-398.175
46850,-390.500
46851,-392.725
46852,-395.325
46853,-397.175
46854,-399.925
46855,-402.275
46856,-394.025
46857,-396.075
46858,-398.375
46859,-400.450
46860,-402.750
46861,-395.050
46862,-397.650
46863,-399.725
46864,-401.850
46865,-403.800
46866,-406.875
46867,-398.825
46868,-400.750
46869,-402.750
46870,-405.600
46871,-382.025
46872,-384.450
46873,-401.850
46874,-404.550
46875,-406.825
46876,-383.400
46877,-385.175
46878,-387.100
46879,-405.025
46880,-381.675
46881,-384.150
46882,-386.225
46883,-389.225
46884,-391.625
46885,-382.925
46886,-385.575
46887,-387.325
46888,-390.375
46889,-391.925
46890,-384.350
46891,-386.675
46892,-389.225
46893,-391.400
46894,-393.300
46895,-395.675
46896,-387.875
46897,-390.400
46898,-392.725
46899,-394.350
46900,-396.875
46901,-398.750
46902,-390.975
46903,-393.550
46904,-395.850
46905,-398.025
46906,-399.950
46907,-402.725
46908,-394.825
46909,-396.525
46910,-399.250
46911,-401.500
46912,-403.950
46913,-396.075
46914,-398.175
46915,-400.450
46916,-402.950
46917,-404.975
46918,-381.375
46919,-398.825
46920,-401.450
46921,-403.450
46922,-406.425
46923,-383.125
46924,-385.225
46925,-402.650
46926,-405.225
46927,-381.450
46928,-383.950
46929,-385.725
46930,-388.475
46931,-406.025
46932,-382.675
46933,-385.225
46934,-387.500
46935,-389.750
46936,-381.400
46937,-384.000
46938,-386.375
46939,-388.100
46940,-390.400
46941,-393.275
46942,-384.650
46943,-387.650
46944,-389.850
46945,-391.875
46946,-394.050
46947,-396.475
46948,-388.575
46949,-391.025
46950,-392.650
46951,-395.750
46952,-397.475
46953,-400.250
46954,-392.000
46955,-394.500
46956,-396.525
46957,-398.375
46958,-400.650
46959,-403.700
46960,-395.275
46961,-397.550
46962,-399.950
46963,-402.450
46964,-404.700
46965,-396.775
46966,-398.675
46967,-401.450
46968,-403.100
46969,-405.900
46970,-381.975
46971,-399.950
46972,-402.500
46973,-404.725
46974,-380.875
46975,-383.525
46976,-385.925
46977,-403.250
46978,-405.700
46979,-382.300
46980,-384.850
46981,-386.725
46982,-389.050
46983,-381.050
46984,-383.775
46985,-385.850
46986,-387.600
46987,-390.325
46988,-382.550
46989,-384.950
46990,-386.925
46991,-389.150
46992,-391.325
46993,-393.675
46994,-386.000
46995,-388.000
46996,-390.250
46997,-392.725
46998,-395.175
46999,-397.225
47000,-389.100
47001,-391.600
47002,-393.875
47003,-396.225
47004,-398.350
47005,-400.900
47006,-392.925
47007,-394.750
47008,-397.575
47009,-399.725
47010,-401.750
47011,-404.400
47012,-395.975
47013,-398.625
47014,-400.275
47015,-402.900
47016,-405.300
47017,-397.275
47018,-399.425
47019,-401.500
47020,-404.050
47021,-406.375
47022,-383.175
47023,-400.375
47024,-403.000
47025,-405.425
47026,-382.250
47027,-384.150
47028,-386.250
47029,-404.000
47030,-406.200
47031,-382.875
47032,-385.200
47033,-387.050
47034,-390.225
47035,-382.050
47036,-384.475
47037,-386.525
47038,-388.625
47039,-391.200
47040,-383.125
47041,-385.050
47042,-387.775
47043,-389.525
47044,-392.450
47045,-394.200
47046,-386.625
47047,-389.150
47048,-390.650
47049,-393.050
47050,-395.350
47051,-398.225
47052,-389.525
47053,-392.225
47054,-394.875
47055,-397.100
47056,-399.125
47057,-401.100
47058,-393.675
47059,-395.425
47060,-397.950
47061,-400.350
47062,-402.375
47063,-394.600
47064,-396.925
47065,-399.275
47066,-401.575
47067,-403.800
47068,-405.650
47069,-398.175
47070,-400.225
47071,-402.275
47072,-404.450
47073,-381.000
47074,-383.850
47075,-401.575
47076,-403.550
47077,-405.975
47078,-382.800
47079,-385.125
47080,-386.625
47081,-404.650
47082,-381.600
47083,-383.725
47084,-386.300
47085,-388.475
47086,-390.400
47087,-382.925
47088,-385.000
47089,-387.025
47090,-389.575
47091,-391.550
47092,-384.000
47093,-385.750
47094,-388.450
47095,-390.500
47096,-393.075
47097,-394.800
47098,-386.975
47099,-389.825
47100,-391.550
47101,-393.750
47102,-395.825
47103,-398.250
47104,-390.725
47105,-393.350
47106,-395.225
47107,-397.825
47108,-399.725
47109,-401.925
47110,-394.300
47111,-396.325
47112,-398.525
47113,-400.900
47114,-403.125
47115,-395.150
47116,-397.275
47117,-399.475
47118,-402.350
47119,-404.300
47120,-406.425
47121,-399.025
47122,-400.650
47123,-403.100
47124,-405.175
47125,-382.450
47126,-384.675
47127,-401.750
47128,-404.175
47129,-406.275
47130,-383.200
47131,-385.200
47132,-387.600
47133,-405.425
47134,-381.975
47135,-384.625
47136,-386.400
47137,-388.925
47138,-381.050
47139,-383.300
47140,-385.650
47141,-387.825
47142,-390.275
47143,-392.700
47144,-384.375
47145,-386.300
47146,-388.900
47147,-391.200
47148,-393.250
47149,-395.925
47150,-387.850
47151,-390.550
47152,-392.150
47153,-394.600
47154,-397.075
47155,-399.125
47156,-391.725
47157,-393.775
47158,-395.575
47159,-398.025
47160,-399.975
47161,-402.550
47162,-395.000
47163,-396.975
47164,-398.925
47165,-401.575
47166,-403.900
47167,-395.725
47168,-398.125
47169,-400.750
47170,-403.150
47171,-405.125
47172,-381.725
47173,-399.125
47174,-401.200
47175,-403.800
47176,-406.100
47177,-382.775
47178,-384.775
47179,-402.575
47180,-405.050
47181,-381.725
47182,-384.300
47183,-386.475
47184,-388.275
47185,-406.375
47186,-382.525
47187,-385.375
47188,-387.575
47189,-389.475
47190,-381.725
47191,-384.275
47192,-386.525
47193,-388.575
47194,-391.200
47195,-393.300
47196,-385.425
47197,-387.275
47198,-389.350
47199,-391.925
47200,-394.200
47201,-396.800
47202,-388.425
47203,-391.075
47204,-392.825
47205,-395.875
47206,-398.025
47207,-400.025
47208,-391.800
47209,-394.400
47210,-396.725
47211,-398.825
47212,-400.950
47213,-393.550
47214,-395.650
47215,-397.325
47216,-400.175
47217,-402.450
47218,-404.700
47219,-396.875
47220,-399.175
47221,-401.050
47222,-403.425
47223,-405.800
47224,-382.775
47225,-399.750
47226,-402.450
47227,-404.475
47228,-381.550
47229,-383.675
47230,-386.075
47231,-403.375
47232,-405.650
47233,-382.700
47234,-384.650
47235,-386.625
47236,-389.525
47237,-380.975
47238,-383.800
47239,-385.850
47240,-387.650
47241,-390.375
47242,-382.700
47243,-384.550
47244,-387.300
47245,-389.525
47246,-391.950
47247,-394.175
47248,-385.425
47249,-388.100
47250,-390.325
47251,-392.925
47252,-395.025
47253,-397.250
47254,-388.975
47255,-391.800
47256,-393.675
47257,-396.450
47258,-398.225
47259,-400.575
47260,-392.550
47261,-394.650
47262,-397.250
47263,-399.350
47264,-402.150
47265,-394.175
47266,-395.900
47267,-398.350
47268,-400.850
47269,-402.725
47270,-405.550
47271,-397.025
47272,-399.350
47273,-402.225
47274,-404.100
47275,-406.700
47276,-383.075
47277,-400.550
47278,-403.225
47279,-405.450
47280,-382.175
47281,-384.450
47282,-386.575
47283,-403.950
47284,-406.375
47285,-383.175
47286,-385.000
47287,-388.000
47288,-405.425
47289,-381.825
47290,-384.250
47291,-386.700
47292,-389.025
47293,-391.500
47294,-383.075
47295,-385.325
47296,-388.100
47297,-389.950
47298,-392.000
47299,-394.500
47300,-386.275
47301,-389.050
47302,-391.500
47303,-393.500
47304,-396.075
47305,-398.275
47306,-390.325
47307,-392.200
47308,-394.950
47309,-396.825
47310,-399.425
47311,-401.800
47312,-393.400
47313,-395.750
47314,-398.425
47315,-400.375
47316,-402.725
47317,-394.700
47318,-396.775
47319,-399.350
47320,-401.150
47321,-403.700
47322,-405.975
47323,-398.450
47324,-400.450
47325,-402.450
47326,-405.125
47327,-381.775
47328,-383.900
47329,-401.800
47330,-404.150
47331,-406.375
47332,-382.325
47333,-385.225
47334,-387.500
47335,-404.700
47336,-381.500
47337,-383.625
47338,-386.075
47339,-388.700
47340,-406.450
47341,-383.175
47342,-385.225
47343,-387.500
47344,-389.400
47345,-392.100
47346,-384.100
47347,-386.375
47348,-387.950
47349,-390.700
47350,-392.975
47351,-395.175
47352,-387.500
47353,-389.575
47354,-391.600
47355,-394.450
47356,-396.775
47357,-398.675
47358,-390.325
47359,-392.975
47360,-395.375
47361,-397.375
47362,-399.425
47363,-391.825
47364,-393.850
47365,-396.800
47366,-398.975
47367,-400.700
47368,-403.450
47369,-395.650
47370,-397.525
47371,-400.125
47372,-402.525
47373,-404.750
47374,-381.175
47375,-399.125
47376,-401.350
47377,-403.050
47378,-405.300
47379,-382.650
47380,-384.525
47381,-401.850
47382,-404.850
47383,-380.775
47384,-383.750
47385,-385.750
47386,-387.925
47387,-405.975
47388,-382.600
47389,-384.775
47390,-386.575
47391,-389.425
47392,-381.350
47393,-383.725
47394,-385.800
47395,-388.375
47396,-390.500
47397,-392.225
47398,-384.775
47399,-387.125
47400,-388.900
47401,-391.600
47402,-393.575
47403,-395.875
47404,-387.775
47405,-390.625
47406,-392.275
47407,-395.125
47408,-397.025
47409,-399.275
47410,-391.225
47411,-394.150
47412,-396.175
47413,-398.350
47414,-400.450
47415,-392.525
47416,-394.875
47417,-396.825
47418,-399.175
47419,-402.025
47420,-404.000
47421,-396.050
47422,-398.425
47423,-400.375
47424,-402.900
47425,-405.350
47426,-382.125
47427,-399.375
47428,-401.850
47429,-404.050
47430,-406.225
47431,-382.825
47432,-385.200
47433,-402.900
47434,-405.400
47435,-382.125
47436,-384.050
47437,-385.975
47438,-378.750
47439,-406.325
47440,-382.900
47441,-385.525
47442,-387.375
47443,-390.275
47444,-382.200
47445,-384.050
47446,-386.400
47447,-388.850
47448,-391.075
47449,-393.450
47450,-384.975
47451,-387.200
47452,-389.675
47453,-391.825
47454,-394.650
47455,-396.975
47456,-388.700
47457,-390.925
47458,-393.625
47459,-396.025
47460,-398.250
47461,-399.850
47462,-392.525
47463,-394.600
47464,-396.875
47465,-398.875
47466,-401.450
47467,-393.500
47468,-395.875
47469,-397.875
47470,-400.075
47471,-402.450
47472,-404.350
47473,-396.925
47474,-398.975
47475,-401.525
47476,-403.600
47477,-405.625
47478,-382.550
47479,-400.175
47480,-402.425
47481,-404.975
47482,-381.850
47483,-383.450
47484,-385.975
47485,-403.775
47486,-406.075
47487,-382.575
47488,-385.200
47489,-387.025
47490,-405.075
47491,-381.825
47492,-383.725
47493,-385.750
47494,-388.600
47495,-390.450
47496,-382.675
47497,-384.750
47498,-387.000
47499,-389.050
47500,-391.550
47501,-394.250
47502,-386.300
47503,-388.525
47504,-390.150
47505,-393.150
47506,-395.275
47507,-397.375
47508,-389.725
47509,-391.875
47510,-393.925
47511,-395.850
47512,-398.750
47513,-390.550
47514,-392.925
47515,-395.550
47516,-397.275
47517,-399.650
47518,-402.350
47519,-394.275
47520,-396.650
47521,-398.825
47522,-401.150
47523,-403.150
47524,-405.850
47525,-397.350
47526,-399.975
47527,-402.100
47528,-404.650
47529,-406.900
47530,-383.350
47531,-400.800
47532,-403.600
47533,-405.075
47534,-382.425
47535,-384.600
47536,-386.575
47537,-404.150
47538,-381.275
47539,-383.200
47540,-385.825
47541,-387.850
47542,-405.450
47543,-382.550
47544,-384.625
47545,-386.525
47546,-388.625
47547,-391.175
47548,-383.300
47549,-385.225
47550,-387.775
47551,-390.525
47552,-392.050
47553,-394.875
47554,-386.525
47555,-388.925
47556,-391.300
47557,-393.925
47558,-396.175
47559,-398.475
47560,-390.325
47561,-392.725
47562,-394.550
47563,-397.275
47564,-399.475
47565,-391.575
47566,-393.875
47567,-395.450
47568,-397.775
47569,-400.650
47570,-403.100
47571,-394.650
47572,-396.975
47573,-399.350
47574,-401.700
47575,-404.175
47576,-405.850
47577,-398.250
47578,-400.600
47579,-402.575
47580,-405.300
47581,-381.450
47582,-383.900
47583,-401.700
47584,-403.750
47585,-406.425
47586,-383.200
47587,-385.425
47588,-387.200
47589,-404.950
47590,-381.725
47591,-384.400
47592,-386.475
47593,-388.750
47594,-406.225
47595,-383.175
47596,-384.900
47597,-386.975
47598,-389.525
47599,-392.200
47600,-383.625
47601,-386.600
47602,-388.450
47603,-390.875
47604,-393.400
47605,-395.325
47606,-387.600
47607,-389.725
47608,-392.250
47609,-394.375
47610,-396.675
47611,-399.125
47612,-391.250
47613,-393.575
47614,-395.650
47615,-398.075
47616,-400.225
47617,-392.250
47618,-394.500
47619,-396.925
47620,-399.025
47621,-401.200
47622,-403.325
47623,-395.375
47624,-397.525
47625,-400.275
47626,-402.100
47627,-404.375
47628,-381.400
47629,-399.250
47630,-401.150
47631,-403.850
47632,-406.175
47633,-382.825
47634,-384.600
47635,-402.375
47636,-404.925
47637,-381.100
47638,-383.475
47639,-385.750
47640,-403.375
47641,-405.650
47642,-382.650
47643,-384.500
47644,-386.725
47645,-389.225
47646,-381.675
47647,-383.675
47648,-386.075
47649,-388.075
47650,-390.050
47651,-392.500
47652,-384.950
47653,-386.800
47654,-389.125
47655,-391.400
47656,-394.275
47657,-396.325
47658,-388.325
47659,-390.625
47660,-392.675
47661,-395.000
47662,-396.975
47663,-399.425
47664,-391.675
47665,-393.850
47666,-396.525
47667,-398.525
47668,-400.800
47669,-392.800
47670,-395.125
47671,-397.475
47672,-399.425
47673,-402.225
47674,-404.000
47675,-396.225
47676,-398.625
47677,-400.850
47678,-402.900
47679,-405.450
47680,-381.850
47681,-399.725
47682,-401.650
47683,-404.550
47684,-406.700
47685,-383.075
47686,-385.525
47687,-403.225
47688,-405.500
47689,-382.125
47690,-384.100
47691,-386.625
47692,-404.500
47693,-406.825
47694,-383.275
47695,-385.075
47696,-387.200
47697,-390.175
47698,-382.250
47699,-384.500
47700,-386.675
47701,-388.600
47702,-391.200
47703,-393.100
47704,-385.450
47705,-387.625
47706,-390.375
47707,-392.275
47708,-394.700
47709,-397.025
47710,-388.600
47711,-391.500
47712,-393.400
47713,-395.875
47714,-398.375
47715,-389.875
47716,-392.100
47717,-394.500
47718,-396.725
47719,-399.425
47720,-401.150
47721,-393.150
47722,-396.050
47723,-398.050
47724,-400.375
47725,-402.525
47726,-404.775
47727,-397.275
47728,-399.250
47729,-401.450
47730,-403.800
47731,-405.925
47732,-383.025
47733,-400.600
47734,-402.525
47735,-404.975
47736,-381.725
47737,-384.050
47738,-386.075
47739,-404.050
47740,-406.325
47741,-382.875
47742,-385.175
47743,-387.050
47744,-405.050
47745,-381.825
47746,-383.875
47747,-385.900
47748,-388.500
47749,-391.150
47750,-382.725
47751,-385.325
47752,-386.975
47753,-389.750
47754,-391.400
47755,-394.500
47756,-386.375
47757,-388.825
47758,-390.700
47759,-392.800
47760,-395.175
47761,-397.825
47762,-389.425
47763,-391.950
47764,-394.375
47765,-396.475
47766,-398.825
47767,-390.450
47768,-393.075
47769,-395.125
47770,-397.250
47771,-400.075
47772,-402.375
47773,-393.975
47774,-396.675
47775,-398.975
47776,-400.950
47777,-403.225
47778,-405.275
47779,-397.875
47780,-399.650
47781,-402.450
47782,-404.300
47783,-380.775
47784,-383.025
47785,-401.200
47786,-403.675
47787,-405.975
47788,-382.500
47789,-384.700
47790,-402.425
47791,-404.400
47792,-380.975
47793,-383.350
47794,-385.575
47795,-387.925
47796,-405.900
47797,-382.550
47798,-384.375
47799,-386.925
47800,-389.350
47801,-391.700
47802,-383.550
47803,-385.300
47804,-388.375
47805,-390.725
47806,-392.975
47807,-394.875
47808,-387.150
47809,-389.350
47810,-391.500
47811,-394.075
47812,-395.975
47813,-398.625
47814,-390.325
47815,-392.375
47816,-395.275
47817,-396.925
47818,-399.350
47819,-391.625
47820,-393.975
47821,-396.300
47822,-398.525
47823,-400.525
47824,-402.950
47825,-395.250
47826,-397.350
47827,-399.250
47828,-401.850
47829,-404.250
47830,-406.025
47831,-398.650
47832,-400.350
47833,-403.225
47834,-405.425
47835,-382.125
47836,-383.800
47837,-401.300
47838,-404.000
47839,-406.425
47840,-383.025
47841,-385.200
47842,-403.325
47843,-405.125
47844,-381.875
47845,-383.800
47846,-385.975
47847,-389.000
47848,-406.450
47849,-383.025
47850,-384.875
47851,-387.450
47852,-390.025
47853,-391.675
47854,-384.000
47855,-386.350
47856,-388.450
47857,-390.625
47858,-393.500
47859,-395.525
47860,-387.500
47861,-389.725
47862,-392.325
47863,-394.750
47864,-396.600
47865,-388.675
47866,-391.300
47867,-393.300
47868,-395.575
47869,-397.725
47870,-399.925
47871,-392.375
47872,-394.800
47873,-396.475
47874,-399.350
47875,-401.650
47876,-403.600
47877,-395.325
47878,-397.725
47879,-399.975
47880,-402.425
47881,-404.700
47882,-381.525
47883,-399.050
47884,-401.650
47885,-403.250
47886,-405.850
47887,-382.500
47888,-384.475
47889,-402.525
47890,-404.475
47891,-381.525
47892,-383.850
47893,-386.300
47894,-403.350
47895,-406.375
47896,-382.925
47897,-385.200
47898,-386.850
47899,-388.950
47900,-381.300
47901,-384.050
47902,-386.275
47903,-388.275
47904,-390.325
47905,-392.550
47906,-385.125
47907,-386.725
47908,-389.725
47909,-391.450
47910,-394.200
47911,-396.175
47912,-388.225
47913,-390.325
47914,-392.700
47915,-394.750
47916,-397.675
47917,-389.250
47918,-391.725
47919,-394.025
47920,-396.275
47921,-398.350
47922,-401.125
47923,-392.975
47924,-394.925
47925,-397.250
47926,-399.725
47927,-402.325
47928,-403.950
47929,-396.650
47930,-398.675
47931,-400.750
47932,-402.900
47933,-405.450
47934,-382.050
47935,-399.525
47936,-401.725
47937,-404.200
47938,-381.275
47939,-383.725
47940,-400.950
47941,-402.950
47942,-405.600
47943,-381.650
47944,-384.200
47945,-386.400
47946,-404.075
47947,-381.175
47948,-383.250
47949,-385.800
47950,-387.625
47951,-390.175
47952,-381.925
47953,-384.700
47954,-386.725
47955,-389.100
47956,-391.500
47957,-393.775
47958,-385.650
47959,-387.875
47960,-390.125
47961,-392.425
47962,-394.750
47963,-396.975
47964,-388.850
47965,-391.225
47966,-393.575
47967,-395.775
47968,-398.175
47969,-390.125
47970,-392.725
47971,-394.825
47972,-396.875
47973,-399.525
47974,-401.250
47975,-393.650
47976,-396.175
47977,-398.325
47978,-400.500
47979,-402.325
47980,-405.225
47981,-397.075
47982,-399.425
47983,-401.500
47984,-403.900
47985,-406.175
47986,-382.700
47987,-400.500
47988,-403.100
47989,-404.875
47990,-381.375
47991,-384.200
47992,-401.700
47993,-404.175
47994,-406.450
47995,-382.825
47996,-385.275
47997,-386.975
47998,-404.950
47999,-381.675
48000,-384.075
48001,-386.250
48002,-388.100
48003,-391.175
48004,-383.075
48005,-384.850
48006,-387.725
48007,-389.625
48008,-392.200
48009,-394.200
48010,-386.525
48011,-388.675
48012,-390.825
48013,-393.200
48014,-395.225
48015,-387.775
48016,-389.625
48017,-392.100
48018,-393.925
48019,-396.550
48020,-398.550
48021,-390.875
48022,-393.150
48023,-395.775
48024,-398.075
48025,-400.075
48026,-402.500
48027,-394.475
48028,-396.650
48029,-398.575
48030,-401.200
48031,-403.375
48032,-405.625
48033,-397.575
48034,-399.675
48035,-402.575
48036,-404.500
48037,-381.525
48038,-383.475
48039,-401.350
48040,-403.375
48041,-405.900
48042,-382.450
48043,-384.650
48044,-402.625
48045,-404.375
48046,-381.650
48047,-383.525
48048,-385.450
48049,-387.875
48050,-405.850
48051,-382.700
48052,-384.775
48053,-387.250
48054,-389.100
48055,-391.725
48056,-383.450
48057,-385.525
48058,-388.325
48059,-390.300
48060,-392.275
48061,-394.850
48062,-387.000
48063,-388.925
48064,-391.450
48065,-393.500
48066,-396.275
48067,-388.450
48068,-390.450
48069,-392.550
48070,-395.325
48071,-397.375
48072,-399.750
48073,-391.550
48074,-394.175
48075,-396.225
48076,-398.275
48077,-401.150
48078,-403.050
48079,-395.000
48080,-397.175
48081,-399.650
48082,-402.125
48083,-404.400
48084,-406.700
48085,-398.350
48086,-401.050
48087,-402.900
48088,-405.500
48089,-381.950
48090,-374.025
48091,-402.175
48092,-404.300
48093,-406.550
48094,-383.275
48095,-384.975
48096,-403.425
48097,-405.175
48098,-382.100
48099,-384.525
48100,-386.675
48101,-388.525
48102,-406.325
48103,-383.350
48104,-385.175
48105,-387.850
48106,-389.650
48107,-392.550
48108,-384.250
48109,-386.525
48110,-388.525
48111,-391.050
48112,-393.075
48113,-396.075
48114,-387.975
48115,-390.250
48116,-392.275
48117,-394.800
48118,-396.675
48119,-388.575
48120,-391.225
48121,-393.775
48122,-395.725
48123,-398.225
48124,-400.225
48125,-392.050
48126,-394.925
48127,-397.125
48128,-399.425
48129,-401.550
48130,-403.600
48131,-396.050
48132,-398.275
48133,-400.575
48134,-402.625
48135,-404.925
48136,-381.350
48137,-399.275
48138,-401.725
48139,-403.550
48140,-406.275
48141,-382.925
48142,-400.325
48143,-402.525
48144,-405.225
48145,-381.925
48146,-383.850
48147,-386.475
48148,-404.150
48149,-406.125
48150,-382.675
48151,-385.225
48152,-386.850
48153,-389.725
48154,-381.550
48155,-384.150
48156,-385.650
48157,-388.275
48158,-390.725
48159,-392.875
48160,-385.325
48161,-387.100
48162,-389.875
48163,-392.100
48164,-393.850
48165,-385.975
48166,-388.675
48167,-390.625
48168,-393.275
48169,-395.575
48170,-397.275
48171,-389.775
48172,-391.875
48173,-394.400
48174,-396.175
48175,-399.025
48176,-400.825
48177,-393.350
48178,-395.225
48179,-397.525
48180,-399.750
48181,-402.275
48182,-403.950
48183,-396.350
48184,-399.050
48185,-400.650
48186,-403.325
48187,-405.550
48188,-382.075
48189,-399.525
48190,-402.525
48191,-404.750
48192,-381.075
48193,-383.475
48194,-400.750
48195,-403.000
48196,-405.750
48197,-382.225
48198,-384.550
48199,-386.800
48200,-404.150
48201,-380.900
48202,-383.675
48203,-385.750
48204,-387.975
48205,-390.375
48206,-382.400
48207,-384.850
48208,-386.400
48209,-389.425
48210,-391.225
48211,-393.950
48212,-385.525
48213,-387.825
48214,-390.600
48215,-392.200
48216,-395.050
48217,-386.475
48218,-389.025
48219,-391.050
48220,-393.875
48221,-395.925
48222,-398.225
48223,-390.675
48224,-392.625
48225,-394.925
48226,-396.825
48227,-399.275
48228,-401.525
48229,-393.825
48230,-396.375
48231,-398.075
48232,-400.575
48233,-402.750
48234,-404.950
48235,-397.025
48236,-399.675
48237,-401.575
48238,-404.375
48239,-405.875
48240,-382.925
48241,-400.900
48242,-402.775
48243,-405.325
48244,-381.750
48245,-383.800
48246,-402.150
48247,-404.050
48248,-406.550
48249,-382.975
48250,-385.375
48251,-387.400
48252,-405.325
48253,-382.175
48254,-384.375
48255,-386.175
48256,-388.225
48257,-391.175
48258,-383.300
48259,-385.075
48260,-387.575
48261,-389.975
48262,-392.200
48263,-394.350
48264,-386.250
48265,-389.025
48266,-390.550
48267,-393.625
48268,-395.375
48269,-387.275
48270,-390.125
48271,-391.875
48272,-394.450
48273,-396.325
48274,-399.350
48275,-391.350
48276,-393.275
48277,-395.550
48278,-397.825
48279,-399.725
48280,-402.625
48281,-394.500
48282,-396.925
48283,-399.175
48284,-401.300
48285,-403.125
48286,-405.550
48287,-397.775
48288,-400.550
48289,-402.450
48290,-404.600
48291,-381.525
48292,-398.675
48293,-401.250
48294,-403.600
48295,-406.275
48296,-382.925
48297,-385.075
48298,-402.225
48299,-404.750
48300,-381.150
48301,-383.475
48302,-386.300
48303,-388.225
48304,-406.025
48305,-382.825
48306,-384.875
48307,-386.925
48308,-389.225
48309,-391.950
48310,-383.275
48311,-385.575
48312,-388.475
48313,-390.425
48314,-393.100
48315,-395.325
48316,-387.300
48317,-389.775
48318,-391.500
48319,-393.975
48320,-396.575
48321,-388.175
48322,-390.875
48323,-393.025
48324,-395.225
48325,-397.175
48326,-399.575
48327,-391.800
48328,-393.775
48329,-396.475
48330,-398.850
48331,-401.000
48332,-403.525
48333,-395.275
48334,-397.725
48335,-400.025
48336,-401.900
48337,-404.650
48338,-406.950
48339,-398.325
48340,-401.100
48341,-403.025
48342,-405.025
48343,-381.950
48344,-400.025
48345,-401.925
48346,-404.500
48347,-406.650
48348,-383.275
48349,-385.425
48350,-403.600
48351,-405.850
48352,-382.125
48353,-384.100
48354,-386.550
48355,-388.875
48356,-406.975
48357,-383.175
48358,-385.300
48359,-387.950
48360,-390.125
48361,-392.325
48362,-384.475
48363,-386.475
48364,-388.925
48365,-390.925
48366,-393.875
48367,-385.425
48368,-387.500
48369,-389.875
48370,-392.550
48371,-394.375
48372,-396.825
48373,-389.250
48374,-391.250
48375,-393.825
48376,-395.875
48377,-398.150
48378,-400.700
48379,-392.600
48380,-394.825
48381,-397.275
48382,-398.925
48383,-401.800
48384,-403.900
48385,-395.475
48386,-398.450
48387,-400.350
48388,-402.500
48389,-405.125
48390,-381.550
48391,-399.175
48392,-401.450
48393,-404.100
48394,-406.575
48395,-382.675
48396,-400.225
48397,-403.050
48398,-405.175
48399,-381.725
48400,-384.100
48401,-385.925
48402,-404.150
48403,-406.375
48404,-382.725
48405,-384.950
48406,-387.400
48407,-389.525
48408,-381.825
48409,-384.375
48410,-386.150
48411,-388.100
48412,-390.650
48413,-393.375
48414,-385.200
48415,-387.200
48416,-389.875
48417,-392.050
48418,-394.250
48419,-386.250
48420,-389.025
48421,-391.150
48422,-393.150
48423,-395.450
48424,-397.575
48425,-389.975
48426,-392.200
48427,-394.125
48428,-396.225
48429,-399.275
48430,-401.375
48431,-393.300
48432,-395.675
48433,-397.875
48434,-399.875
48435,-402.350
48436,-404.250
48437,-396.675
48438,-399.100
48439,-401.100
48440,-403.800
48441,-405.525
48442,-397.875
48443,-400.000
48444,-402.525
48445,-404.600
48446,-381.600
48447,-383.475
48448,-400.900
48449,-403.850
48450,-405.300
48451,-382.350
48452,-384.500
48453,-386.850
48454,-404.375
48455,-381.550
48456,-383.800
48457,-386.150
48458,-388.250
48459,-390.425
48460,-382.600
48461,-384.975
48462,-386.850
48463,-389.425
48464,-391.825
48465,-393.775
48466,-386.025
48467,-387.800
48468,-390.275
48469,-392.825
48470,-394.875
48471,-387.325
48472,-389.425
48473,-391.250
48474,-393.875
48475,-396.125
48476,-398.725
48477,-390.875
48478,-392.375
48479,-395.150
48480,-397.625
48481,-399.425
48482,-402.000
48483,-393.975
48484,-396.550
48485,-398.525
48486,-400.450
48487,-403.250
48488,-405.050
48489,-397.625
48490,-399.850
48491,-402.175
48492,-404.050
48493,-406.700
48494,-398.450
48495,-400.850
48496,-403.300
48497,-404.925
48498,-381.600
48499,-384.300
48500,-401.800
48501,-404.100
48502,-406.825
48503,-383.350
48504,-385.175
48505,-387.775
48506,-405.650
48507,-382.250
48508,-384.200
48509,-386.300
48510,-388.925
48511,-391.225
48512,-383.400
48513,-385.325
48514,-387.375
48515,-390.275
48516,-391.875
48517,-383.900
48518,-386.175
48519,-388.850
48520,-391.025
48521,-392.975
48522,-395.900
48523,-387.600
48524,-389.725
48525,-392.625
48526,-394.650
48527,-396.975
48528,-398.850
48529,-391.500
48530,-393.075
48531,-395.750
48532,-397.925
48533,-400.550
48534,-402.900
48535,-394.925
48536,-396.450
48537,-399.175
48538,-401.800
48539,-403.700
48540,-406.325
48541,-398.175
48542,-400.350
48543,-402.750
48544,-405.225
48545,-381.850
48546,-398.775
48547,-401.350
48548,-404.150
48549,-405.925
48550,-382.600
48551,-384.975
48552,-402.850
48553,-404.975
48554,-381.550
48555,-384.000
48556,-386.150
48557,-388.700
48558,-405.850
48559,-382.825
48560,-384.625
48561,-387.150
48562,-389.675
48563,-391.550
48564,-383.950
48565,-386.475
48566,-388.700
48567,-390.875
48568,-392.675
48569,-385.225
48570,-387.325
48571,-389.600
48572,-391.825
48573,-394.275
48574,-396.575
48575,-388.000
48576,-390.825
48577,-392.900
48578,-395.625
48579,-397.325
48580,-400.075
48581,-391.700
48582,-394.450
48583,-396.575
48584,-399.025
48585,-401.375
48586,-403.300
48587,-395.625
48588,-397.850
48589,-399.775
48590,-402.375
48591,-404.650
48592,-396.775
48593,-398.750
48594,-401.300
48595,-403.475
48596,-406.000
48597,-382.225
48598,-399.575
48599,-402.450
48600,-404.650
48601,-381.075
48602,-383.125
48603,-385.650
48604,-403.425
48605,-405.125
48606,-382.650
48607,-384.700
48608,-386.475
48609,-389.125
48610,-381.400
48611,-383.350
48612,-385.600
48613,-388.225
48614,-390.250
48615,-392.800
48616,-384.150
48617,-386.675
48618,-389.025
48619,-391.050
48620,-394.025
48621,-385.575
48622,-387.875
48623,-390.075
48624,-392.775
48625,-394.750
48626,-396.925
48627,-389.525
48628,-391.550
48629,-393.625
48630,-395.850
48631,-398.275
48632,-400.275
48633,-392.225
48634,-394.600
48635,-397.175
48636,-399.650
48637,-401.725
48638,-404.300
48639,-395.925
48640,-397.950
48641,-400.850
48642,-403.125
48643,-405.350
48644,-396.825
48645,-399.425
48646,-401.550
48647,-403.850
48648,-406.125
48649,-382.925
48650,-400.950
48651,-402.750
48652,-405.075
48653,-381.750
48654,-384.350
48655,-386.050
48656,-404.375
48657,-406.600
48658,-382.900
48659,-385.075
48660,-387.575
48661,-389.625
48662,-382.225
48663,-384.500
48664,-386.625
48665,-388.775
48666,-391.250
48667,-383.075
48668,-385.200
48669,-387.375
48670,-389.875
48671,-391.950
48672,-394.750
48673,-386.800
48674,-388.825
48675,-391.150
48676,-393.625
48677,-395.925
48678,-398.125
48679,-390.300
48680,-392.525
48681,-394.300
48682,-396.675
48683,-398.750
48684,-401.550
48685,-393.675
48686,-395.775
48687,-397.475
48688,-400.275
48689,-402.175
48690,-404.975
48691,-396.925
48692,-398.625
48693,-401.300
48694,-403.850
48695,-405.550
48696,-397.675
48697,-400.025
48698,-402.450
48699,-404.750
48700,-381.550
48701,-383.950
48702,-401.250
48703,-403.975
48704,-405.800
48705,-382.450
48706,-384.675
48707,-387.275
48708,-404.400
48709,-381.625
48710,-383.775
48711,-386.250
48712,-388.175
48713,-390.700
48714,-382.925
48715,-384.950
48716,-387.375
48717,-389.625
48718,-391.925
48719,-383.650
48720,-386.075
48721,-388.525
48722,-390.425
48723,-392.450
48724,-395.350
48725,-386.800
48726,-389.525
48727,-391.600
48728,-394.050
48729,-396.225
48730,-398.350
48731,-390.700
48732,-392.825
48733,-395.425
48734,-397.125
48735,-399.625
48736,-401.725
48737,-393.975
48738,-396.500
48739,-398.450
48740,-400.950
48741,-403.425
48742,-395.375
48743,-397.675
48744,-399.825
48745,-401.925
48746,-404.700
48747,-406.850
48748,-398.275
48749,-400.825
48750,-403.425
48751,-405.400
48752,-382.125
48753,-384.600
48754,-402.375
48755,-404.825
48756,-406.275
48757,-383.300
48758,-385.750
48759,-387.575
48760,-405.450
48761,-382.250
48762,-384.600
48763,-386.725
48764,-388.800
48765,-391.600
48766,-383.250
48767,-385.525
48768,-387.950
48769,-390.125
48770,-392.675
48771,-383.975
48772,-386.525
48773,-388.950
48774,-391.550
48775,-393.875
48776,-396.175
48777,-387.600
48778,-390.450
48779,-392.725
48780,-394.650
48781,-396.550
48782,-399.575
48783,-391.700
48784,-393.950
48785,-395.825
48786,-398.325
48787,-400.600
48788,-402.275
48789,-394.750
48790,-397.250
48791,-399.350
48792,-401.450
48793,-403.700
48794,-396.175
48795,-398.250
48796,-400.375
48797,-402.950
48798,-404.850
48799,-382.050
48800,-399.150
48801,-401.650
48802,-404.175
48803,-406.225
48804,-382.675
48805,-385.375
48806,-402.950
48807,-405.075
48808,-381.725
48809,-384.300
48810,-386.075
48811,-388.275
48812,-406.200
48813,-382.875
48814,-385.275
48815,-387.325
48816,-389.675
48817,-381.625
48818,-383.850
48819,-386.175
48820,-388.875
48821,-391.175
48822,-393.100
48823,-384.950
48824,-387.600
48825,-389.725
48826,-391.875
48827,-394.200
48828,-396.725
48829,-388.525
48830,-391.200
48831,-393.175
48832,-395.575
48833,-397.950
48834,-399.625
48835,-392.050
48836,-394.200
48837,-396.350
48838,-399.250
48839,-401.450
48840,-403.700
48841,-395.775
48842,-397.825
48843,-399.825
48844,-402.550
48845,-404.825
48846,-396.800
48847,-399.025
48848,-401.550
48849,-403.375
48850,-405.850
48851,-382.600
48852,-399.750
48853,-402.325
48854,-404.600
48855,-381.450
48856,-383.900
48857,-385.900
48858,-403.550
48859,-405.275
48860,-382.675
48861,-384.350
48862,-386.600
48863,-389.525
48864,-381.300
48865,-383.275
48866,-385.725
48867,-388.050
48868,-390.500
48869,-382.325
48870,-384.650
48871,-387.250
48872,-388.900
48873,-391.700
48874,-393.375
48875,-385.675
48876,-388.100
48877,-390.325
48878,-392.925
48879,-395.275
48880,-396.875
48881,-388.800
48882,-391.775
48883,-394.150
48884,-396.650
48885,-398.375
48886,-401.050
48887,-393.075
48888,-394.875
48889,-397.125
48890,-399.550
48891,-402.225
48892,-404.550
48893,-396.225
48894,-398.525
48895,-401.050
48896,-403.225
48897,-405.175
48898,-397.375
48899,-399.850
48900,-402.050
48901,-404.450
48902,-406.750
48903,-382.975
48904,-400.900
48905,-402.775
48906,-405.525
48907,-382.125
48908,-384.400
48909,-386.400
48910,-404.550
48911,-406.575
48912,-383.450
48913,-385.700
48914,-387.775
48915,-389.950
48916,-381.975
48917,-384.675
48918,-386.850
48919,-388.750
48920,-391.325
48921,-383.200
48922,-385.575
48923,-388.000
48924,-389.725
48925,-392.200
48926,-394.750
48927,-386.700
48928,-388.900
48929,-391.125
48930,-393.150
48931,-396.125
48932,-398.375
48933,-390.025
48934,-392.050
48935,-394.950
48936,-397.100
48937,-398.675
48938,-401.400
48939,-393.300
48940,-395.325
48941,-397.725
48942,-400.050
48943,-402.725
48944,-394.700
48945,-397.000
48946,-399.375
48947,-401.750
48948,-403.875
48949,-405.850
48950,-398.325
48951,-399.925
48952,-402.150
48953,-404.500
48954,-381.375
48955,-383.800
48956,-401.300
48957,-404.050
48958,-405.650
48959,-382.550
48960,-385.150
48961,-387.025
48962,-405.125
48963,-381.400
48964,-383.525
48965,-386.025
48966,-388.625
48967,-390.825
48968,-382.675
48969,-385.275
48970,-387.450
48971,-389.400
48972,-392.200
48973,-383.525
48974,-386.250
48975,-388.075
48976,-390.700
48977,-392.600
48978,-395.450
48979,-387.175
48980,-389.875
48981,-391.600
48982,-394.250
48983,-396.625
48984,-398.875
48985,-390.825
48986,-393.250
48987,-395.575
48988,-397.525
48989,-400.025
48990,-402.450
48991,-394.475
48992,-396.575
48993,-398.950
48994,-400.850
48995,-403.300
48996,-395.625
48997,-397.575
48998,-399.750
48999,-402.500
49000,-404.725
49001,-381.450
49002,-398.550
49003,-401.300
49004,-403.550
49005,-405.325
49006,-382.250
49007,-384.400
49008,-402.275
49009,-404.450
49010,-381.500
49011,-383.525
49012,-385.575
49013,-388.100
49014,-405.900
49015,-382.325
49016,-384.700
49017,-387.025
49018,-388.750
49019,-381.450
49020,-383.650
49021,-385.825
49022,-388.025
49023,-390.550
49024,-392.825
49025,-384.600
49026,-386.975
49027,-388.900
49028,-391.400
49029,-394.025
49030,-395.925
49031,-388.100
49032,-390.025
49033,-392.725
49034,-395.125
49035,-396.875
49036,-399.675
49037,-391.075
49038,-393.650
49039,-396.175
49040,-398.525
49041,-400.375
49042,-402.450
49043,-394.575
49044,-397.375
49045,-399.775
49046,-401.575
49047,-403.700
49048,-396.325
49049,-398.225
49050,-400.925
49051,-402.450
49052,-405.350
49053,-381.975
49054,-399.375
49055,-401.625
49056,-404.375
49057,-406.225
49058,-382.775
49059,-385.400
49060,-403.000
49061,-405.425
49062,-381.600
49063,-384.150
49064,-386.225
49065,-388.475
49066,-406.650
49067,-383.350
49068,-385.200
49069,-387.325
49070,-389.475
49071,-382.175
49072,-383.775
49073,-386.450
49074,-388.425
49075,-391.400
49076,-393.625
49077,-385.425
49078,-387.600
49079,-389.800
49080,-392.275
49081,-394.350
49082,-397.100
49083,-389.000
49084,-390.975
49085,-393.275
49086,-395.475
49087,-398.175
49088,-400.375
49089,-391.875
49090,-394.700
49091,-396.425
49092,-398.925
49093,-401.300
49094,-393.300
49095,-395.650
49096,-398.025
49097,-399.950
49098,-402.275
49099,-404.700
49100,-396.375
49101,-399.425
49102,-400.950
49103,-403.950
49104,-406.125
49105,-382.550
49106,-400.325
49107,-402.175
49108,-404.950
49109,-381.400
49110,-383.550
49111,-386.275
49112,-403.900
49113,-405.650
49114,-382.200
49115,-385.075
49116,-387.250
49117,-389.650
49118,-381.600
49119,-383.975
49120,-385.600
49121,-387.975
49122,-390.250
49123,-382.700
49124,-384.700
49125,-386.825
49126,-389.750
49127,-391.825
49128,-393.925
49129,-386.325
49130,-388.525
49131,-390.875
49132,-392.425
49133,-395.275
49134,-397.150
49135,-389.750
49136,-392.050
49137,-393.975
49138,-396.275
49139,-398.925
49140,-400.900
49141,-392.875
49142,-395.550
49143,-397.325
49144,-399.975
49145,-402.375
49146,-394.400
49147,-396.050
49148,-398.425
49149,-401.200
49150,-403.250
49151,-405.650
49152,-397.550
49153,-399.725
49154,-401.575
49155,-403.900
49156,-406.825
49157,-383.475
49158,-401.150
49159,-403.000
49160,-405.500
49161,-382.550
49162,-384.525
49163,-386.850
49164,-403.975
49165,-381.300
49166,-383.575
49167,-385.225
49168,-387.725
49169,-405.800
49170,-382.050
49171,-384.550
49172,-386.525
49173,-388.750
49174,-391.150
49175,-383.125
49176,-385.400
49177,-387.850
49178,-390.075
49179,-392.650
49180,-394.850
49181,-386.975
49182,-388.875
49183,-390.900
49184,-393.775
49185,-395.525
49186,-397.825
49187,-389.950
49188,-392.550
49189,-395.025
49190,-396.600
49191,-399.175
49192,-401.850
49193,-393.250
49194,-395.975
49195,-397.950
49196,-400.075
49197,-402.625
49198,-394.800
49199,-396.675
49200,-399.175
49201,-401.850
49202,-403.425
49203,-406.375
49204,-398.150
49205,-400.425
49206,-402.650
49207,-404.875
49208,-381.775
49209,-383.975
49210,-401.450
49211,-404.200
49212,-406.000
49213,-382.925
49214,-384.700
49215,-387.175
49216,-404.875
49217,-381.750
49218,-384.250
49219,-385.800
49220,-388.325
49221,-406.325
49222,-382.725
49223,-384.750
49224,-387.450
49225,-390.025
49226,-392.150
49227,-384.375
49228,-386.300
49229,-388.850
49230,-390.825
49231,-393.100
49232,-395.175
49233,-387.725
49234,-390.050
49235,-392.325
49236,-394.650
49237,-396.475
49238,-398.650
49239,-390.975
49240,-393.400
49241,-395.675
49242,-398.025
49243,-400.000
49244,-391.950
49245,-394.150
49246,-396.675
49247,-399.025
49248,-401.625
49249,-403.325
49250,-395.725
49251,-398.125
49252,-400.150
49253,-402.100
49254,-404.450
49255,-381.150
49256,-399.050
49257,-401.250
49258,-403.650
49259,-405.650
49260,-382.125
49261,-384.650
49262,-402.550
49263,-404.975
49264,-381.550
49265,-383.725
49266,-385.650
49267,-387.650
49268,-405.400
49269,-382.400
49270,-384.950
49271,-387.175
49272,-389.350
49273,-381.275
49274,-383.975
49275,-385.925
49276,-388.000
49277,-390.250
49278,-393.075
49279,-384.900
49280,-386.825
49281,-389.225
49282,-391.500
49283,-393.950
49284,-396.025
49285,-388.475
49286,-390.700
49287,-392.875
49288,-394.850
49289,-397.325
49290,-399.850
49291,-391.925
49292,-394.250
49293,-396.375
49294,-398.475
49295,-400.350
49296,-393.175
49297,-395.375
49298,-397.000
49299,-399.625
49300,-401.550
49301,-404.375
49302,-396.350
49303,-398.375
49304,-400.725
49305,-402.850
49306,-405.025
49307,-382.300
49308,-399.150
49309,-401.900
49310,-404.600
49311,-406.325
49312,-383.350
49313,-385.275
49314,-403.350
49315,-405.600
49316,-381.675
49317,-384.175
49318,-386.725
49319,-378.300
49320,-406.275
49321,-382.875
49322,-385.200
49323,-387.500
49324,-389.850
49325,-382.025
49326,-384.150
49327,-386.700
49328,-388.525
49329,-390.900
49330,-393.075
49331,-385.325
49332,-387.800
49333,-389.975
49334,-392.725
49335,-394.150
49336,-396.725
49337,-389.225
49338,-391.450
49339,-393.675
49340,-396.025
49341,-397.975
49342,-400.650
49343,-392.625
49344,-394.200
49345,-397.250
49346,-399.550
49347,-401.300
49348,-393.250
49349,-395.850
49350,-398.475
49351,-400.325
49352,-402.375
49353,-404.850
49354,-397.275
49355,-399.075
49356,-401.500
49357,-403.675
49358,-406.000
49359,-382.600
49360,-400.175
49361,-402.325
49362,-405.075
49363,-381.375
49364,-384.100
49365,-385.750
49366,-403.700
49367,-406.225
49368,-382.675
49369,-385.325
49370,-387.625
49371,-405.175
49372,-381.750
49373,-383.850
49374,-386.125
49375,-388.625
49376,-390.825
49377,-382.525
49378,-385.150
49379,-387.650
49380,-389.575
49381,-391.875
49382,-393.875
49383,-386.400
49384,-388.700
49385,-391.075
49386,-393.025
49387,-395.000
49388,-397.325
49389,-389.400
49390,-392.150
49391,-394.250
49392,-396.300
49393,-398.450
49394,-390.825
49395,-392.800
49396,-395.450
49397,-397.575
49398,-399.675
49399,-402.050
49400,-393.975
49401,-396.350
49402,-398.375
49403,-400.575
49404,-403.000
49405,-405.550
49406,-397.475
49407,-399.650
49408,-402.500
49409,-404.775
49410,-381.100
49411,-383.475
49412,-401.100
49413,-403.550
49414,-405.450
49415,-382.175
49416,-384.350
49417,-386.675
49418,-404.250
49419,-380.875
49420,-383.725
49421,-385.800
49422,-387.600
49423,-405.700
49424,-382.250
49425,-384.900
49426,-386.625
49427,-389.300
49428,-391.550
49429,-383.175
49430,-385.650
49431,-388.000
49432,-390.275
49433,-392.825
49434,-394.550
49435,-386.625
49436,-389.250
49437,-391.300
49438,-393.350
49439,-395.925
49440,-397.950
49441,-390.375
49442,-392.500
49443,-395.225
49444,-397.100
49445,-399.050
49446,-391.925
49447,-393.575
49448,-395.900
49449,-398.225
49450,-400.325
49451,-402.725
49452,-394.650
49453,-397.425
49454,-399.475
49455,-401.800
49456,-403.950
49457,-405.925
49458,-398.675
49459,-400.525
49460,-402.850
49461,-405.600
49462,-381.925
49463,-383.950
49464,-401.925
49465,-403.950
49466,-405.925
49467,-382.925
49468,-385.375
49469,-387.725
49470,-405.175
49471,-381.875
49472,-384.400
49473,-386.225
49474,-388.250
49475,-405.975
49476,-382.925
49477,-384.975
49478,-387.400
49479,-389.950
49480,-392.450
49481,-384.500
49482,-386.775
49483,-388.750
49484,-390.975
49485,-393.550
49486,-395.525
49487,-387.850
49488,-390.150
49489,-392.200
49490,-394.550
49491,-396.625
49492,-398.950
49493,-391.325
49494,-393.400
49495,-395.550
49496,-398.125
49497,-400.325
49498,-392.000
49499,-394.700
49500,-396.975
49501,-399.275
49502,-401.100
49503,-403.350
49504,-395.375
49505,-397.850
49506,-399.875
49507,-402.625
49508,-404.775
49509,-381.300
49510,-398.675
49511,-401.400
49512,-403.625
49513,-405.900
49514,-382.700
49515,-384.700
49516,-402.375
49517,-404.700
49518,-381.500
49519,-383.625
49520,-385.650
49521,-403.550
49522,-406.325
49523,-382.975
49524,-384.700
49525,-386.775
49526,-389.250
49527,-381.350
49528,-383.625
49529,-386.150
49530,-388.100
49531,-390.725
49532,-392.675
49533,-385.150
49534,-387.050
49535,-388.925
49536,-391.550
49537,-394.300
49538,-396.575
49539,-388.250
49540,-390.875
49541,-393.150
49542,-395.375
49543,-397.825
49544,-399.575
49545,-391.950
49546,-393.950
49547,-396.675
49548,-398.675
49549,-400.850
49550,-392.800
49551,-395.525
49552,-397.375
49553,-399.625
49554,-402.000
49555,-404.475
49556,-396.625
49557,-398.175
49558,-400.750
49559,-403.150
49560,-405.125
49561,-382.075
49562,-400.150
49563,-402.100
49564,-403.900
49565,-406.675
49566,-383.300
49567,-385.075
49568,-403.100
49569,-405.850
49570,-382.300
49571,-384.675
49572,-386.800
49573,-404.275
49574,-406.375
49575,-383.400
49576,-385.450
49577,-388.050
49578,-390.150
49579,-382.450
49580,-384.000
49581,-387.025
49582,-389.250
49583,-391.425
49584,-393.525
49585,-385.325
49586,-387.600
49587,-390.025
49588,-392.375
49589,-394.825
49590,-397.075
49591,-389.100
49592,-391.175
49593,-393.775
49594,-395.825
49595,-398.450
49596,-390.550
49597,-392.775
49598,-394.650
49599,-396.675
49600,-399.550
49601,-401.550
49602,-393.750
49603,-395.575
49604,-398.425
49605,-400.500
49606,-402.950
49607,-405.050
49608,-396.725
49609,-398.875
49610,-401.450
49611,-404.175
49612,-405.800
49613,-383.025
49614,-400.600
49615,-403.000
49616,-405.400
49617,-382.025
49618,-384.050
49619,-385.850
49620,-403.875
49621,-406.325
49622,-383.075
49623,-385.225
49624,-387.275
49625,-404.875
49626,-381.550
49627,-384.175
49628,-386.225
49629,-388.825
49630,-390.550
49631,-383.075
49632,-385.500
49633,-387.300
49634,-389.400
49635,-392.425
49636,-394.150
49637,-386.225
49638,-388.700
49639,-390.925
49640,-393.450
49641,-395.575
49642,-398.075
49643,-389.325
49644,-392.050
49645,-394.375
49646,-396.975
49647,-399.150
49648,-390.675
49649,-392.775
49650,-395.525
49651,-397.225
49652,-400.375
49653,-402.350
49654,-393.875
49655,-396.875
49656,-398.850
49657,-401.450
49658,-403.750
49659,-406.125
49660,-397.825
49661,-400.375
49662,-402.275
49663,-404.725
49664,-381.275
49665,-383.850
49666,-400.800
49667,-403.675
49668,-405.450
49669,-382.550
49670,-384.900
49671,-402.250
49672,-404.875
49673,-381.000
49674,-383.575
49675,-386.175
49676,-388.175
49677,-406.200
49678,-382.675
49679,-385.075
49680,-387.200
49681,-389.650
49682,-391.250
49683,-383.275
49684,-385.925
49685,-387.800
49686,-390.450
49687,-392.675
49688,-395.350
49689,-386.675
49690,-389.325
49691,-391.875
49692,-394.200
49693,-396.450
49694,-398.725
49695,-390.400
49696,-392.875
49697,-395.375
49698,-397.425
49699,-399.250
49700,-391.875
49701,-394.200
49702,-396.025
49703,-398.075
49704,-400.800
49705,-402.575
49706,-394.950
49707,-397.325
49708,-399.775
49709,-401.850
49710,-404.200
49711,-406.825
49712,-398.350
49713,-401.050
49714,-403.250
49715,-405.550
49716,-382.125
49717,-384.150
49718,-402.275
49719,-404.400
49720,-406.475
49721,-383.125
49722,-385.325
49723,-403.375
49724,-405.225
49725,-382.125
49726,-384.500
49727,-386.475
49728,-388.600
49729,-406.175
49730,-382.825
49731,-385.300
49732,-388.050
49733,-390.125
49734,-392.225
49735,-384.500
49736,-386.275
49737,-389.025
49738,-391.400
49739,-393.625
49740,-395.475
49741,-387.800
49742,-390.375
49743,-392.250
49744,-394.825
49745,-397.150
49746,-388.700
49747,-391.400
49748,-393.625
49749,-395.925
49750,-398.275
49751,-400.625
49752,-392.400
49753,-394.300
49754,-396.825
49755,-398.775
49756,-401.125
49757,-404.000
49758,-396.050
49759,-398.375
49760,-400.575
49761,-402.250
49762,-404.775
49763,-381.550
49764,-399.425
49765,-401.375
49766,-403.850
49767,-405.900
49768,-382.650
49769,-385.275
49770,-402.750
49771,-404.950
49772,-381.400
49773,-384.100
49774,-386.050
49775,-403.950
49776,-406.000
49777,-382.900
49778,-385.150
49779,-387.450
49780,-389.100
49781,-381.850
49782,-383.650
49783,-385.925
49784,-388.700
49785,-390.975
49786,-393.200
49787,-384.625
49788,-387.600
49789,-389.325
49790,-392.000
49791,-393.750
49792,-396.425
49793,-388.625
49794,-390.975
49795,-393.100
49796,-395.350
49797,-397.375
49798,-389.675
49799,-392.150
49800,-393.775
49801,-396.325
49802,-399.025
49803,-401.375
49804,-393.350
49805,-395.000
49806,-397.950
49807,-400.250
49808,-401.850
49809,-404.300
49810,-396.275
49811,-398.825
49812,-401.050
49813,-403.025
49814,-405.800
49815,-382.125
49816,-399.725
49817,-402.500
49818,-404.050
49819,-381.100
49820,-383.250
49821,-401.350
49822,-402.950
49823,-405.350
49824,-382.650
49825,-384.450
49826,-386.725
49827,-404.875
49828,-381.225
49829,-383.775
49830,-385.975
49831,-387.500
49832,-390.800
49833,-382.125
49834,-384.375
49835,-387.025
49836,-389.050
49837,-391.125
49838,-393.775
49839,-385.575
49840,-388.225
49841,-389.875
49842,-392.975
49843,-395.225
49844,-397.325
49845,-389.525
49846,-391.125
49847,-393.725
49848,-395.925
49849,-398.375
49850,-390.525
49851,-392.550
49852,-394.575
49853,-397.025
49854,-399.225
49855,-401.375
49856,-393.475
49857,-396.400
49858,-398.575
49859,-400.450
49860,-402.950
49861,-405.550
49862,-397.175
49863,-399.425
49864,-402.050
49865,-404.350
49866,-406.225
49867,-382.550
49868,-400.275
49869,-402.675
49870,-405.550
49871,-382.175
49872,-384.175
49873,-402.100
49874,-403.875
49875,-406.000
49876,-383.300
49877,-385.450
49878,-387.700
49879,-405.175
49880,-381.550
49881,-384.275
49882,-386.675
49883,-388.850
49884,-391.325
49885,-383.025
49886,-385.650
49887,-387.500
49888,-389.425
49889,-391.825
49890,-394.750
49891,-386.550
49892,-388.800
49893,-390.875
49894,-393.575
49895,-395.650
49896,-387.175
49897,-389.975
49898,-392.425
49899,-394.800
49900,-396.350
49901,-398.875
49902,-390.700
49903,-393.400
49904,-395.775
49905,-397.975
49906,-400.375
49907,-402.100
49908,-394.175
49909,-396.925
49910,-399.175
49911,-400.800
49912,-403.450
49913,-405.850
49914,-397.725
49915,-399.925
49916,-402.500
49917,-404.875
49918,-381.550
49919,-383.525
49920,-401.725
49921,-403.225
49922,-406.175
49923,-382.675
49924,-384.900
49925,-402.675
49926,-404.925
49927,-381.100
49928,-383.975
49929,-386.225
49930,-388.525
49931,-405.900
49932,-382.775
49933,-384.600
49934,-387.300
49935,-389.100
49936,-392.000
49937,-383.800
49938,-386.350
49939,-388.275
49940,-390.650
49941,-392.425
49942,-395.150
49943,-387.200
49944,-389.425
49945,-391.500
49946,-393.775
49947,-396.075
49948,-388.400
49949,-390.975
49950,-392.775
49951,-395.375
49952,-397.475
49953,-399.350
49954,-391.725
49955,-394.375
49956,-396.225
49957,-398.275
49958,-401.050
49959,-403.325
49960,-395.450
49961,-397.450
49962,-399.425
49963,-402.225
49964,-404.650
49965,-407.000
49966,-398.750
49967,-400.700
49968,-403.050
49969,-405.300
49970,-381.975
49971,-374.375
49972,-402.275
49973,-404.650
49974,-406.850
49975,-382.975
49976,-385.300
49977,-403.150
49978,-405.550
49979,-381.975
49980,-384.200
49981,-386.850
49982,-388.925
49983,-406.850
49984,-383.200
49985,-385.425
49986,-388.175
49987,-390.250
49988,-392.500
49989,-384.175
49990,-386.475
49991,-389.325
49992,-391.175
49993,-393.300
49994,-396.100
49995,-387.725
49996,-389.975
49997,-392.600
49998,-395.075
49999,-396.675
50000,-389.325
50001,-391.150
50002,-393.500
50003,-396.200
50004,-397.825
50005,-400.325
50006,-392.650
50007,-394.400
50008,-396.775
50009,-399.475
50010,-401.350
50011,-404.150
50012,-395.925
50013,-398.175
50014,-399.925
50015,-402.375
50016,-405.350
50017,-381.925
50018,-399.225
50019,-401.450
50020,-404.200
50021,-406.450
50022,-382.925
50023,-400.325
50024,-402.325
50025,-405.175
50026,-381.925
50027,-383.575
50028,-386.600
50029,-403.600
50030,-406.200
50031,-383.025
50032,-384.975
50033,-387.275
50034,-390.075
50035,-381.975
50036,-383.950
50037,-386.525
50038,-388.100
50039,-391.075
50040,-392.975
50041,-385.325
50042,-387.150
50043,-389.575
50044,-392.050
50045,-394.500
50046,-386.475
50047,-388.325
50048,-390.925
50049,-392.775
50050,-395.225
50051,-397.525
50052,-389.575
50053,-391.725
50054,-394.700
50055,-396.450
50056,-398.675
50057,-400.850
50058,-393.250
50059,-395.325
50060,-398.125
50061,-399.925
50062,-402.150
50063,-404.700
50064,-396.975
50065,-398.750
50066,-400.950
50067,-403.800
50068,-405.800
50069,-382.550
50070,-400.050
50071,-402.450
50072,-404.500
50073,-381.525
50074,-383.525
50075,-401.100
50076,-403.625
50077,-405.350
50078,-382.600
50079,-384.375
50080,-386.775
50081,-404.250
50082,-380.950
50083,-383.775
50084,-385.650
50085,-387.875
50086,-390.725
50087,-382.800
50088,-385.000
50089,-386.450
50090,-389.050
50091,-391.600
50092,-393.925
50093,-385.700
50094,-388.425
50095,-390.050
50096,-392.900
50097,-395.325
50098,-386.700
50099,-388.825
50100,-391.825
50101,-394.075
50102,-395.825
50103,-398.775
50104,-390.875
50105,-392.925
50106,-395.150
50107,-397.525
50108,-399.425
50109,-401.650
50110,-393.625
50111,-396.475
50112,-398.550
50113,-400.750
50114,-402.625
50115,-405.125
50116,-397.275
50117,-399.175
50118,-401.900
50119,-404.375
50120,-406.350
50121,-382.875
50122,-400.950
50123,-403.375
50124,-405.350
50125,-381.825
50126,-384.350
50127,-402.250
50128,-404.550
50129,-406.175
50130,-383.300
50131,-385.425
50132,-387.975
50133,-404.875
50134,-381.775
50135,-384.600
50136,-386.725
50137,-389.100
50138,-391.250
50139,-382.775
50140,-385.200
50141,-387.700
50142,-390.250
50143,-392.000
50144,-394.925
50145,-386.725
50146,-388.825
50147,-390.925
50148,-393.550
50149,-395.525
50150,-387.850
50151,-390.025
50152,-392.600
50153,-394.800
50154,-397.100
50155,-399.525
50156,-390.925
50157,-393.775
50158,-396.125
50159,-398.050
50160,-400.500
50161,-402.575
50162,-394.550
50163,-396.925
50164,-399.100
50165,-401.300
50166,-403.850
50167,-405.900
50168,-398.375
50169,-400.075
50170,-402.775
50171,-405.125
50172,-381.500
50173,-399.150
50174,-401.400
50175,-403.425
50176,-406.325
50177,-382.900
50178,-384.500
50179,-402.450
50180,-404.825
50181,-381.500
50182,-384.000
50183,-385.975
50184,-388.800
50185,-406.475
50186,-382.500
50187,-384.875
50188,-387.500
50189,-389.675
50190,-391.825
50191,-383.525
50192,-385.825
50193,-388.175
50194,-390.825
50195,-392.650
50196,-395.475
50197,-387.100
50198,-389.850
50199,-391.875
50200,-394.300
50201,-396.350
50202,-388.375
50203,-390.650
50204,-393.250
50205,-395.050
50206,-397.775
50207,-399.575
50208,-391.550
50209,-394.600
50210,-396.050
50211,-398.550
50212,-401.000
50213,-403.600
50214,-395.250
50215,-397.725
50216,-400.075
50217,-401.800
50218,-404.650
50219,-381.350
50220,-398.625
50221,-400.850
50222,-403.300
50223,-405.450
50224,-382.450
50225,-400.325
50226,-402.375
50227,-404.725
50228,-381.175
50229,-383.675
50230,-386.000
50231,-403.325
50232,-405.800
50233,-382.650
50234,-384.300
50235,-386.575
50236,-389.325
50237,-380.900
50238,-383.175
50239,-385.375
50240,-387.800
50241,-390.550
50242,-392.425
50243,-384.850
50244,-386.900
50245,-389.150
50246,-391.825
50247,-393.875
50248,-385.500
50249,-387.575
50250,-390.625
50251,-392.675
50252,-394.850
50253,-397.100
50254,-389.050
50255,-391.325
50256,-393.850
50257,-396.025
50258,-398.125
50259,-400.800
50260,-392.650
50261,-394.750
50262,-397.175
50263,-399.425
50264,-401.750
50265,-403.700
50266,-395.675
50267,-398.150
50268,-400.850
50269,-402.950
50270,-405.400
50271,-381.875
50272,-399.375
50273,-401.750
50274,-404.000
50275,-406.175
50276,-383.075
50277,-400.500
50278,-403.000
50279,-405.425
50280,-381.650
50281,-384.300
50282,-386.625
50283,-404.250
50284,-406.275
50285,-383.200
50286,-385.425
50287,-387.400
50288,-389.625
50289,-381.625
50290,-384.200
50291,-386.625
50292,-388.425
50293,-391.225
50294,-393.550
50295,-385.400
50296,-387.250
50297,-390.275
50298,-391.975
50299,-394.300
50300,-386.325
50301,-388.375
50302,-390.825
50303,-392.975
50304,-395.925
50305,-398.150
50306,-389.725
50307,-392.050
50308,-393.925
50309,-397.000
50310,-399.075
50311,-400.850
50312,-392.925
50313,-395.375
50314,-397.650
50315,-400.125
50316,-402.450
50317,-404.975
50318,-397.075
50319,-398.675
50320,-400.925
50321,-403.850
50322,-405.875
50323,-397.825
50324,-400.150
50325,-402.275
50326,-405.075
50327,-381.500
50328,-383.950
50329,-401.050
50330,-403.475
50331,-406.225
50332,-382.325
50333,-385.000
50334,-386.975
50335,-405.175
50336,-381.375
50337,-383.975
50338,-386.325
50339,-388.275
50340,-390.600
50341,-382.650
50342,-384.650
50343,-387.175
50344,-389.650
50345,-391.775
50346,-393.575
50347,-385.575
50348,-388.700
50349,-390.900
50350,-393.175
50351,-395.375
50352,-386.900
50353,-389.675
50354,-391.450
50355,-394.025
50356,-396.225
50357,-398.425
50358,-390.400
50359,-392.675
50360,-395.325
50361,-397.375
50362,-399.675
50363,-402.175
50364,-393.725
50365,-396.175
50366,-398.725
50367,-400.950
50368,-403.150
50369,-405.450
50370,-397.575
50371,-400.000
50372,-401.925
50373,-404.575
50374,-406.500
50375,-398.575
50376,-401.150
50377,-402.900
50378,-405.425
50379,-382.525
50380,-384.500
50381,-401.700
50382,-404.175
50383,-406.750
50384,-383.650
50385,-385.750
50386,-388.050
50387,-405.175
50388,-382.025
50389,-384.700
50390,-387.050
50391,-389.150
50392,-390.775
50393,-383.550
50394,-385.825
50395,-387.975
50396,-390.225
50397,-392.600
50398,-384.375
50399,-386.850
50400,-389.350
50401,-391.125
50402,-393.875
50403,-396.125
50404,-387.725
50405,-389.875
50406,-392.425
50407,-394.650
50408,-397.075
50409,-399.350
50410,-391.225
50411,-393.950
50412,-395.875
50413,-398.150
50414,-400.550
50415,-402.525
50416,-395.125
50417,-396.825
50418,-399.525
50419,-401.900
50420,-403.625
50421,-406.375
50422,-398.175
50423,-400.750
50424,-402.325
50425,-405.325
50426,-381.450
50427,-399.650
50428,-401.200
50429,-403.775
50430,-406.325
50431,-382.975
50432,-385.325
50433,-402.650
50434,-404.750
50435,-381.750
50436,-383.950
50437,-386.050
50438,-388.675
50439,-406.100
50440,-383.250
50441,-385.425
50442,-387.625
50443,-389.650
50444,-391.950
50445,-383.850
50446,-386.475
50447,-388.100
50448,-390.900
50449,-392.825
50450,-384.800
50451,-387.600
50452,-390.050
50453,-391.775
50454,-394.600
50455,-396.550
50456,-388.425
50457,-391.175
50458,-393.350
50459,-395.625
50460,-397.550
50461,-400.025
50462,-392.325
50463,-393.825
50464,-396.625
50465,-398.775
50466,-401.200
50467,-403.525
50468,-395.000
50469,-397.950
50470,-399.925
50471,-402.650
50472,-404.450
50473,-396.525
50474,-398.825
50475,-400.850
50476,-403.100
50477,-405.525
50478,-382.700
50479,-400.250
50480,-402.650
50481,-404.950
50482,-381.550
50483,-383.125
50484,-385.525
50485,-403.525
50486,-405.650
50487,-382.600
50488,-384.950
50489,-387.175
50490,-389.225
50491,-381.350
50492,-383.750
50493,-385.825
50494,-387.725
50495,-390.675
50496,-392.600
50497,-384.600
50498,-386.575
50499,-389.475
50500,-391.675
50501,-393.850
50502,-385.925
50503,-388.500
50504,-390.650
50505,-393.025
50506,-395.250
50507,-396.825
50508,-389.525
50509,-391.300
50510,-393.550
50511,-396.350
50512,-398.050
50513,-400.275
50514,-393.100
50515,-395.225
50516,-397.450
50517,-399.950
50518,-401.700
50519,-404.475
50520,-395.975
50521,-398.775
50522,-400.950
50523,-403.150
50524,-405.125
50525,-397.175
50526,-399.175
50527,-401.650
50528,-404.550
50529,-406.500
50530,-383.075
50531,-400.350
50532,-403.325
50533,-405.225
50534,-382.075
50535,-384.475
50536,-386.600
50537,-404.250
50538,-406.850
50539,-383.175
50540,-385.575
50541,-387.400
50542,-390.075
50543,-381.550
50544,-384.500
50545,-386.775
50546,-388.850
50547,-391.425
50548,-383.025
50549,-385.650
50550,-388.000
50551,-390.025
50552,-392.325
50553,-394.850
50554,-386.575
50555,-389.050
50556,-391.500
50557,-393.750
50558,-396.050
50559,-398.250
50560,-390.050
50561,-392.325
50562,-394.750
50563,-396.675
50564,-399.375
50565,-401.050
50566,-393.650
50567,-396.075
50568,-398.125
50569,-400.575
50570,-402.675
50571,-404.575
50572,-396.650
50573,-399.275
50574,-401.025
50575,-403.650
50576,-405.650
50577,-397.975
50578,-400.275
50579,-402.850
50580,-405.125
50581,-381.875
50582,-383.675
50583,-401.550
50584,-403.700
50585,-406.200
50586,-382.925
50587,-384.775
50588,-387.325
50589,-404.700
50590,-381.775
50591,-383.575
50592,-386.375
50593,-388.675
50594,-390.975
50595,-382.925
50596,-385.275
50597,-387.400
50598,-389.350
50599,-391.725
50600,-384.075
50601,-386.325
50602,-388.025
50603,-390.525
50604,-392.800
50605,-395.425
50606,-387.175
50607,-389.225
50608,-391.875
50609,-393.850
50610,-396.175
50611,-398.850
50612,-390.975
50613,-392.875
50614,-395.425
50615,-397.675
50616,-399.650
50617,-401.950
50618,-393.925
50619,-396.675
50620,-398.675
50621,-401.300
50622,-403.050
50623,-395.225
50624,-397.250
50625,-399.425
50626,-401.700
50627,-404.350
50628,-380.975
50629,-398.650
50630,-401.150
50631,-402.900
50632,-405.350
50633,-381.975
50634,-384.600
50635,-402.450
50636,-404.350
50637,-380.775
50638,-383.475
50639,-385.900
50640,-387.325
50641,-405.400
50642,-382.125
50643,-384.275
50644,-386.625
50645,-388.925
50646,-391.125
50647,-383.525
50648,-385.925
50649,-387.825
50650,-390.275
50651,-392.875
50652,-384.300
50653,-386.925
50654,-389.325
50655,-391.725
50656,-393.475
50657,-395.775
50658,-387.800
50659,-389.950
50660,-392.625
50661,-394.875
50662,-397.025
50663,-399.525
50664,-391.225
50665,-393.725
50666,-396.350
50667,-398.650
50668,-400.250
50669,-402.850
50670,-395.175
50671,-397.175
50672,-399.250
50673,-401.750
50674,-403.900
50675,-395.675
50676,-398.525
50677,-400.800
50678,-402.450
50679,-404.700
50680,-381.450
50681,-399.575
50682,-401.375
50683,-403.875
50684,-406.375
50685,-383.075
50686,-385.275
50687,-402.450
50688,-404.750
50689,-381.825
50690,-383.850
50691,-386.475
50692,-388.475
50693,-406.650
50694,-383.025
50695,-385.125
50696,-387.850
50697,-389.800
50698,-381.625
50699,-384.300
50700,-385.975
50701,-388.600
50702,-391.250
50703,-392.925
50704,-385.525
50705,-387.500
50706,-389.775
50707,-392.050
50708,-394.650
50709,-396.725
50710,-388.850
50711,-391.125
50712,-393.625
50713,-395.650
50714,-397.675
50715,-400.375
50716,-392.425
50717,-394.600
50718,-396.475
50719,-399.325
50720,-401.500
50721,-403.300
50722,-395.475
50723,-397.875
50724,-400.350
50725,-402.525
50726,-404.700
50727,-396.725
50728,-399.050
50729,-401.200
50730,-403.550
50731,-405.875
50732,-382.500
50733,-400.075
50734,-402.225
50735,-404.925
50736,-381.775
50737,-383.650
50738,-386.275
50739,-403.775
50740,-405.750
50741,-382.650
50742,-384.650
50743,-387.200
50744,-388.850
50745,-381.825
50746,-383.900
50747,-385.800
50748,-387.725
50749,-390.900
50750,-382.975
50751,-384.700
50752,-386.925
50753,-389.325
50754,-391.825
50755,-393.950
50756,-386.000
50757,-388.675
50758,-390.450
50759,-392.725
50760,-395.350
50761,-397.350
50762,-389.225
50763,-391.500
50764,-394.150
50765,-396.125
50766,-398.875
50767,-401.100
50768,-393.075
50769,-395.075
50770,-397.625
50771,-399.950
50772,-401.850
50773,-403.950
50774,-396.050
50775,-398.825
50776,-401.150
50777,-403.525
50778,-405.500
50779,-397.775
50780,-399.350
50781,-401.950
50782,-404.725
50783,-406.575
50784,-383.300
50785,-401.050
50786,-403.150
50787,-405.700
50788,-382.500
50789,-384.400
50790,-386.975
50791,-404.600
50792,-406.875
50793,-383.400
50794,-385.675
50795,-387.575
50796,-390.550
50797,-382.175
50798,-384.600
50799,-386.850
50800,-388.425
50801,-391.450
50802,-383.400
50803,-385.725
50804,-388.100
50805,-390.325
50806,-392.325
50807,-395.000
50808,-386.975
50809,-388.925
50810,-391.575
50811,-393.875
50812,-395.875
50813,-397.750
50814,-390.125
50815,-392.725
50816,-394.450
50817,-396.575
50818,-399.075
50819,-401.375
50820,-393.500
50821,-395.925
50822,-398.450
50823,-400.325
50824,-402.900
50825,-394.850
50826,-397.175
50827,-399.050
50828,-401.725
50829,-403.700
50830,-405.850
50831,-398.425
50832,-400.650
50833,-402.325
50834,-405.050
50835,-381.450
50836,-384.200
50837,-401.625
50838,-403.850
50839,-406.075
50840,-382.975
50841,-385.075
50842,-386.925
50843,-404.950
50844,-382.050
50845,-383.550
50846,-386.350
50847,-388.325
50848,-390.400
50849,-383.175
50850,-385.200
50851,-387.100
50852,-389.525
50853,-391.725
50854,-383.800
50855,-386.025
50856,-388.775
50857,-390.450
50858,-392.975
50859,-395.525
50860,-387.125
50861,-389.950
50862,-392.050
50863,-394.600
50864,-396.600
50865,-398.925
50866,-391.175
50867,-393.450
50868,-395.450
50869,-397.625
50870,-400.350
50871,-402.050
50872,-394.750
50873,-396.625
50874,-398.975
50875,-400.700
50876,-403.700
50877,-395.825
50878,-397.425
50879,-400.000
50880,-402.450
50881,-404.775
50882,-381.400
50883,-399.125
50884,-401.250
50885,-403.350
50886,-405.750
50887,-382.675
50888,-384.900
50889,-402.575
50890,-404.200
50891,-381.175
50892,-383.525
50893,-385.525
50894,-387.975
50895,-405.800
50896,-382.800
50897,-384.500
50898,-386.825
50899,-389.500
50900,-381.625
50901,-383.550
50902,-386.075
50903,-388.000
50904,-390.450
50905,-392.650
50906,-384.600
50907,-386.975
50908,-389.525
50909,-391.200
50910,-393.675
50911,-396.025
50912,-388.000
50913,-390.550
50914,-392.800
50915,-395.325
50916,-397.625
50917,-399.575
50918,-391.675
50919,-394.125
50920,-395.875
50921,-397.950
50922,-400.750
50923,-402.725
50924,-394.950
50925,-397.525
50926,-399.425
50927,-401.575
50928,-404.600
50929,-395.750
50930,-398.525
50931,-401.050
50932,-403.050
50933,-405.050
50934,-381.825
50935,-399.350
50936,-402.050
50937,-404.450
50938,-406.000
50939,-383.075
50940,-385.650
50941,-402.950
50942,-405.400
50943,-382.400
50944,-384.200
50945,-386.350
50946,-388.675
50947,-406.675
50948,-382.925
50949,-385.300
50950,-387.175
50951,-390.325
50952,-381.925
50953,-384.500
50954,-386.850
50955,-388.700
50956,-391.450
50957,-393.350
50958,-385.650
50959,-388.150
50960,-389.975
50961,-392.325
50962,-394.125
50963,-396.725
50964,-388.875
50965,-391.350
50966,-393.625
50967,-396.075
50968,-397.575
50969,-400.250
50970,-391.825
50971,-394.875
50972,-396.975
50973,-399.550
50974,-401.700
50975,-393.075
50976,-395.375
50977,-397.925
50978,-400.125
50979,-402.775
50980,-404.475
50981,-397.175
50982,-399.250
50983,-401.725
50984,-404.050
50985,-406.375
50986,-382.700
50987,-400.175
50988,-402.625
50989,-405.075
50990,-381.350
50991,-383.475
50992,-386.125
50993,-403.425
50994,-406.325
50995,-382.550
50996,-385.150
50997,-386.925
50998,-389.350
50999,-381.875
51000,-383.775
51001,-386.025
51002,-388.700
51003,-390.975
51004,-382.675
51005,-385.125
51006,-387.275
51007,-389.750
51008,-391.700
51009,-394.125
51010,-385.925
51011,-388.600
51012,-390.400
51013,-393.250
51014,-395.225
51015,-397.775
51016,-389.225
51017,-391.725
51018,-393.825
51019,-396.050
51020,-398.150
51021,-400.850
51022,-392.975
51023,-395.450
51024,-397.625
51025,-400.150
51026,-402.000
51027,-394.025
51028,-396.775
51029,-399.025
51030,-401.050
51031,-403.425
51032,-405.550
51033,-397.750
51034,-399.850
51035,-402.375
51036,-404.500
51037,-406.475
51038,-383.375
51039,-400.500
51040,-403.175
51041,-405.550
51042,-381.925
51043,-384.750
51044,-387.025
51045,-404.700
51046,-381.225
51047,-383.575
51048,-385.900
51049,-387.825
51050,-405.550
51051,-382.125
51052,-384.650
51053,-386.675
51054,-389.225
51055,-391.025
51056,-383.375
51057,-385.925
51058,-387.825
51059,-390.625
51060,-392.875
51061,-395.075
51062,-387.000
51063,-388.850
51064,-391.775
51065,-393.975
51066,-396.275
51067,-398.125
51068,-389.875
51069,-392.150
51070,-394.750
51071,-397.425
51072,-399.575
51073,-401.850
51074,-394.075
51075,-395.725
51076,-397.950
51077,-400.600
51078,-402.775
51079,-395.175
51080,-397.150
51081,-399.725
51082,-401.650
51083,-404.075
51084,-405.875
51085,-398.550
51086,-400.350
51087,-403.150
51088,-405.400
51089,-381.925
51090,-384.300
51091,-402.100
51092,-404.450
51093,-406.650
51094,-382.825
51095,-385.225
51096,-387.400
51097,-405.275
51098,-382.125
51099,-384.150
51100,-386.450
51101,-388.675
51102,-406.325
51103,-382.675
51104,-385.075
51105,-387.625
51106,-389.675
51107,-391.625
51108,-383.900
51109,-386.325
51110,-388.600
51111,-391.150
51112,-393.200
51113,-395.825
51114,-387.175
51115,-389.975
51116,-391.825
51117,-394.250
51118,-396.975
51119,-398.650
51120,-390.875
51121,-393.275
51122,-395.425
51123,-397.875
51124,-399.725
51125,-391.825
51126,-394.650
51127,-396.525
51128,-398.925
51129,-400.925
51130,-403.225
51131,-395.650
51132,-397.925
51133,-400.025
51134,-402.225
51135,-404.700
51136,-381.725
51137,-399.175
51138,-401.375
51139,-403.100
51140,-405.925
51141,-382.450
51142,-384.975
51143,-402.225
51144,-404.775
51145,-381.650
51146,-384.075
51147,-386.225
51148,-388.175
51149,-405.750
51150,-382.400
51151,-385.175
51152,-386.675
51153,-389.225
51154,-381.375
51155,-383.625
51156,-386.175
51157,-387.875
51158,-390.450
51159,-392.275
51160,-384.900
51161,-387.275
51162,-389.475
51163,-391.825
51164,-394.075
51165,-396.300
51166,-388.150
51167,-390.550
51168,-392.525
51169,-395.025
51170,-397.075
51171,-399.875
51172,-391.925
51173,-394.175
51174,-395.850
51175,-398.825
51176,-400.800
51177,-393.200
51178,-395.350
51179,-397.425
51180,-399.550
51181,-402.100
51182,-404.575
51183,-396.475
51184,-398.350
51185,-400.950
51186,-403.125
51187,-405.350
51188,-382.300
51189,-399.575
51190,-402.275
51191,-404.375
51192,-406.650
51193,-383.475
51194,-385.300
51195,-403.050
51196,-405.650
51197,-381.875
51198,-383.975
51199,-386.850
51200,-379.100
51201,-406.975
51202,-383.475
51203,-385.600
51204,-388.150
51205,-389.775
51206,-382.125
51207,-384.175
51208,-386.625
51209,-388.500
51210,-391.600
51211,-393.450
51212,-385.825
51213,-388.025
51214,-389.925
51215,-392.100
51216,-394.600
51217,-397.325
51218,-389.225
51219,-390.875
51220,-393.825
51221,-395.550
51222,-398.075
51223,-400.275
51224,-392.550
51225,-394.600
51226,-397.275
51227,-399.575
51228,-401.625
51229,-393.175
51230,-395.550
51231,-398.025
51232,-400.075
51233,-402.675
51234,-405.400
51235,-397.350
51236,-399.125
51237,-401.200
51238,-403.375
51239,-406.375
51240,-382.825
51241,-400.800
51242,-402.425
51243,-405.325
51244,-381.825
51245,-383.900
51246,-386.525
51247,-403.775
51248,-406.025
51249,-383.075
51250,-384.975
51251,-387.375
51252,-404.650
51253,-381.750
51254,-384.300
51255,-385.850
51256,-388.850
51257,-391.025
51258,-382.450
51259,-385.200
51260,-387.725
51261,-389.625
51262,-391.875
51263,-394.500
51264,-386.175
51265,-388.225
51266,-391.225
51267,-392.975
51268,-395.650
51269,-397.550
51270,-389.650
51271,-392.200
51272,-394.175
51273,-396.450
51274,-398.875
51275,-391.225
51276,-393.350
51277,-395.550
51278,-397.575
51279,-400.075
51280,-402.625
51281,-394.650
51282,-396.525
51283,-398.750
51284,-401.300
51285,-403.650
51286,-406.100
51287,-397.775
51288,-400.050
51289,-401.900
51290,-404.950
51291,-381.175
51292,-383.575
51293,-400.900
51294,-403.000
51295,-405.700
51296,-382.425
51297,-384.400
51298,-386.925
51299,-404.500
51300,-381.275
51301,-383.850
51302,-385.975
51303,-388.000
51304,-405.700
51305,-382.225
51306,-384.400
51307,-387.100
51308,-389.200
51309,-391.200
51310,-383.725
51311,-385.800
51312,-388.225
51313,-390.250
51314,-392.925
51315,-394.750
51316,-386.700
51317,-389.525
51318,-391.775
51319,-393.775
51320,-396.075
51321,-398.525
51322,-390.725
51323,-392.900
51324,-395.150
51325,-397.450
51326,-399.475
51327,-391.600
51328,-393.550
51329,-396.450
51330,-398.650
51331,-401.000
51332,-402.575
51333,-394.850
51334,-397.275
51335,-399.575
51336,-401.650
51337,-403.900
51338,-406.125
51339,-398.650
51340,-400.650
51341,-402.625
51342,-404.850
51343,-381.600
51344,-383.875
51345,-401.650
51346,-404.000
51347,-406.325
51348,-383.175
51349,-385.525
51350,-387.250
51351,-405.500
51352,-381.950
51353,-384.500
51354,-386.125
51355,-389.125
51356,-406.475
51357,-383.175
51358,-385.275
51359,-387.525
51360,-390.125
51361,-391.950
51362,-383.975
51363,-386.175
51364,-388.625
51365,-391.075
51366,-393.650
51367,-395.725
51368,-387.400
51369,-389.925
51370,-392.550
51371,-394.250
51372,-397.025
51373,-399.425
51374,-391.075
51375,-393.775
51376,-395.925
51377,-398.250
51378,-400.450
51379,-392.275
51380,-394.600
51381,-396.475
51382,-398.850
51383,-401.700
51384,-403.450
51385,-395.650
51386,-397.775
51387,-400.575
51388,-402.675
51389,-405.175
51390,-381.175
51391,-399.175
51392,-401.250
51393,-403.800
51394,-406.225
51395,-383.075
51396,-384.650
51397,-402.625
51398,-404.925
51399,-381.875
51400,-383.525
51401,-386.300
51402,-404.175
51403,-405.550
51404,-382.350
51405,-384.525
51406,-386.675
51407,-388.950
51408,-381.925
51409,-384.150
51410,-386.050
51411,-388.500
51412,-390.975
51413,-393.275
51414,-385.325
51415,-386.925
51416,-389.150
51417,-391.500
51418,-394.125
51419,-396.650
51420,-388.800
51421,-390.975
51422,-393.300
51423,-395.325
51424,-397.925
51425,-399.775
51426,-391.925
51427,-394.350
51428,-396.175
51429,-399.025
51430,-401.350
51431,-393.300
51432,-395.350
51433,-397.625
51434,-400.125
51435,-402.100
51436,-404.375
51437,-396.575
51438,-398.950
51439,-401.300
51440,-403.425
51441,-405.900
51442,-381.925
51443,-400.225
51444,-401.750
51445,-404.100
51446,-381.275
51447,-383.400
51448,-385.225
51449,-403.000
51450,-405.550
51451,-382.175
51452,-384.375
51453,-386.975
51454,-404.375
51455,-381.400
51456,-383.725
51457,-385.275
51458,-387.925
51459,-390.400
51460,-382.300
51461,-384.600
51462,-386.700
51463,-389.425
51464,-391.675
51465,-393.350
51466,-385.925
51467,-387.575
51468,-390.525
51469,-392.275
51470,-394.750
51471,-397.125
51472,-388.850
51473,-391.700
51474,-393.975
51475,-396.325
51476,-398.475
51477,-390.275
51478,-392.900
51479,-394.850
51480,-397.150
51481,-399.425
51482,-401.650
51483,-393.950
51484,-396.375
51485,-398.625
51486,-400.550
51487,-403.175
51488,-405.225
51489,-397.450
51490,-399.775
51491,-402.000
51492,-404.375
51493,-406.450
51494,-382.800
51495,-400.250
51496,-402.450
51497,-405.125
51498,-382.200
51499,-384.150
51500,-386.000
51501,-404.300
51502,-406.075
51503,-383.250
51504,-385.325
51505,-387.400
51506,-405.200
51507,-381.925
51508,-384.500
51509,-386.575
51510,-388.525
51511,-390.975
51512,-383.025
51513,-385.000
51514,-387.625
51515,-389.525
51516,-392.100
51517,-394.575
51518,-386.600
51519,-388.600
51520,-391.250
51521,-393.175
51522,-395.475
51523,-397.625
51524,-390.125
51525,-392.250
51526,-394.725
51527,-396.775
51528,-398.775
51529,-391.325
51530,-393.575
51531,-395.925
51532,-397.450
51533,-400.150
51534,-402.275
51535,-394.825
51536,-396.975
51537,-399.025
51538,-401.525
51539,-403.875
51540,-405.750
51541,-397.675
51542,-400.225
51543,-402.750
51544,-404.625
51545,-381.175
51546,-383.650
51547,-401.550
51548,-403.900
51549,-406.100
51550,-382.350
51551,-384.475
51552,-402.350
51553,-405.025
51554,-381.750
51555,-383.950
51556,-385.800
51557,-388.025
51558,-406.200
51559,-382.775
51560,-384.875
51561,-387.050
51562,-389.150
51563,-391.425
51564,-384.000
51565,-386.050
51566,-387.875
51567,-390.600
51568,-392.975
51569,-394.825
51570,-386.825
51571,-389.250
51572,-391.875
51573,-394.200
51574,-396.375
51575,-398.450
51576,-390.550
51577,-392.525
51578,-395.325
51579,-397.250
51580,-399.975
51581,-392.050
51582,-394.375
51583,-395.850
51584,-398.525
51585,-400.450
51586,-403.475
51587,-395.475
51588,-397.725
51589,-399.675
51590,-401.850
51591,-404.075
51592,-406.850
51593,-398.925
51594,-401.100
51595,-403.175
51596,-405.800
51597,-382.325
51598,-384.375
51599,-402.325
51600,-404.600
51601,-406.275
51602,-383.300
51603,-385.700
51604,-403.050
51605,-405.700
51606,-381.950
51607,-384.000
51608,-386.400
51609,-389.150
51610,-406.775
51611,-383.125
51612,-385.375
51613,-387.850
51614,-390.075
51615,-392.275
51616,-384.400
51617,-386.575
51618,-388.625
51619,-391.500
51620,-393.400
51621,-396.175
51622,-388.150
51623,-389.975
51624,-392.500
51625,-394.925
51626,-396.775
51627,-389.150
51628,-391.550
51629,-393.475
51630,-396.175
51631,-398.075
51632,-400.750
51633,-392.725
51634,-394.875
51635,-397.225
51636,-399.625
51637,-401.325
51638,-404.200
51639,-395.650
51640,-398.250
51641,-400.575
51642,-403.000
51643,-405.125
51644,-381.925
51645,-399.475
51646,-401.850
51647,-404.200
51648,-406.500
51649,-383.075
51650,-385.000
51651,-403.025
51652,-405.350
51653,-381.650
51654,-384.075
51655,-386.475
51656,-403.875
51657,-405.925
51658,-382.775
51659,-384.850
51660,-387.325
51661,-389.875
51662,-381.650
51663,-383.950
51664,-386.350
51665,-388.450
51666,-390.825
51667,-393.375
51668,-384.950
51669,-387.575
51670,-389.975
51671,-392.250
51672,-394.650
51673,-396.475
51674,-388.325
51675,-391.125
51676,-393.375
51677,-395.075
51678,-398.075
51679,-389.650
51680,-391.675
51681,-394.125
51682,-396.600
51683,-399.125
51684,-401.225
51685,-393.025
51686,-395.125
51687,-397.475
51688,-400.150
51689,-402.250
51690,-404.475
51691,-396.975
51692,-398.375
51693,-401.375
51694,-403.700
51695,-405.700
51696,-382.650
51697,-400.025
51698,-401.950
51699,-404.200
51700,-381.175
51701,-383.475
51702,-401.350
51703,-403.325
51704,-405.875
51705,-382.550
51706,-384.750
51707,-386.925
51708,-404.950
51709,-381.100
51710,-383.400
51711,-385.800
51712,-388.250
51713,-390.250
51714,-382.200
51715,-384.750
51716,-386.775
51717,-389.050
51718,-391.175
51719,-393.950
51720,-386.075
51721,-388.225
51722,-390.700
51723,-392.650
51724,-395.025
51725,-397.475
51726,-389.150
51727,-391.925
51728,-393.625
51729,-395.675
51730,-398.475
51731,-390.650
51732,-392.450
51733,-394.950
51734,-397.175
51735,-399.625
51736,-401.700
51737,-393.675
51738,-396.050
51739,-398.475
51740,-401.000
51741,-403.375
51742,-405.525
51743,-397.075
51744,-399.675
51745,-402.125
51746,-404.300
51747,-406.025
51748,-383.275
51749,-400.450
51750,-402.950
51751,-405.525
51752,-381.850
51753,-384.175
51754,-401.925
51755,-404.100
51756,-406.275
51757,-382.725
51758,-385.075
51759,-387.650
51760,-405.625
51761,-382.225
51762,-384.000
51763,-386.150
51764,-388.700
51765,-390.875
51766,-383.375
51767,-385.600
51768,-387.450
51769,-389.775
51770,-392.200
51771,-394.825
51772,-386.400
51773,-388.875
51774,-391.400
51775,-393.525
51776,-395.725
51777,-387.500
51778,-389.775
51779,-392.225
51780,-394.850
51781,-397.125
51782,-399.075
51783,-391.400
51784,-393.200
51785,-395.875
51786,-397.875
51787,-400.550
51788,-402.950
51789,-394.475
51790,-397.100
51791,-399.075
51792,-401.550
51793,-403.950
51794,-406.025
51795,-397.775
51796,-400.375
51797,-402.275
51798,-404.775
51799,-381.675
51800,-383.650
51801,-401.550
51802,-403.550
51803,-406.425
51804,-382.650
51805,-384.650
51806,-402.675
51807,-404.850
51808,-381.625
51809,-383.900
51810,-385.725
51811,-388.625
51812,-406.225
51813,-382.725
51814,-384.750
51815,-387.300
51816,-389.425
51817,-391.875
51818,-384.200
51819,-386.375
51820,-388.400
51821,-390.875
51822,-393.250
51823,-395.350
51824,-387.375
51825,-389.225
51826,-391.675
51827,-393.950
51828,-396.525
51829,-388.625
51830,-390.875
51831,-393.200
51832,-395.175
51833,-397.375
51834,-399.725
51835,-392.050
51836,-394.175
51837,-396.325
51838,-398.225
51839,-401.150
51840,-403.225
51841,-395.075
51842,-397.525
51843,-399.875
51844,-402.450
51845,-404.050
51846,-381.250
51847,-398.275
51848,-400.750
51849,-403.425
51850,-405.975
51851,-381.925
51852,-374.275
51853,-402.050
51854,-404.700
51855,-380.875
51856,-383.300
51857,-385.375
51858,-403.100
51859,-405.450
51860,-382.350
51861,-384.250
51862,-386.400
51863,-388.700
51864,-381.300
51865,-383.300
51866,-385.975
51867,-387.975
51868,-390.600
51869,-392.600
51870,-384.900
51871,-387.050
51872,-388.675
51873,-391.175
51874,-393.475
51875,-396.075
51876,-388.225
51877,-390.275
51878,-392.150
51879,-394.925
51880,-396.825
51881,-389.575
51882,-391.550
51883,-393.625
51884,-396.050
51885,-398.175
51886,-400.125
51887,-392.450
51888,-395.125
51889,-396.875
51890,-399.175
51891,-401.850
51892,-403.950
51893,-396.425
51894,-398.225
51895,-400.950
51896,-403.100
51897,-405.500
51898,-381.875
51899,-399.425
51900,-401.575
51901,-404.350
51902,-406.225
51903,-383.200
51904,-400.225
51905,-403.175
51906,-405.425
51907,-381.925
51908,-383.975
51909,-385.925
51910,-404.450
51911,-406.675
51912,-382.700
51913,-384.975
51914,-387.300
51915,-389.775
51916,-381.775
51917,-383.775
51918,-386.675
51919,-388.325
51920,-391.400
51921,-393.625
51922,-385.650
51923,-387.600
51924,-389.775
51925,-391.775
51926,-394.600
51927,-386.300
51928,-388.575
51929,-390.625
51930,-393.250
51931,-395.525
51932,-398.150
51933,-390.075
51934,-392.375
51935,-394.700
51936,-396.875
51937,-398.875
51938,-401.550
51939,-393.500
51940,-395.375
51941,-397.675
51942,-400.075
51943,-402.325
51944,-405.075
51945,-396.575
51946,-398.825
51947,-400.850
51948,-403.525
51949,-405.850
51950,-382.400
51951,-400.550
51952,-402.350
51953,-404.850
51954,-381.600
51955,-383.850
51956,-401.250
51957,-403.700
51958,-405.925
51959,-382.450
51960,-384.500
51961,-387.375
51962,-404.650
51963,-381.300
51964,-383.900
51965,-385.925
51966,-387.775
51967,-390.775
51968,-382.550
51969,-384.750
51970,-387.400
51971,-389.725
51972,-391.975
51973,-393.650
51974,-385.850
51975,-388.075
51976,-390.650
51977,-392.925
51978,-395.025
51979,-387.000
51980,-389.525
51981,-391.925
51982,-393.925
51983,-396.125
51984,-398.625
51985,-390.550
51986,-393.175
51987,-394.800
51988,-397.000
51989,-399.850
51990,-402.250
51991,-394.125
51992,-396.225
51993,-398.875
51994,-401.150
51995,-403.350
51996,-405.225
51997,-397.450
51998,-399.925
51999,-401.700
52000,-404.500
52001,-406.375
52002,-383.125
52003,-400.825
52004,-403.300
52005,-405.350
52006,-381.850
52007,-384.000
52008,-401.650
52009,-404.750
52010,-406.650
52011,-383.175
52012,-385.600
52013,-388.075
52014,-405.750
52015,-382.525
52016,-384.275
52017,-386.850
52018,-388.925
52019,-390.900
52020,-383.175
52021,-385.475
52022,-387.500
52023,-389.875
52024,-392.225
52025,-394.750
52026,-387.050
52027,-388.500
52028,-391.350
52029,-393.750
52030,-395.975
52031,-388.100
52032,-390.375
52033,-392.700
52034,-394.875
52035,-396.925
52036,-398.925
52037,-391.575
52038,-393.675
52039,-395.975
52040,-398.150
52041,-400.150
52042,-403.050
52043,-395.025
52044,-397.175
52045,-399.525
52046,-401.575
52047,-404.175
52048,-406.425
52049,-398.525
52050,-400.275
52051,-403.025
52052,-404.925
52053,-381.650
52054,-399.150
52055,-401.900
52056,-403.450
52057,-406.225
52058,-383.125
52059,-384.950
52060,-402.750
52061,-405.125
52062,-381.650
52063,-384.200
52064,-386.125
52065,-388.225
52066,-406.125
52067,-382.525
52068,-385.000
52069,-386.975
52070,-389.950
52071,-392.150
52072,-383.800
52073,-385.800
52074,-388.825
52075,-391.025
52076,-393.100
52077,-395.275
52078,-387.600
52079,-389.425
52080,-391.700
52081,-394.575
52082,-396.925
52083,-388.700
52084,-390.725
52085,-393.375
52086,-395.625
52087,-397.775
52088,-400.225
52089,-392.325
52090,-394.050
52091,-396.425
52092,-398.825
52093,-401.350
52094,-403.800
52095,-395.475
52096,-397.475
52097,-400.125
52098,-402.500
52099,-404.600
52100,-381.550
52101,-399.125
52102,-401.325
52103,-403.100
52104,-405.300
52105,-382.525
52106,-400.375
52107,-402.225
52108,-404.650
52109,-381.175
52110,-383.775
52111,-385.900
52112,-403.225
52113,-405.925
52114,-382.400
52115,-384.950
52116,-387.200
52117,-389.125
52118,-381.250
52119,-383.750
52120,-386.075
52121,-388.225
52122,-390.775
52123,-392.375
52124,-384.550
52125,-387.200
52126,-389.525
52127,-391.150
52128,-394.025
52129,-385.650
52130,-388.425
52131,-390.500
52132,-393.075
52133,-395.275
52134,-397.650
52135,-389.150
52136,-391.325
52137,-393.400
52138,-396.350
52139,-398.425
52140,-400.750
52141,-393.250
52142,-394.825
52143,-397.475
52144,-399.125
52145,-401.850
52146,-404.000
52147,-396.075
52148,-398.450
52149,-400.750
52150,-402.775
52151,-405.275
52152,-382.300
52153,-399.425
52154,-401.525
52155,-404.575
52156,-406.375
52157,-383.075
52158,-400.650
52159,-403.250
52160,-404.875
52161,-382.250
52162,-384.550
52163,-386.400
52164,-404.450
52165,-406.375
52166,-382.725
52167,-385.475
52168,-387.500
52169,-389.950
52170,-382.025
52171,-384.550
52172,-386.450
52173,-388.975
52174,-391.400
52175,-393.525
52176,-385.325
52177,-387.525
52178,-390.150
52179,-391.925
52180,-394.200
52181,-386.400
52182,-389.150
52183,-390.800
52184,-393.650
52185,-395.575
52186,-398.175
52187,-390.050
52188,-392.275
52189,-394.600
52190,-396.650
52191,-399.125
52192,-401.300
52193,-393.475
52194,-395.775
52195,-397.975
52196,-399.875
52197,-402.775
52198,-405.125
52199,-397.225
52200,-399.350
52201,-401.525
52202,-403.975
52203,-406.075
52204,-398.050
52205,-400.500
52206,-402.225
52207,-404.475
52208,-381.650
52209,-383.550
52210,-401.050
52211,-403.625
52212,-405.750
52213,-382.450
52214,-384.800
52215,-386.825
52216,-404.925
52217,-381.500
52218,-383.650
52219,-385.600
52220,-388.600
52221,-390.725
52222,-382.975
52223,-385.200
52224,-386.800
52225,-389.475
52226,-391.575
52227,-393.875
52228,-386.325
52229,-388.750
52230,-390.875
52231,-392.975
52232,-395.150
52233,-387.150
52234,-389.925
52235,-391.950
52236,-394.300
52237,-396.075
52238,-398.875
52239,-390.650
52240,-392.925
52241,-395.225
52242,-397.275
52243,-399.875
52244,-402.450
52245,-393.875
52246,-396.275
52247,-398.525
52248,-401.325
52249,-403.150
52250,-405.500
52251,-397.450
52252,-399.650
52253,-401.925
52254,-404.700
52255,-381.150
52256,-399.050
52257,-400.600
52258,-403.325
52259,-406.025
52260,-382.550
52261,-384.075
52262,-401.800
52263,-404.150
52264,-381.100
52265,-383.725
52266,-386.000
52267,-387.525
52268,-405.350
52269,-382.600
52270,-384.400
52271,-387.050
52272,-389.325
52273,-391.125
52274,-383.575
52275,-385.850
52276,-387.850
52277,-390.375
52278,-392.375
52279,-384.175
52280,-386.975
52281,-389.025
52282,-391.250
52283,-393.725
52284,-396.225
52285,-387.600
52286,-390.525
52287,-392.275
52288,-394.925
52289,-397.075
52290,-398.975
52291,-391.050
52292,-393.750
52293,-395.975
52294,-397.875
52295,-400.650
52296,-402.950
52297,-395.150
52298,-397.450
52299,-399.075
52300,-401.450
52301,-404.300
52302,-406.575
52303,-398.525
52304,-400.275
52305,-403.175
52306,-405.175
52307,-381.750
52308,-399.150
52309,-401.625
52310,-404.375
52311,-406.575
52312,-382.600
52313,-385.325
52314,-402.675
52315,-405.500
52316,-382.075
52317,-383.675
52318,-386.575
52319,-388.925
52320,-406.125
52321,-383.275
52322,-385.275
52323,-387.300
52324,-389.750
52325,-392.000
52326,-384.300
52327,-386.475
52328,-388.850
52329,-391.075
52330,-393.375
52331,-385.600
52332,-387.725
52333,-389.975
52334,-392.000
52335,-394.300
52336,-396.725
52337,-388.800
52338,-391.250
52339,-393.375
52340,-395.475
52341,-397.850
52342,-400.350
52343,-392.050
52344,-394.800
52345,-396.725
52346,-399.275
52347,-400.925
52348,-403.475
52349,-395.450
52350,-398.075
52351,-400.025
52352,-402.725
52353,-404.500
52354,-396.525
52355,-399.175
52356,-401.150
52357,-403.425
52358,-405.800
52359,-382.300
52360,-400.600
52361,-402.650
52362,-404.600
52363,-381.275
52364,-383.850
52365,-385.700
52366,-403.675
52367,-406.225
52368,-382.325
52369,-384.775
52370,-387.125
52371,-389.325
52372,-381.450
52373,-383.900
52374,-386.075
52375,-388.025
52376,-390.450
52377,-392.425
52378,-385.000
52379,-386.625
52380,-389.250
52381,-392.050
52382,-393.575
52383,-385.700
52384,-388.500
52385,-390.650
52386,-393.200
52387,-395.175
52388,-397.425
52389,-389.225
52390,-391.925
52391,-393.925
52392,-396.125
52393,-398.425
52394,-401.150
52395,-392.550
52396,-394.700
52397,-397.250
52398,-400.025
52399,-402.150
52400,-404.575
52401,-396.275
52402,-398.325
52403,-401.100
52404,-402.950
52405,-405.275
52406,-397.475
52407,-399.725
52408,-402.275
52409,-404.725
52410,-406.275
52411,-383.375
52412,-400.800
52413,-403.350
52414,-405.550
52415,-382.125
52416,-384.300
52417,-386.800
52418,-404.200
52419,-406.750
52420,-383.300
52421,-385.425
52422,-387.400
52423,-389.675
52424,-382.025
52425,-384.000
52426,-386.675
52427,-389.150
52428,-391.325
52429,-383.250
52430,-385.425
52431,-387.650
52432,-390.125
52433,-392.275
52434,-394.600
52435,-386.525
52436,-389.000
52437,-391.050
52438,-393.675
52439,-395.975
52440,-398.350
52441,-390.275
52442,-392.325
52443,-394.575
52444,-397.100
52445,-399.575
52446,-401.850
52447,-393.825
52448,-395.575
52449,-398.250
52450,-400.700
52451,-402.650
52452,-404.975
52453,-397.475
52454,-399.025
52455,-401.750
52456,-403.550
52457,-406.275
52458,-398.025
52459,-400.000
52460,-403.000
52461,-404.850
52462,-381.375
52463,-383.650
52464,-401.725
52465,-403.700
52466,-406.275
52467,-383.075
52468,-385.300
52469,-387.500
52470,-405.325
52471,-381.450
52472,-384.300
52473,-386.125
52474,-388.700
52475,-390.725
52476,-382.725
52477,-385.375
52478,-387.600
52479,-389.225
52480,-391.825
52481,-383.725
52482,-386.575
52483,-388.050
52484,-390.450
52485,-393.475
52486,-395.850
52487,-387.500
52488,-389.925
52489,-391.825
52490,-394.575
52491,-396.800
52492,-398.625
52493,-391.250
52494,-393.075
52495,-395.025
52496,-397.325
52497,-400.175
52498,-402.550
52499,-394.075
52500,-396.800
52501,-398.775
52502,-401.050
52503,-403.775
52504,-395.175
52505,-398.150
52506,-400.025
52507,-402.100
52508,-404.875
52509,-381.350
52510,-399.075
52511,-400.950
52512,-403.450
52513,-406.100
52514,-382.400
52515,-384.650
52516,-402.225
52517,-404.375
52518,-381.300
52519,-383.625
52520,-385.575
52521,-388.100
52522,-405.925
52523,-382.675
52524,-384.350
52525,-386.925
52526,-389.100
52527,-391.875
52528,-383.775
52529,-385.825
52530,-388.325
52531,-390.150
52532,-392.375
52533,-384.675
52534,-386.800
52535,-389.650
52536,-391.825
52537,-393.775
52538,-395.975
52539,-388.150
52540,-390.425
52541,-393.025
52542,-394.800
52543,-397.100
52544,-399.525
52545,-391.800
52546,-393.650
52547,-396.050
52548,-398.350
52549,-400.650
52550,-402.650
52551,-395.325
52552,-397.625
52553,-399.150
52554,-402.150
52555,-404.500
52556,-395.875
52557,-398.825
52558,-401.050
52559,-403.300
52560,-405.625
52561,-382.050
52562,-399.425
52563,-401.375
52564,-403.950
52565,-406.225
52566,-383.175
52567,-385.650
52568,-403.375
52569,-404.925
52570,-381.850
52571,-384.100
52572,-386.575
52573,-388.750
52574,-406.700
52575,-383.275
52576,-385.200
52577,-387.600
52578,-390.250
52579,-382.050
52580,-384.550
52581,-386.575
52582,-389.225
52583,-391.175
52584,-393.525
52585,-385.650
52586,-387.975
52587,-389.600
52588,-392.100
52589,-394.125
52590,-397.150
52591,-388.475
52592,-391.200
52593,-393.725
52594,-396.275
52595,-398.075
52596,-400.550
52597,-392.725
52598,-394.600
52599,-397.075
52600,-399.050
52601,-401.575
52602,-404.050
52603,-395.750
52604,-397.825
52605,-400.325
52606,-402.325
52607,-405.125
52608,-397.025
52609,-399.225
52610,-401.400
52611,-404.075
52612,-406.000
52613,-382.500
52614,-400.575
52615,-402.125
52616,-404.875
52617,-381.775
52618,-383.875
52619,-386.025
52620,-403.750
52621,-405.800
52622,-382.650
52623,-385.075
52624,-386.975
52625,-389.350
52626,-381.875
52627,-384.000
52628,-386.375
52629,-388.675
52630,-390.625
52631,-382.725
52632,-385.075
52633,-387.650
52634,-389.725
52635,-391.825
52636,-394.125
52637,-386.150
52638,-388.275
52639,-390.975
52640,-393.150
52641,-395.275
52642,-397.850
52643,-389.100
52644,-392.100
52645,-394.400
52646,-396.675
52647,-398.925
52648,-401.050
52649,-392.775
52650,-395.050
52651,-397.850
52652,-399.925
52653,-401.950
52654,-404.650
52655,-396.625
52656,-398.950
52657,-401.150
52658,-402.900
52659,-405.500
52660,-397.975
52661,-400.250
52662,-402.275
52663,-404.825
52664,-381.300
52665,-383.075
52666,-400.950
52667,-403.450
52668,-405.975
52669,-381.975
52670,-384.900
52671,-386.925
52672,-404.725
52673,-381.400
52674,-383.075
52675,-385.725
52676,-388.025
52677,-390.150
52678,-382.400
52679,-385.000
52680,-386.725
52681,-388.925
52682,-391.500
52683,-383.400
52684,-385.475
52685,-387.850
52686,-390.250
52687,-392.100
52688,-394.875
52689,-387.100
52690,-389.400
52691,-391.300
52692,-393.675
52693,-395.975
52694,-398.075
52695,-390.225
52696,-392.775
52697,-394.650
52698,-397.250
52699,-399.225
52700,-401.250
52701,-393.875
52702,-396.275
52703,-398.575
52704,-400.825
52705,-402.925
52706,-395.075
52707,-397.125
52708,-399.275
52709,-401.750
52710,-404.075
52711,-406.500
52712,-398.475
52713,-400.450
52714,-402.850
52715,-405.400
52716,-382.200
52717,-384.050
52718,-402.000
52719,-403.775
52720,-406.325
52721,-382.675
52722,-385.075
52723,-387.300
52724,-405.300
52725,-381.875
52726,-384.250
52727,-386.600
52728,-388.950
52729,-391.200
52730,-383.075
52731,-385.075
52732,-387.150
52733,-390.175
52734,-392.375
52735,-383.950
52736,-386.050
52737,-388.850
52738,-391.250
52739,-393.525
52740,-395.325
52741,-387.825
52742,-389.675
52743,-391.925
52744,-394.550
52745,-396.725
52746,-398.875
52747,-391.350
52748,-393.200
52749,-395.325
52750,-398.275
52751,-400.450
52752,-402.500
52753,-394.200
52754,-396.775
52755,-399.100
52756,-401.100
52757,-403.425
52758,-395.450
52759,-397.875
52760,-400.050
52761,-402.175
52762,-404.950
52763,-381.675
52764,-399.325
52765,-401.125
52766,-403.300
52767,-405.975
52768,-382.450
52769,-384.650
52770,-402.275
52771,-405.125
52772,-381.075
52773,-383.575
52774,-385.900
52775,-388.175
52776,-406.275
52777,-382.525
52778,-385.225
52779,-387.450
52780,-389.150
52781,-381.500
52782,-383.800
52783,-385.975
52784,-388.250
52785,-390.650
52786,-392.550
52787,-384.775
52788,-387.125
52789,-389.325
52790,-392.100
52791,-393.950
52792,-396.075
52793,-387.850
52794,-390.875
52795,-393.075
52796,-395.150
52797,-397.150
52798,-399.925
52799,-392.050
52800,-394.300
52801,-396.125
52802,-398.350
52803,-400.700
52804,-402.900
52805,-395.025
52806,-397.100
52807,-399.525
52808,-402.250
52809,-404.475
52810,-395.900
52811,-398.575
52812,-400.650
52813,-403.125
52814,-405.400
52815,-382.225
52816,-399.350
52817,-402.250
52818,-403.975
52819,-406.850
52820,-383.475
52821,-385.375
52822,-403.100
52823,-405.800
52824,-382.300
52825,-384.625
52826,-386.925
52827,-389.150
52828,-381.300
52829,-383.675
52830,-385.325
52831,-387.775
52832,-389.675
52833,-382.550
52834,-384.750
52835,-386.550
52836,-388.575
52837,-391.125
52838,-393.575
52839,-385.525
52840,-387.875
52841,-390.075
52842,-392.425
52843,-395.000
52844,-396.775
52845,-389.100
52846,-390.875
52847,-393.450
52848,-396.125
52849,-397.775
52850,-400.225
52851,-392.525
52852,-394.650
52853,-396.975
52854,-398.975
52855,-401.550
52856,-393.925
52857,-395.775
52858,-397.950
52859,-399.925
52860,-402.900
52861,-405.075
52862,-397.175
52863,-399.325
52864,-401.800
52865,-404.175
52866,-406.125
52867,-383.175
52868,-400.050
52869,-402.500
52870,-405.350
52871,-381.725
52872,-384.150
52873,-386.550
52874,-403.750
52875,-406.275
52876,-382.975
52877,-384.775
52878,-387.400
52879,-389.950
52880,-381.850
52881,-383.725
52882,-386.400
52883,-388.400
52884,-390.975
52885,-382.825
52886,-385.375
52887,-386.925
52888,-389.725
52889,-392.050
52890,-394.125
52891,-385.900
52892,-388.700
52893,-391.025
52894,-393.275
52895,-395.150
52896,-397.775
52897,-390.075
52898,-392.050
52899,-394.400
52900,-396.525
52901,-398.925
52902,-401.150
52903,-393.475
52904,-395.275
52905,-397.725
52906,-400.150
52907,-402.425
52908,-394.475
52909,-396.450
52910,-399.150
52911,-401.100
52912,-403.300
52913,-405.850
52914,-398.150
52915,-400.275
52916,-402.500
52917,-404.500
52918,-381.450
52919,-383.750
52920,-401.575
52921,-403.375
52922,-405.325
52923,-382.125
52924,-384.500
52925,-386.850
52926,-404.600
52927,-381.625
52928,-383.575
52929,-386.075
52930,-388.100
52931,-405.850
52932,-382.525
52933,-384.400
52934,-386.700
52935,-389.325
52936,-391.875
52937,-383.275
52938,-385.925
52939,-388.325
52940,-390.300
52941,-392.325
52942,-394.825
52943,-387.200
52944,-389.650
52945,-391.825
52946,-394.125
52947,-395.850
52948,-398.425
52949,-390.575
52950,-392.325
52951,-395.025
52952,-397.275
52953,-399.525
52954,-401.950
52955,-394.175
52956,-396.500
52957,-398.575
52958,-400.425
52959,-403.250
52960,-395.250
52961,-397.225
52962,-399.775
52963,-402.225
52964,-404.500
52965,-406.550
52966,-397.975
52967,-400.550
52968,-403.000
52969,-405.625
52970,-381.825
52971,-383.850
52972,-402.275
52973,-403.950
52974,-406.500
52975,-382.975
52976,-385.275
52977,-387.325
52978,-405.425
52979,-382.450
52980,-384.500
52981,-386.400
52982,-388.625
52983,-406.175
52984,-383.025
52985,-385.700
52986,-387.575
52987,-389.775
52988,-392.000
52989,-384.350
52990,-386.275
52991,-389.100
52992,-391.550
52993,-393.075
52994,-395.325
52995,-387.200
52996,-390.175
52997,-392.525
52998,-394.550
52999,-396.625
53000,-399.425
53001,-391.025
53002,-393.375
53003,-395.650
53004,-398.075
53005,-400.450
53006,-392.375
53007,-395.000
53008,-396.825
53009,-398.775
53010,-401.200
53011,-403.550
53012,-395.775
53013,-397.925
53014,-400.225
53015,-402.275
53016,-405.225
53017,-381.875
53018,-399.550
53019,-401.750
53020,-403.550
53021,-406.200
53022,-382.825
53023,-385.000
53024,-402.775
53025,-405.125
53026,-381.450
53027,-383.775
53028,-386.250
53029,-388.675
53030,-405.875
53031,-382.600
53032,-385.225
53033,-387.300
53034,-389.525
53035,-381.525
53036,-384.175
53037,-386.300
53038,-388.425
53039,-390.975
53040,-392.975
53041,-385.125
53042,-387.500
53043,-389.475
53044,-392.150
53045,-393.850
53046,-396.275
53047,-388.750
53048,-390.675
53049,-393.175
53050,-395.525
53051,-397.750
53052,-400.075
53053,-392.125
53054,-394.050
53055,-396.775
53056,-398.950
53057,-401.150
53058,-393.075
53059,-395.075
53060,-397.575
53061,-399.425
53062,-402.025
53063,-404.575
53064,-396.225
53065,-398.675
53066,-400.900
53067,-403.000
53068,-405.900
53069,-381.975
53070,-399.725
53071,-402.500
53072,-404.275
53073,-381.075
53074,-383.250
53075,-385.925
53076,-403.350
53077,-405.325
53078,-382.550
53079,-384.625
53080,-386.975
53081,-379.050
53082,-381.100
53083,-383.775
53084,-386.050
53085,-387.575
53086,-390.325
53087,-381.925
53088,-384.800
53089,-387.175
53090,-389.475
53091,-391.725
53092,-393.300
53093,-385.575
53094,-388.325
53095,-390.675
53096,-392.325
53097,-394.650
53098,-397.325
53099,-389.475
53100,-391.425
53101,-393.875
53102,-396.125
53103,-398.425
53104,-400.850
53105,-392.925
53106,-395.075
53107,-396.725
53108,-399.275
53109,-401.850
53110,-393.550
53111,-395.725
53112,-398.175
53113,-400.250
53114,-402.675
53115,-405.450
53116,-397.225
53117,-399.575
53118,-401.800
53119,-404.400
53120,-405.875
53121,-383.075
53122,-400.375
53123,-402.950
53124,-405.450
53125,-382.200
53126,-384.300
53127,-386.125
53128,-403.950
53129,-406.275
53130,-382.875
53131,-385.300
53132,-387.325
53133,-405.050
53134,-381.975
53135,-384.150
53136,-386.175
53137,-388.225
53138,-391.250
53139,-382.800
53140,-385.325
53141,-387.875
53142,-390.150
53143,-392.050
53144,-394.725
53145,-386.475
53146,-388.325
53147,-390.925
53148,-393.200
53149,-395.450
53150,-398.025
53151,-389.825
53152,-391.925
53153,-394.550
53154,-396.775
53155,-398.575
53156,-390.925
53157,-393.300
53158,-395.150
53159,-397.575
53160,-400.350
53161,-402.350
53162,-394.750
53163,-397.075
53164,-399.225
53165,-401.225
53166,-403.475
53167,-405.750
53168,-397.750
53169,-400.175
53170,-402.650
53171,-404.850
53172,-381.675
53173,-384.000
53174,-400.900
53175,-403.550
53176,-405.925
53177,-382.900
53178,-385.075
53179,-387.150
53180,-404.500
53181,-381.825
53182,-383.975
53183,-386.075
53184,-388.325
53185,-406.275
53186,-382.550
53187,-384.700
53188,-387.050
53189,-389.425
53190,-391.875
53191,-383.875
53192,-386.300
53193,-388.175
53194,-390.550
53195,-392.975
53196,-395.150
53197,-386.925
53198,-389.425
53199,-391.350
53200,-393.950
53201,-396.200
53202,-398.275
53203,-390.525
53204,-393.250
53205,-395.225
53206,-397.350
53207,-399.375
53208,-391.875
53209,-394.350
53210,-396.575
53211,-398.875
53212,-400.650
53213,-402.950
53214,-395.550
53215,-397.675
53216,-400.050
53217,-401.950
53218,-404.400
53219,-406.600
53220,-398.675
53221,-401.300
53222,-403.350
53223,-405.300
53224,-382.225
53225,-384.200
53226,-402.275
53227,-404.450
53228,-380.900
53229,-383.475
53230,-385.475
53231,-387.775
53232,-405.275
53233,-382.400
53234,-384.750
53235,-386.350
53236,-388.700
53237,-381.050
53238,-383.250
53239,-385.850
53240,-387.775
53241,-390.550
53242,-392.050
53243,-384.600
53244,-386.675
53245,-388.750
53246,-391.250
53247,-393.725
53248,-395.775
53249,-387.500
53250,-389.875
53251,-392.675
53252,-394.750
53253,-396.975
53254,-399.625
53255,-391.575
53256,-393.250
53257,-395.825
53258,-398.150
53259,-400.425
53260,-392.425
53261,-395.050
53262,-396.975
53263,-399.475
53264,-401.250
53265,-404.100
53266,-396.300
53267,-398.375
53268,-400.075
53269,-402.750
53270,-405.275
53271,-381.825
53272,-398.925
53273,-401.850
53274,-403.975
53275,-406.225
53276,-383.200
53277,-384.950
53278,-402.650
53279,-405.350
53280,-381.675
53281,-383.850
53282,-386.175
53283,-404.150
53284,-406.375
53285,-383.200
53286,-385.275
53287,-387.250
53288,-389.150
53289,-381.450
53290,-383.850
53291,-386.350
53292,-388.775
53293,-390.700
53294,-392.925
53295,-385.200
53296,-387.375
53297,-389.725
53298,-392.375
53299,-394.575
53300,-396.825
53301,-388.100
53302,-390.575
53303,-393.525
53304,-395.775
53305,-397.850
53306,-399.850
53307,-392.150
53308,-394.250
53309,-396.475
53310,-398.650
53311,-400.800
53312,-393.450
53313,-395.250
53314,-397.325
53315,-399.925
53316,-402.175
53317,-404.875
53318,-396.725
53319,-398.475
53320,-401.100
53321,-403.250
53322,-406.100
53323,-382.725
53324,-399.875
53325,-402.550
53326,-404.925
53327,-381.375
53328,-383.875
53329,-386.075
53330,-403.125
53331,-405.900
53332,-382.400
53333,-384.400
53334,-386.700
53335,-404.275
53336,-381.300
53337,-383.350
53338,-385.575
53339,-387.725
53340,-390.450
53341,-382.550
53342,-384.975
53343,-386.700
53344,-388.900
53345,-391.400
53346,-394.200
53347,-385.800
53348,-388.475
53349,-390.275
53350,-392.400
53351,-395.325
53352,-396.925
53353,-388.950
53354,-391.625
53355,-394.275
53356,-396.225
53357,-398.375
53358,-390.625
53359,-393.100
53360,-395.325
53361,-397.225
53362,-399.850
53363,-401.900
53364,-393.775
53365,-395.975
53366,-398.350
53367,-401.025
53368,-402.750
53369,-405.650
53370,-397.150
53371,-399.875
53372,-401.400
53373,-403.775
53374,-406.000
53375,-383.300
53376,-400.450
53377,-403.375
53378,-405.025
53379,-382.225
53380,-384.550
53381,-386.400
53382,-404.550
53383,-406.275
53384,-382.950
53385,-385.575
53386,-387.775
53387,-405.550
53388,-382.300
53389,-384.675
53390,-386.150
53391,-388.925
53392,-391.450
53393,-383.375
53394,-385.375
53395,-387.775
53396,-390.125
53397,-391.875
53398,-394.500
53399,-386.075
53400,-388.625
53401,-391.175
53402,-393.075
53403,-395.675
53404,-397.875
53405,-390.075
53406,-392.675
53407,-394.825
53408,-397.025
53409,-399.275
53410,-391.400
53411,-393.875
53412,-395.475
53413,-397.725
53414,-399.875
53415,-402.625
53416,-394.650
53417,-397.150
53418,-399.350
53419,-401.400
53420,-403.600
53421,-406.350
53422,-398.450
53423,-400.450
53424,-402.325
53425,-405.025
53426,-381.250
53427,-383.800
53428,-401.425
53429,-404.100
53430,-405.800
53431,-382.675
53432,-384.750
53433,-402.950
53434,-405.125
53435,-381.550
53436,-384.200
53437,-386.050
53438,-388.375
53439,-406.125
53440,-383.075
53441,-385.225
53442,-387.175
53443,-389.925
53444,-391.500
53445,-383.450
53446,-385.900
53447,-388.800
53448,-390.975
53449,-392.775
53450,-394.950
53451,-387.625
53452,-389.425
53453,-391.875
53454,-393.675
53455,-396.225
53456,-398.925
53457,-390.375
53458,-393.250
53459,-395.000
53460,-397.875
53461,-399.750
53462,-391.925
53463,-393.875
53464,-396.675
53465,-398.750
53466,-400.925
53467,-403.225
53468,-394.925
53469,-397.950
53470,-400.225
53471,-402.375
53472,-404.500
53473,-381.375
53474,-399.075
53475,-401.300
53476,-403.525
53477,-405.800
53478,-382.250
53479,-384.650
53480,-402.175
53481,-404.650
53482,-381.450
53483,-383.275
53484,-385.275
53485,-403.375
53486,-405.900
53487,-382.650
53488,-384.500
53489,-386.525
53490,-389.575
53491,-381.450
53492,-383.475
53493,-385.600
53494,-387.850
53495,-390.675
53496,-392.650
53497,-384.400
53498,-386.575
53499,-388.950
53500,-391.250
53501,-394.050
53502,-395.875
53503,-388.175
53504,-390.175
53505,-392.150
53506,-394.800
53507,-397.375
53508,-389.250
53509,-391.325
53510,-394.125
53511,-396.375
53512,-398.350
53513,-400.950
53514,-392.525
53515,-394.825
53516,-396.925
53517,-399.350
53518,-402.050
53519,-404.150
53520,-396.275
53521,-398.675
53522,-400.450
53523,-402.775
53524,-405.125
53525,-381.550
53526,-399.525
53527,-401.350
53528,-403.850
53529,-406.700
53530,-383.125
53531,-385.175
53532,-403.250
53533,-404.850
53534,-381.675
53535,-384.450
53536,-386.575
53537,-403.950
53538,-406.650
53539,-382.800
53540,-385.075
53541,-387.825
53542,-389.350
53543,-381.875
53544,-384.525
53545,-386.225
53546,-388.850
53547,-391.050
53548,-393.500
53549,-385.600
53550,-387.325
53551,-390.250
53552,-392.000
53553,-394.150
53554,-396.475
53555,-388.975
53556,-390.925
53557,-393.475
53558,-395.875
53559,-397.775
53560,-389.975
53561,-392.125
53562,-394.050
53563,-397.000
53564,-399.325
53565,-401.300
53566,-393.275
53567,-395.875
53568,-397.725
53569,-400.225
53570,-402.125
53571,-405.050
53572,-396.825
53573,-398.850
53574,-401.700
53575,-403.800
53576,-405.875
53577,-382.300
53578,-400.350
53579,-402.125
53580,-404.650
53581,-381.675
53582,-383.900
53583,-401.375
53584,-403.700
53585,-406.100
53586,-382.225
53587,-384.550
53588,-387.300
53589,-405.075
53590,-381.925
53591,-383.625
53592,-386.125
53593,-388.400
53594,-390.450
53595,-382.600
53596,-385.075
53597,-387.025
53598,-389.500
53599,-391.400
53600,-393.775
53601,-385.975
53602,-388.325
53603,-390.800
53604,-393.075
53605,-394.925
53606,-397.100
53607,-389.225
53608,-391.825
53609,-394.150
53610,-395.925
53611,-398.925
53612,-390.800
53613,-393.175
53614,-395.250
53615,-397.275
53616,-399.325
53617,-402.350
53618,-394.300
53619,-396.675
53620,-398.350
53621,-400.900
53622,-403.525
53623,-405.700
53624,-397.525
53625,-399.550
53626,-402.150
53627,-404.650
53628,-406.275
53629,-383.250
53630,-401.125
53631,-403.250
53632,-405.225
53633,-382.300
53634,-384.650
53635,-401.750
53636,-404.300
53637,-380.950
53638,-383.675
53639,-385.600
53640,-388.150
53641,-405.225
53642,-382.425
53643,-384.525
53644,-386.625
53645,-388.700
53646,-391.050
53647,-383.525
53648,-385.425
53649,-387.975
53650,-389.750
53651,-392.650
53652,-394.800
53653,-387.025
53654,-388.675
53655,-390.975
53656,-393.400
53657,-395.875
53658,-387.950
53659,-390.450
53660,-392.775
53661,-394.600
53662,-396.875
53663,-399.525
53664,-391.350
53665,-393.400
53666,-395.750
53667,-397.775
53668,-400.050
53669,-402.850
53670,-394.450
53671,-397.150
53672,-399.175
53673,-401.925
53674,-403.600
53675,-406.450
53676,-398.175
53677,-400.750
53678,-402.525
53679,-405.300
53680,-381.825
53681,-383.975
53682,-401.375
53683,-403.475
53684,-405.850
53685,-382.975
53686,-385.425
53687,-402.675
53688,-405.450
53689,-381.675
53690,-383.975
53691,-386.025
53692,-388.500
53693,-406.075
53694,-382.675
53695,-385.475
53696,-387.650
53697,-389.775
53698,-391.775
53699,-384.175
53700,-386.350
53701,-388.600
53702,-390.725
53703,-393.175
53704,-395.675
53705,-387.000
53706,-389.475
53707,-392.325
53708,-394.175
53709,-397.000
53710,-388.875
53711,-390.875
53712,-392.925
53713,-395.325
53714,-397.775
53715,-399.775
53716,-392.325
53717,-394.700
53718,-396.525
53719,-398.650
53720,-401.150
53721,-403.650
53722,-395.325
53723,-397.875
53724,-399.875
53725,-402.275
53726,-404.550
53727,-381.550
53728,-398.875
53729,-401.150
53730,-403.675
53731,-406.075
53732,-382.700
53733,-374.375
53734,-401.900
53735,-404.650
53736,-381.250
53737,-383.400
53738,-385.525
53739,-403.425
53740,-405.900
53741,-382.550
53742,-384.850
53743,-387.000
53744,-389.675
53745,-381.600
53746,-383.650
53747,-386.000
53748,-388.400
53749,-389.975
53750,-392.875
53751,-384.750
53752,-387.250
53753,-389.225
53754,-391.800
53755,-393.975
53756,-396.425
53757,-388.275
53758,-390.425
53759,-392.725
53760,-395.000
53761,-397.225
53762,-389.250
53763,-391.575
53764,-394.050
53765,-395.825
53766,-398.525
53767,-401.100
53768,-393.100
53769,-394.800
53770,-397.325
53771,-399.850
53772,-401.900
53773,-403.950
53774,-396.525
53775,-398.675
53776,-401.000
53777,-402.625
53778,-405.600
53779,-382.175
53780,-399.425
53781,-402.150
53782,-404.475
53783,-406.775
53784,-383.350
53785,-400.450
53786,-403.100
53787,-405.300
53788,-382.300
53789,-384.175
53790,-386.675
53791,-404.500
53792,-406.900
53793,-383.300
53794,-385.275
53795,-387.875
53796,-389.675
53797,-381.725
53798,-384.500
53799,-386.575
53800,-389.100
53801,-391.500
53802,-393.675
53803,-385.425
53804,-387.625
53805,-389.675
53806,-392.525
53807,-395.000
53808,-386.850
53809,-388.600
53810,-390.825
53811,-393.200
53812,-395.975
53813,-397.575
53814,-390.325
53815,-392.675
53816,-394.875
53817,-396.875
53818,-399.125
53819,-401.375
53820,-393.650
53821,-395.850
53822,-398.175
53823,-400.375
53824,-402.275
53825,-404.500
53826,-396.925
53827,-399.150
53828,-401.200
53829,-403.750
53830,-406.325
53831,-382.975
53832,-400.650
53833,-402.625
53834,-404.500
53835,-381.625
53836,-383.775
53837,-401.525
53838,-403.800
53839,-406.000
53840,-382.975
53841,-385.050
53842,-386.900
53843,-404.600
53844,-381.775
53845,-383.875
53846,-386.350
53847,-388.625
53848,-390.375
53849,-383.025
53850,-384.875
53851,-387.200
53852,-389.875
53853,-392.225
53854,-394.200
53855,-386.375
53856,-388.325
53857,-390.375
53858,-392.925
53859,-395.525
53860,-387.100
53861,-389.675
53862,-392.150
53863,-394.400
53864,-396.400
53865,-398.925
53866,-390.500
53867,-392.925
53868,-395.000
53869,-397.275
53870,-399.775
53871,-402.125
53872,-394.150
53873,-396.450
53874,-399.025
53875,-401.400
53876,-402.950
53877,-405.875
53878,-397.725
53879,-400.325
53880,-402.050
53881,-404.550
53882,-381.275
53883,-383.525
53884,-400.750
53885,-403.125
53886,-405.750
53887,-382.300
53888,-384.850
53889,-401.950
53890,-404.275
53891,-381.300
53892,-383.675
53893,-385.425
53894,-387.450
53895,-405.650
53896,-382.200
53897,-384.200
53898,-386.775
53899,-389.000
53900,-391.075
53901,-383.650
53902,-385.925
53903,-388.150
53904,-390.125
53905,-392.325
53906,-394.400
53907,-387.150
53908,-388.950
53909,-391.450
53910,-393.875
53911,-396.075
53912,-388.350
53913,-390.600
53914,-392.800
53915,-394.750
53916,-397.575
53917,-399.650
53918,-391.250
53919,-393.525
53920,-396.275
53921,-398.550
53922,-400.350
53923,-403.125
53924,-394.650
53925,-396.925
53926,-399.550
53927,-401.650
53928,-403.975
53929,-406.600
53930,-398.175
53931,-400.450
53932,-403.050
53933,-404.925
53934,-382.125
53935,-399.200
53936,-402.100
53937,-404.300
53938,-406.550
53939,-383.075
53940,-385.375
53941,-402.725
53942,-405.450
53943,-381.775
53944,-384.425
53945,-386.600
53946,-389.050
53947,-406.500
53948,-383.075
53949,-385.275
53950,-387.600
53951,-390.025
53952,-391.825
53953,-384.000
53954,-386.625
53955,-388.625
53956,-391.050
53957,-393.525
53958,-395.125
53959,-387.600
53960,-389.875
53961,-392.325
53962,-394.450
53963,-396.675
53964,-388.875
53965,-391.250
53966,-393.150
53967,-395.175
53968,-398.225
53969,-400.175
53970,-392.150
53971,-394.750
53972,-396.675
53973,-399.275
53974,-401.575
53975,-403.600
53976,-395.275
53977,-397.775
53978,-400.375
53979,-402.125
53980,-404.700
53981,-381.675
53982,-398.975
53983,-401.575
53984,-403.450
53985,-406.200
53986,-382.450
53987,-400.325
53988,-402.450
53989,-404.650
53990,-381.725
53991,-383.625
53992,-386.250
53993,-403.650
53994,-405.750
53995,-382.450
53996,-384.950
53997,-387.200
53998,-389.425
53999,-381.400
54000,-384.100
54001,-385.700
54002,-388.500
54003,-390.800
54004,-393.100
54005,-385.125
54006,-387.275
54007,-389.675
54008,-391.700
54009,-394.200
54010,-385.925
54011,-388.325
54012,-390.725
54013,-392.550
54014,-395.175
54015,-397.475
54016,-389.050
54017,-391.975
54018,-394.025
54019,-396.125
54020,-398.425
54021,-401.150
54022,-392.700
54023,-395.025
54024,-397.625
54025,-399.475
54026,-401.925
54027,-404.450
54028,-396.575
54029,-398.825
54030,-401.050
54031,-403.050
54032,-405.750
54033,-381.875
54034,-399.350
54035,-402.275
54036,-404.650
54037,-406.650
54038,-383.025
54039,-401.200
54040,-403.475
54041,-405.650
54042,-381.825
54043,-384.775
54044,-386.975
54045,-404.725
54046,-406.225
54047,-383.175
54048,-385.375
54049,-387.875
54050,-390.225
54051,-382.250
54052,-384.675
54053,-386.925
54054,-389.325
54055,-390.925
54056,-393.300
54057,-385.500
54058,-388.025
54059,-390.525
54060,-392.700
54061,-394.850
54062,-386.575
54063,-389.050
54064,-391.325
54065,-393.675
54066,-395.975
54067,-398.475
54068,-390.425
54069,-392.050
54070,-394.450
54071,-396.825
54072,-399.075
54073,-401.500
54074,-393.975
54075,-396.125
54076,-398.475
54077,-400.375
54078,-402.525
54079,-405.075
54080,-396.925
54081,-399.725
54082,-401.750
54083,-403.900
54084,-405.750
54085,-398.525
54086,-400.450
54087,-402.675
54088,-405.125
54089,-381.525
54090,-384.175
54091,-401.250
54092,-404.000
54093,-406.125
54094,-382.875
54095,-384.975
54096,-387.800
54097,-405.075
54098,-382.125
54099,-384.150
54100,-386.525
54101,-388.825
54102,-391.200
54103,-383.175
54104,-385.450
54105,-387.275
54106,-389.600
54107,-391.725
54108,-394.350
54109,-386.125
54110,-388.175
54111,-390.725
54112,-393.275
54113,-395.125
54114,-387.100
54115,-389.525
54116,-391.825
54117,-394.550
54118,-396.125
54119,-398.775
54120,-391.175
54121,-393.200
54122,-395.375
54123,-397.675
54124,-399.950
54125,-402.225
54126,-394.625
54127,-396.775
54128,-398.725
54129,-401.250
54130,-403.100
54131,-405.900
54132,-397.625
54133,-399.750
54134,-402.175
54135,-404.575
54136,-381.175
54137,-399.075
54138,-401.125
54139,-403.675
54140,-405.700
54141,-382.225
54142,-384.350
54143,-402.375
54144,-404.500
54145,-381.550
54146,-383.850
54147,-385.975
54148,-388.075
54149,-405.575
54150,-382.175
54151,-385.175
54152,-386.900
54153,-389.525
54154,-391.500
54155,-383.475
54156,-386.175
54157,-387.775
54158,-390.800
54159,-393.075
54160,-384.475
54161,-386.825
54162,-389.100
54163,-391.200
54164,-394.075
54165,-396.375
54166,-388.350
54167,-390.725
54168,-393.025
54169,-395.150
54170,-397.225
54171,-399.825
54172,-391.700
54173,-394.150
54174,-396.075
54175,-398.450
54176,-400.800
54177,-402.775
54178,-395.325
54179,-397.450
54180,-399.875
54181,-401.950
54182,-404.200
54183,-406.825
54184,-398.850
54185,-400.450
54186,-403.250
54187,-405.450
54188,-382.350
54189,-399.550
54190,-401.925
54191,-404.200
54192,-406.575
54193,-383.300
54194,-385.700
54195,-402.850
54196,-405.650
54197,-382.300
54198,-384.625
54199,-386.300
54200,-388.675
54201,-406.675
54202,-382.975
54203,-385.075
54204,-387.875
54205,-389.925
54206,-392.400
54207,-384.100
54208,-386.475
54209,-388.775
54210,-391.575
54211,-393.450
54212,-385.225
54213,-387.775
54214,-390.025
54215,-392.700
54216,-394.575
54217,-397.125
54218,-388.400
54219,-391.500
54220,-393.675
54221,-395.725
54222,-398.225
54223,-400.050
54224,-392.050
54225,-395.000
54226,-397.150
54227,-399.325
54228,-401.700
54229,-403.750
54230,-395.825
54231,-398.125
54232,-400.325
54233,-402.450
54234,-405.175
54235,-397.075
54236,-399.550
54237,-401.350
54238,-404.000
54239,-406.275
54240,-382.950
54241,-400.600
54242,-402.625
54243,-404.600
54244,-381.625
54245,-384.075
54246,-386.350
54247,-403.225
54248,-406.325
54249,-382.725
54250,-384.550
54251,-386.925
54252,-389.300
54253,-381.300
54254,-383.800
54255,-386.300
54256,-388.225
54257,-391.125
54258,-392.925
54259,-385.200
54260,-387.500
54261,-389.600
54262,-391.925
54263,-394.025
54264,-386.300
54265,-388.700
54266,-390.675
54267,-393.475
54268,-395.675
54269,-397.575
54270,-389.250
54271,-392.250
54272,-394.075
54273,-396.600
54274,-398.450
54275,-400.850
54276,-393.250
54277,-395.550
54278,-397.625
54279,-399.750
54280,-402.350
54281,-404.750
54282,-396.125
54283,-398.475
54284,-400.900
54285,-403.375
54286,-405.550
54287,-397.925
54288,-400.125
54289,-401.925
54290,-404.175
54291,-381.000
54292,-383.575
54293,-401.325
54294,-403.475
54295,-405.875
54296,-382.325
54297,-384.700
54298,-386.675
54299,-404.650
54300,-380.975
54301,-383.750
54302,-385.425
54303,-387.875
54304,-389.950
54305,-382.350
54306,-384.650
54307,-387.175
54308,-389.250
54309,-391.300
54310,-383.475
54311,-385.375
54312,-388.175
54313,-390.400
54314,-392.450
54315,-394.875
54316,-386.675
54317,-389.150
54318,-391.550
54319,-393.475
54320,-396.050
54321,-398.575
54322,-389.925
54323,-392.775
54324,-394.875
54325,-397.250
54326,-399.425
54327,-401.575
54328,-393.775
54329,-395.850
54330,-398.325
54331,-400.450
54332,-402.850
54333,-405.225
54334,-396.675
54335,-399.375
54336,-402.000
54337,-404.100
54338,-406.125
54339,-398.650
54340,-400.650
54341,-403.100
54342,-405.225
54343,-381.875
54344,-383.750
54345,-402.175
54346,-403.975
54347,-406.700
54348,-383.200
54349,-385.300
54350,-387.600
54351,-404.925
54352,-382.075
54353,-384.150
54354,-386.550
54355,-388.625
54356,-391.075
54357,-383.025
54358,-385.225
54359,-387.850
54360,-390.250
54361,-392.000
54362,-384.100
54363,-386.700
54364,-388.525
54365,-391.125
54366,-393.275
54367,-395.875
54368,-387.375
54369,-390.075
54370,-392.500
54371,-394.825
54372,-396.675
54373,-398.575
54374,-391.025
54375,-393.025
54376,-395.850
54377,-397.525
54378,-400.175
54379,-402.525
54380,-394.350
54381,-397.025
54382,-398.825
54383,-401.350
54384,-403.550
54385,-395.775
54386,-398.275
54387,-399.875
54388,-402.675
54389,-405.175
54390,-381.450
54391,-399.325
54392,-400.825
54393,-403.300
54394,-405.650
54395,-382.450
54396,-384.400
54397,-402.175
54398,-405.075
54399,-381.300
54400,-383.475
54401,-386.150
54402,-388.250
54403,-405.750
54404,-382.650
54405,-385.225
54406,-387.325
54407,-389.725
54408,-391.725
54409,-383.400
54410,-386.025
54411,-388.325
54412,-390.875
54413,-393.200
54414,-384.550
54415,-387.500
54416,-389.800
54417,-391.975
54418,-393.950
54419,-396.225
54420,-388.525
54421,-390.975
54422,-392.975
54423,-395.350
54424,-397.325
54425,-399.850
54426,-391.450
54427,-394.275
54428,-396.100
54429,-398.575
54430,-401.000
54431,-403.000
54432,-395.175
54433,-397.525
54434,-399.750
54435,-402.050
54436,-404.275
54437,-396.425
54438,-398.325
54439,-401.250
54440,-403.125
54441,-405.225
54442,-382.450
54443,-400.025
54444,-402.050
54445,-404.100
54446,-406.775
54447,-383.550
54448,-385.375
54449,-403.475
54450,-405.125
54451,-381.950
54452,-384.000
54453,-387.000
54454,-388.775
54455,-381.100
54456,-383.200
54457,-385.650
54458,-387.825
54459,-389.925
54460,-392.825
54461,-384.675
54462,-386.575
54463,-388.525
54464,-391.175
54465,-393.250
54466,-385.850
54467,-388.275
54468,-390.450
54469,-392.675
54470,-394.450
54471,-396.925
54472,-388.950
54473,-391.550
54474,-393.750
54475,-396.050
54476,-398.175
54477,-400.325
54478,-392.675
54479,-394.475
54480,-397.025
54481,-399.675
54482,-401.400
54483,-403.950
54484,-395.650
54485,-398.125
54486,-400.850
54487,-402.900
54488,-405.075
54489,-397.425
54490,-399.675
54491,-401.300
54492,-404.000
54493,-405.850
54494,-383.175
54495,-400.600
54496,-402.525
54497,-405.325
54498,-381.975
54499,-384.200
54500,-386.250
54501,-404.075
54502,-406.125
54503,-383.150
54504,-384.975
54505,-386.925
54506,-389.325
54507,-381.750
54508,-383.850
54509,-386.275
54510,-388.400
54511,-391.175
54512,-383.175
54513,-385.275
54514,-387.250
54515,-390.075
54516,-391.975
54517,-394.575
54518,-386.175
54519,-388.575
54520,-390.975
54521,-393.075
54522,-395.825
54523,-397.950
54524,-390.125
54525,-391.925
54526,-394.150
54527,-396.475
54528,-398.950
54529,-401.100
54530,-393.475
54531,-395.525
54532,-397.450
54533,-400.150
54534,-402.500
54535,-404.750
54536,-396.825
54537,-399.150
54538,-401.200
54539,-403.025
54540,-405.900
54541,-397.650
54542,-400.325
54543,-402.050
54544,-404.550
54545,-381.725
54546,-383.175
54547,-400.800
54548,-403.875
54549,-405.800
54550,-382.250
54551,-384.900
54552,-386.800
54553,-404.950
54554,-380.850
54555,-383.775
54556,-385.525
54557,-388.000
54558,-390.325
54559,-382.650
54560,-384.600
54561,-386.850
54562,-389.200
54563,-391.575
54564,-384.000
54565,-385.525
54566,-388.100
54567,-390.575
54568,-392.625
54569,-395.325
54570,-386.925
54571,-389.525
54572,-391.500
54573,-393.550
54574,-396.100
54575,-398.550
54576,-390.125
54577,-392.525
54578,-395.325
54579,-397.525
54580,-399.950
54581,-401.850
54582,-394.375
54583,-396.225
54584,-398.225
54585,-401.000
54586,-403.325
54587,-394.750
54588,-397.325
54589,-399.375
54590,-402.175
54591,-403.950
54592,-406.825
54593,-398.825
54594,-400.850
54595,-402.625
54596,-405.025
54597,-382.175
54598,-384.300
54599,-401.800
54600,-404.350
54601,-406.500
54602,-382.975
54603,-385.525
54604,-387.825
54605,-405.750
54606,-382.425
54607,-384.200
54608,-386.300
54609,-389.100
54610,-391.500
54611,-383.475
54612,-385.425
54613,-387.575
54614,-389.800
54615,-392.150
54616,-384.650
54617,-386.525
54618,-388.575
54619,-391.550
54620,-393.625
54621,-395.975
54622,-388.100
54623,-389.950
54624,-391.875
54625,-394.600
54626,-396.975
54627,-398.975
54628,-391.425
54629,-393.275
54630,-395.875
54631,-398.150
54632,-400.575
54633,-402.525
54634,-394.375
54635,-396.675
54636,-399.325
54637,-401.750
54638,-404.050
54639,-395.975
54640,-398.250
54641,-399.925
54642,-402.550
54643,-405.175
54644,-381.925
54645,-399.425
54646,-401.100
54647,-404.100
54648,-406.375
54649,-382.975
54650,-385.300
54651,-402.850
54652,-404.700
54653,-381.550
54654,-384.075
54655,-385.975
54656,-388.500
54657,-405.925
54658,-382.925
54659,-385.275
54660,-387.125
54661,-389.575
54662,-381.225
54663,-384.150
54664,-386.300
54665,-388.700
54666,-390.875
54667,-392.875
54668,-384.700
54669,-387.100
54670,-389.350
54671,-392.100
54672,-394.300
54673,-396.125
54674,-388.400
54675,-391.150
54676,-392.700
54677,-395.625
54678,-397.225
54679,-399.925
54680,-392.250
54681,-393.975
54682,-396.625
54683,-399.125
54684,-401.050
54685,-403.375
54686,-395.525
54687,-397.775
54688,-400.150
54689,-402.150
54690,-404.475
54691,-396.600
54692,-398.775
54693,-401.000
54694,-403.300
54695,-405.550
54696,-382.225
54697,-399.575
54698,-401.950
54699,-404.775
54700,-381.050
54701,-383.075
54702,-385.925
54703,-403.175
54704,-405.275
54705,-382.325
54706,-384.600
54707,-386.975
54708,-389.350
54709,-381.500
54710,-383.200
54711,-386.000
54712,-387.975
54713,-390.600
54714,-382.600
54715,-384.800
54716,-386.700
54717,-388.925
54718,-391.500
54719,-393.650
54720,-385.700
54721,-388.075
54722,-390.525
54723,-392.625
54724,-395.050
54725,-396.975
54726,-389.425
54727,-391.500
54728,-393.500
54729,-395.725
54730,-398.325
54731,-400.325
54732,-392.700
54733,-395.000
54734,-397.425
54735,-399.825
54736,-401.700
54737,-394.075
54738,-396.225
54739,-397.950
54740,-400.325
54741,-403.050
54742,-405.400
54743,-397.175
54744,-399.650
54745,-401.700
54746,-403.900
54747,-406.225
54748,-383.150
54749,-400.950
54750,-402.950
54751,-405.075
54752,-381.725
54753,-384.050
54754,-386.350
54755,-403.700
54756,-406.500
54757,-383.175
54758,-385.325
54759,-387.300
54760,-389.525
54761,-381.775
54762,-384.100
54763,-386.275
54764,-389.100
54765,-391.250
54766,-383.200
54767,-385.475
54768,-387.175
54769,-389.675
54770,-392.425
54771,-394.400
54772,-386.700
54773,-388.625
54774,-390.875
54775,-393.300
54776,-395.775
54777,-398.025
54778,-389.950
54779,-392.100
54780,-394.750
54781,-396.550
54782,-398.975
54783,-401.400
54784,-393.575
54785,-395.825
54786,-398.175
54787,-400.550
54788,-402.550
54789,-394.725
54790,-396.350
54791,-399.025
54792,-401.550
54793,-403.750
54794,-405.900
54795,-397.875
54796,-400.075
54797,-402.675
54798,-404.500
54799,-381.850
54800,-383.550
54801,-401.350
54802,-403.650
54803,-405.600
54804,-382.600
54805,-384.700
54806,-386.975
54807,-404.750
54808,-381.250
54809,-384.050
54810,-386.250
54811,-388.275
54812,-405.700
54813,-382.550
54814,-384.875
54815,-387.200
54816,-389.725
54817,-391.825
54818,-383.900
54819,-385.825
54820,-388.500
54821,-390.875
54822,-392.600
54823,-395.125
54824,-386.975
54825,-389.675
54826,-391.950
54827,-394.450
54828,-396.225
54829,-398.375
54830,-390.725
54831,-392.725
54832,-394.925
54833,-397.675
54834,-399.775
54835,-402.275
54836,-394.450
54837,-396.325
54838,-398.675
54839,-400.900
54840,-402.775
54841,-395.525
54842,-397.850
54843,-399.675
54844,-402.250
54845,-404.600
54846,-381.225
54847,-398.775
54848,-400.825
54849,-403.325
54850,-405.325
54851,-382.125
54852,-384.475
54853,-401.950
54854,-404.250
54855,-380.775
54856,-383.125
54857,-385.125
54858,-387.950
54859,-405.925
54860,-382.400
54861,-384.000
54862,-386.775
54863,-389.150
54864,-380.975
54865,-383.300
54866,-385.925
54867,-388.100
54868,-389.825
54869,-392.000
54870,-384.475
54871,-386.675
54872,-388.775
54873,-391.250
54874,-393.550
54875,-395.675
54876,-388.275
54877,-390.450
54878,-392.700
54879,-395.225
54880,-397.225
54881,-399.475
54882,-391.700
54883,-393.875
54884,-395.975
54885,-398.075
54886,-400.450
54887,-392.425
54888,-395.000
54889,-397.275
54890,-398.950
54891,-401.525
54892,-403.650
54893,-395.775
54894,-397.825
54895,-400.600
54896,-402.850
54897,-404.850
54898,-381.500
54899,-399.725
54900,-402.050
54901,-404.150
54902,-406.000
54903,-382.825
54904,-385.125
54905,-402.775
54906,-404.875
54907,-381.975
54908,-383.850
54909,-386.300
54910,-388.325
54911,-406.075
54912,-383.250
54913,-385.375
54914,-387.200
54915,-389.525
54916,-382.050
54917,-383.875
54918,-386.475
54919,-388.900
54920,-391.250
54921,-393.475
54922,-385.300
54923,-386.900
54924,-390.075
54925,-392.225
54926,-394.250
54927,-396.375
54928,-388.375
54929,-391.325
54930,-393.575
54931,-395.650
54932,-397.725
54933,-399.875
54934,-391.800
54935,-394.375
54936,-396.925
54937,-398.875
54938,-401.100
54939,-393.050
54940,-395.125
54941,-397.825
54942,-400.225
54943,-402.275
54944,-404.300
54945,-396.675
54946,-398.525
54947,-401.150
54948,-403.775
54949,-406.025
54950,-382.825
54951,-399.950
54952,-402.525
54953,-404.250
54954,-381.650
54955,-383.800
54956,-385.800
54957,-403.425
54958,-406.200
54959,-382.450
54960,-384.300
54961,-387.200
54962,-378.600
54963,-381.625
54964,-383.400
54965,-386.225
54966,-387.875
54967,-390.725
54968,-382.825
54969,-384.800
54970,-386.925
54971,-389.325
54972,-391.700
54973,-394.025
54974,-386.250
54975,-388.000
54976,-390.525
54977,-393.025
54978,-394.700
54979,-397.375
54980,-389.300
54981,-391.925
54982,-393.950
54983,-396.375
54984,-398.075
54985,-401.050
54986,-392.800
54987,-395.250
54988,-397.075
54989,-399.825
54990,-402.225
54991,-394.200
54992,-396.450
54993,-398.125
54994,-400.950
54995,-402.950
54996,-405.025
54997,-397.100
54998,-400.025
54999,-402.050
55000,-404.375
55001,-406.650
55002,-383.475
55003,-401.150
55004,-403.225
55005,-405.425
55006,-382.025
55007,-384.275
55008,-386.350
55009,-403.950
55010,-406.850
55011,-383.250
55012,-385.750
55013,-387.575
55014,-405.075
55015,-382.175
55016,-384.100
55017,-386.400
55018,-388.625
55019,-391.025
55020,-383.025
55021,-385.650
55022,-387.500
55023,-389.975
55024,-392.225
55025,-394.700
55026,-386.625
55027,-388.750
55028,-390.900
55029,-393.725
55030,-396.075
55031,-397.775
55032,-389.775
55033,-392.675
55034,-394.925
55035,-396.875
55036,-399.025
55037,-391.500
55038,-393.850
55039,-395.850
55040,-398.125
55041,-400.600
55042,-402.850
55043,-394.550
55044,-397.225
55045,-399.425
55046,-401.450
55047,-403.550
55048,-405.875
55049,-398.325
55050,-400.250
55051,-402.725
55052,-405.275
55053,-381.600
55054,-383.950
55055,-401.750
55056,-404.000
55057,-406.425
55058,-382.400
55059,-385.275
55060,-387.600
55061,-405.225
55062,-381.100
55063,-383.775
55064,-385.700
55065,-388.225
55066,-406.275
55067,-382.725
55068,-384.950
55069,-387.200
55070,-389.850
55071,-392.000
55072,-384.200
55073,-386.475
55074,-388.700
55075,-390.325
55076,-392.925
55077,-395.250
55078,-387.500
55079,-389.600
55080,-392.200
55081,-394.025
55082,-396.175
55083,-398.875
55084,-390.775
55085,-393.075
55086,-395.650
55087,-397.575
55088,-399.425
55089,-391.800
55090,-394.550
55091,-396.825
55092,-399.125
55093,-400.575
55094,-403.450
55095,-395.250
55096,-397.775
55097,-400.225
55098,-402.325
55099,-404.775
55100,-381.225
55101,-398.675
55102,-401.100
55103,-403.325
55104,-406.025
55105,-382.175
55106,-384.675
55107,-401.750
55108,-404.300
55109,-381.450
55110,-383.675
55111,-385.600
55112,-388.050
55113,-405.750
55114,-382.200
55115,-384.450
55116,-386.400
55117,-389.500
55118,-381.450
55119,-383.200
55120,-385.500
55121,-387.850
55122,-390.450
55123,-392.325
55124,-384.250
55125,-386.475
55126,-389.500
55127,-391.150
55128,-393.925
55129,-396.275
55130,-388.175
55131,-390.500
55132,-392.275
55133,-394.700
55134,-397.025
55135,-399.275
55136,-391.175
55137,-393.575
55138,-395.925
55139,-398.325
55140,-400.850
55141,-392.650
55142,-395.025
55143,-397.450
55144,-399.200
55145,-401.750
55146,-403.900
55147,-396.175
55148,-398.675
55149,-400.150
55150,-402.500
55151,-405.175
55152,-381.850
55153,-399.750
55154,-401.700
55155,-403.875
55156,-406.325
55157,-382.825
55158,-385.300
55159,-402.375
55160,-405.550
55161,-381.725
55162,-383.950
55163,-386.150
55164,-404.500
55165,-406.650
55166,-382.800
55167,-385.600
55168,-387.650
55169,-389.675
55170,-382.250
55171,-384.075
55172,-386.475
55173,-388.700
55174,-390.900
55175,-392.875
55176,-385.300
55177,-387.625
55178,-390.125
55179,-391.975
55180,-394.075
55181,-396.350
55182,-389.025
55183,-391.325
55184,-392.875
55185,-395.625
55186,-398.125
55187,-400.450
55188,-392.650
55189,-394.650
55190,-397.350
55191,-399.025
55192,-400.850
55193,-393.250
55194,-395.525
55195,-397.925
55196,-400.500
55197,-402.325
55198,-404.775
55199,-396.725
55200,-399.375
55201,-401.450
55202,-403.650
55203,-405.800
55204,-382.825
55205,-400.275
55206,-402.650
55207,-404.400
55208,-381.750
55209,-383.625
55210,-386.150
55211,-403.650
55212,-405.700
55213,-382.200
55214,-384.800
55215,-387.500
55216,-404.575
55217,-381.825
55218,-383.650
55219,-385.975
55220,-387.775
55221,-390.700
55222,-382.600
55223,-385.125
55224,-387.525
55225,-389.625
55226,-391.700
55227,-394.350
55228,-386.125
55229,-388.350
55230,-390.550
55231,-392.875
55232,-395.250
55233,-397.675
55234,-389.725
55235,-391.675
55236,-394.250
55237,-396.375
55238,-398.775
55239,-390.525
55240,-392.600
55241,-395.075
55242,-397.425
55243,-399.650
55244,-402.025
55245,-394.300
55246,-396.525
55247,-398.575
55248,-400.800
55249,-403.450
55250,-405.850
55251,-397.850
55252,-400.025
55253,-402.150
55254,-404.375
55255,-381.075
55256,-383.250
55257,-401.250
55258,-402.900
55259,-405.125
55260,-382.400
55261,-384.625
55262,-386.275
55263,-404.575
55264,-406.975
55265,-382.925
55266,-385.800
55267,-387.775
55268,-405.800
55269,-382.175
55270,-384.200
55271,-386.700
55272,-389.150
55273,-391.600
55274,-383.525
55275,-385.725
55276,-388.225
55277,-390.275
55278,-392.325
55279,-394.475
55280,-387.100
55281,-388.700
55282,-391.550
55283,-393.950
55284,-395.375
55285,-397.975
55286,-390.275
55287,-392.100
55288,-394.400
55289,-397.125
55290,-399.275
55291,-391.325
55292,-393.850
55293,-396.275
55294,-398.125
55295,-400.700
55296,-402.575
55297,-394.500
55298,-396.625
55299,-399.575
55300,-401.700
55301,-403.775
55302,-405.925
55303,-398.075
55304,-400.375
55305,-402.850
55306,-405.400
55307,-381.550
55308,-383.800
55309,-401.500
55310,-404.150
55311,-405.925
55312,-383.175
55313,-385.200
55314,-402.775
55315,-405.075
55316,-382.125
55317,-383.875
55318,-386.125
55319,-388.400
55320,-406.500
55321,-383.300
55322,-385.000
55323,-387.450
55324,-389.850
55325,-392.100
55326,-384.175
55327,-386.375
55328,-388.475
55329,-390.550
55330,-393.275
55331,-395.775
55332,-387.525
55333,-389.675
55334,-392.275
55335,-394.575
55336,-396.450
55337,-398.675
55338,-391.200
55339,-393.625
55340,-395.425
55341,-397.950
55342,-400.325
55343,-392.150
55344,-394.400
55345,-396.975
55346,-398.825
55347,-401.000
55348,-403.475
55349,-395.825
55350,-397.775
55351,-399.950
55352,-402.275
55353,-404.725
55354,-381.075
55355,-398.575
55356,-401.200
55357,-403.375
55358,-405.900
55359,-382.650
55360,-384.800
55361,-402.575
55362,-404.650
55363,-381.450
55364,-383.200
55365,-385.425
55366,-403.675
55367,-405.700
55368,-382.700
55369,-384.950
55370,-386.825
55371,-389.350
55372,-381.100
55373,-383.300
55374,-386.125
55375,-388.000
55376,-390.825
55377,-392.400
55378,-384.950
55379,-387.050
55380,-389.350
55381,-391.425
55382,-393.625
55383,-396.075
55384,-388.525
55385,-390.825
55386,-392.425
55387,-394.925
55388,-397.175
55389,-389.675
55390,-391.550
55391,-394.250
55392,-396.225
55393,-398.075
55394,-401.000
55395,-393.075
55396,-395.075
55397,-397.175
55398,-399.175
55399,-401.750
55400,-404.500
55401,-396.125
55402,-398.725
55403,-401.100
55404,-403.150
55405,-405.550
55406,-382.250
55407,-399.650
55408,-401.850
55409,-404.500
55410,-406.700
55411,-383.075
55412,-385.275
55413,-403.050
55414,-405.225
55415,-381.775
55416,-384.550
55417,-386.475
55418,-404.475
55419,-406.425
55420,-383.400
55421,-385.475
55422,-387.925
55423,-390.275
55424,-382.425
55425,-384.400
55426,-386.175
55427,-388.825
55428,-391.450
55429,-393.675
55430,-385.450
55431,-388.050
55432,-390.425
55433,-392.150
55434,-394.600
55435,-397.150
55436,-388.825
55437,-391.350
55438,-393.300
55439,-395.750
55440,-398.025
55441,-390.400
55442,-392.050
55443,-394.750
55444,-397.250
55445,-399.375
55446,-401.350
55447,-393.825
55448,-396.075
55449,-398.450
55450,-400.250
55451,-402.425
55452,-404.750
55453,-397.325
55454,-399.325
55455,-401.200
55456,-403.550
55457,-405.925
55458,-382.450
55459,-400.250
55460,-402.725
55461,-404.875
55462,-381.750
55463,-383.675
55464,-401.450
55465,-403.875
55466,-406.275
55467,-382.975
55468,-385.000
55469,-386.975
55470,-404.850
55471,-381.650
55472,-384.200
55473,-386.450
55474,-388.750
55475,-390.325
55476,-382.975
55477,-384.950
55478,-386.900
55479,-389.625
55480,-391.575
55481,-394.075
55482,-386.350
55483,-388.250
55484,-390.600
55485,-393.275
55486,-395.275
55487,-397.325
55488,-389.825
55489,-392.225
55490,-393.875
55491,-396.325
55492,-398.675
55493,-390.500
55494,-393.300
55495,-395.525
55496,-397.675
55497,-399.925
55498,-402.050
55499,-394.375
55500,-396.375
55501,-399.025
55502,-400.850
55503,-403.350
55504,-405.550
55505,-397.625
55506,-399.950
55507,-401.850
55508,-404.350
55509,-380.850
55510,-383.675
55511,-401.050
55512,-403.450
55513,-405.800
55514,-382.250
55515,-384.950
55516,-402.150
55517,-404.725
55518,-381.050
55519,-383.675
55520,-385.575
55521,-388.000
55522,-405.800
55523,-382.025
55524,-384.450
55525,-386.525
55526,-388.850
55527,-391.350
55528,-383.400
55529,-385.500
55530,-388.050
55531,-389.950
55532,-392.825
55533,-394.800
55534,-387.050
55535,-388.850
55536,-391.500
55537,-393.650
55538,-396.200
55539,-388.025
55540,-390.725
55541,-392.450
55542,-395.075
55543,-397.450
55544,-399.425
55545,-390.975
55546,-393.625
55547,-396.225
55548,-398.750
55549,-400.275
55550,-403.050
55551,-395.225
55552,-397.250
55553,-399.425
55554,-402.050
55555,-403.600
55556,-405.850
55557,-397.950
55558,-400.550
55559,-403.300
55560,-404.975
55561,-381.750
55562,-384.050
55563,-402.175
55564,-403.875
55565,-406.575
55566,-382.975
55567,-385.450
55568,-403.300
55569,-405.550
55570,-382.250
55571,-384.400
55572,-386.225
55573,-388.575
55574,-406.775
55575,-383.300
55576,-385.575
55577,-387.300
55578,-390.325
55579,-392.600
55580,-384.400
55581,-386.300
55582,-388.975
55583,-390.925
55584,-393.675
55585,-395.850
55586,-387.925
55587,-390.275
55588,-392.100
55589,-394.600
55590,-396.725
55591,-389.100
55592,-391.425
55593,-393.525
55594,-395.525
55595,-398.125
55596,-400.350
55597,-392.100
55598,-394.850
55599,-396.650
55600,-398.525
55601,-401.050
55602,-403.300
55603,-395.475
55604,-398.050
55605,-400.125
55606,-402.550
55607,-404.775
55608,-381.375
55609,-398.850
55610,-401.400
55611,-403.900
55612,-405.700
55613,-382.325
55614,-374.850
55615,-402.100
55616,-404.925
55617,-381.525
55618,-383.850
55619,-386.225
55620,-404.000
55621,-406.225
55622,-382.975
55623,-384.850
55624,-387.450
55625,-389.150
55626,-381.450
55627,-383.875
55628,-386.000
55629,-387.800
55630,-390.425
55631,-392.900
55632,-384.700
55633,-386.975
55634,-389.625
55635,-391.450
55636,-394.025
55637,-395.925
55638,-388.325
55639,-390.175
55640,-392.975
55641,-395.325
55642,-397.675
55643,-389.775
55644,-391.500
55645,-394.025
55646,-396.650
55647,-398.850
55648,-401.250
55649,-392.825
55650,-395.125
55651,-397.150
55652,-400.050
55653,-402.175
55654,-404.350
55655,-396.725
55656,-398.850
55657,-401.225
55658,-403.375
55659,-405.800
55660,-382.525
55661,-400.075
55662,-401.750
55663,-404.400
55664,-406.475
55665,-382.975
55666,-401.050
55667,-403.450
55668,-405.800
55669,-382.300
55670,-384.275
55671,-386.475
55672,-404.500
55673,-381.050
55674,-383.350
55675,-385.750
55676,-387.825
55677,-390.250
55678,-381.875
55679,-384.000
55680,-386.300
55681,-389.100
55682,-391.225
55683,-393.575
55684,-385.500
55685,-388.000
55686,-390.400
55687,-392.325
55688,-394.925
55689,-386.350
55690,-388.900
55691,-391.550
55692,-393.375
55693,-395.875
55694,-398.125
55695,-389.800
55696,-392.325
55697,-394.475
55698,-396.725
55699,-399.625
55700,-401.700
55701,-394.025
55702,-395.825
55703,-398.475
55704,-400.075
55705,-403.000
55706,-405.050
55707,-397.375
55708,-399.275
55709,-401.900
55710,-404.150
55711,-406.575
55712,-382.525
55713,-400.500
55714,-402.775
55715,-405.425
55716,-381.850
55717,-384.000
55718,-401.800
55719,-403.550
55720,-406.450
55721,-382.725
55722,-385.425
55723,-387.150
55724,-404.700
55725,-381.550
55726,-384.150
55727,-386.525
55728,-388.850
55729,-390.900
55730,-382.900
55731,-385.075
55732,-387.150
55733,-389.675
55734,-391.875
55735,-394.400
55736,-386.600
55737,-389.000
55738,-390.825
55739,-392.725
55740,-395.350
55741,-387.500
55742,-390.050
55743,-391.925
55744,-394.700
55745,-396.800
55746,-398.625
55747,-390.825
55748,-392.875
55749,-395.625
55750,-398.075
55751,-399.975
55752,-402.175
55753,-393.975
55754,-396.500
55755,-399.275
55756,-401.350
55757,-403.250
55758,-406.075
55759,-397.775
55760,-399.950
55761,-402.575
55762,-404.700
55763,-381.600
55764,-383.775
55765,-400.925
55766,-403.550
55767,-405.850
55768,-382.725
55769,-384.850
55770,-402.550
55771,-404.825
55772,-381.100
55773,-383.550
55774,-386.075
55775,-388.000
55776,-405.700
55777,-382.800
55778,-384.800
55779,-387.150
55780,-389.050
55781,-391.700
55782,-383.550
55783,-385.725
55784,-387.925
55785,-390.225
55786,-392.650
55787,-394.950
55788,-387.275
55789,-389.400
55790,-391.350
55791,-393.925
55792,-396.075
55793,-388.325
55794,-390.150
55795,-392.775
55796,-394.750
55797,-397.625
55798,-399.975
55799,-391.775
55800,-394.275
55801,-395.975
55802,-398.425
55803,-400.325
55804,-402.850
55805,-394.750
55806,-396.925
55807,-399.875
55808,-402.150
55809,-404.000
55810,-406.775
55811,-398.125
55812,-400.525
55813,-403.225
55814,-405.650
55815,-382.050
55816,-399.425
55817,-402.225
55818,-403.875
55819,-406.900
55820,-383.550
55821,-385.225
55822,-403.050
55823,-405.550
55824,-381.675
55825,-384.200
55826,-386.700
55827,-389.150
55828,-406.475
55829,-383.300
55830,-385.375
55831,-387.625
55832,-389.950
55833,-392.450
55834,-384.600
55835,-386.925
55836,-388.475
55837,-391.150
55838,-393.500
55839,-395.575
55840,-387.650
55841,-390.425
55842,-391.925
55843,-394.575
55844,-396.725
55845,-389.025
55846,-391.575
55847,-393.625
55848,-395.475
55849,-398.350
55850,-399.975
55851,-392.650
55852,-394.300
55853,-396.925
55854,-399.550
55855,-401.800
55856,-403.800
55857,-396.025
55858,-398.375
55859,-400.175
55860,-402.450
55861,-404.700
55862,-381.975
55863,-399.200
55864,-401.300
55865,-403.650
55866,-406.450
55867,-382.950
55868,-400.450
55869,-402.650
55870,-404.925
55871,-381.975
55872,-383.550
55873,-386.050
55874,-404.000
55875,-406.425
55876,-382.875
55877,-385.225
55878,-387.400
55879,-389.850
55880,-381.600
55881,-383.875
55882,-386.150
55883,-388.575
55884,-390.725
55885,-393.350
55886,-385.075
55887,-387.200
55888,-389.800
55889,-391.825
55890,-394.075
55891,-386.025
55892,-388.700
55893,-390.400
55894,-393.100
55895,-395.000
55896,-397.475
55897,-389.250
55898,-392.150
55899,-393.825
55900,-396.675
55901,-399.050
55902,-401.350
55903,-392.975
55904,-395.250
55905,-397.475
55906,-399.750
55907,-401.850
55908,-404.400
55909,-396.575
55910,-398.925
55911,-400.925
55912,-403.675
55913,-405.650
55914,-382.650
55915,-399.850
55916,-401.850
55917,-404.400
55918,-381.400
55919,-383.300
55920,-401.100
55921,-403.375
55922,-405.900
55923,-382.025
55924,-384.625
55925,-387.150
55926,-404.550
55927,-381.175
55928,-383.400
55929,-385.975
55930,-387.875
55931,-390.250
55932,-382.525
55933,-384.625
55934,-386.375
55935,-389.475
55936,-391.500
55937,-393.875
55938,-386.150
55939,-388.375
55940,-390.375
55941,-392.925
55942,-395.150
55943,-386.725
55944,-389.350
55945,-391.400
55946,-394.075
55947,-396.125
55948,-398.150
55949,-390.775
55950,-392.400
55951,-395.225
55952,-397.525
55953,-399.425
55954,-401.525
55955,-393.875
55956,-396.325
55957,-398.625
55958,-400.350
55959,-402.750
55960,-405.425
55961,-397.575
55962,-399.575
55963,-401.750
55964,-404.075
55965,-406.600
55966,-398.675
55967,-400.525
55968,-403.150
55969,-405.050
55970,-381.875
55971,-384.075
55972,-401.450
55973,-404.475
55974,-406.850
55975,-383.375
55976,-385.225
55977,-387.825
55978,-405.450
55979,-381.600
55980,-384.250
55981,-386.400
55982,-388.700
55983,-391.200
55984,-382.800
55985,-385.075
55986,-387.850
55987,-390.050
55988,-392.250
55989,-394.150
55990,-386.300
55991,-388.575
55992,-391.325
55993,-392.900
55994,-395.725
55995,-387.800
55996,-389.350
55997,-392.500
55998,-394.500
55999,-396.400
56000,-399.225
56001,-391.050
56002,-393.775
56003,-395.525
56004,-397.650
56005,-399.950
56006,-402.750
56007,-394.825
56008,-397.175
56009,-398.975
56010,-401.750
56011,-403.975
56012,-406.125
56013,-397.575
56014,-400.125
56015,-402.650
56016,-404.725
56017,-381.775
56018,-399.350
56019,-401.500
56020,-403.675
56021,-406.075
56022,-382.225
56023,-385.125
56024,-402.950
56025,-405.275
56026,-381.525
56027,-383.650
56028,-386.300
56029,-388.575
56030,-406.175
56031,-382.600
56032,-385.000
56033,-387.050
56034,-389.575
56035,-391.575
56036,-383.550
56037,-385.650
56038,-388.175
56039,-390.725
56040,-393.250
56041,-384.775
56042,-386.975
56043,-389.825
56044,-391.875
56045,-394.350
56046,-396.225
56047,-388.275
56048,-390.625
56049,-392.875
56050,-395.225
56051,-397.525
56052,-399.925
56053,-391.725
56054,-393.875
56055,-396.450
56056,-398.775
56057,-400.850
56058,-403.425
56059,-395.350
56060,-397.350
56061,-399.575
56062,-402.025
56063,-404.100
56064,-381.300
56065,-398.650
56066,-400.850
56067,-403.425
56068,-405.700
56069,-382.200
56070,-400.150
56071,-402.050
56072,-404.450
56073,-380.725
56074,-383.250
56075,-385.750
56076,-403.125
56077,-405.175
56078,-382.450
56079,-384.475
56080,-386.700
56081,-388.975
56082,-381.275
56083,-383.200
56084,-385.475
56085,-388.175
56086,-390.275
56087,-392.375
56088,-384.400
56089,-386.700
56090,-388.850
56091,-391.425
56092,-393.525
56093,-385.525
56094,-387.850
56095,-390.325
56096,-392.325
56097,-394.875
56098,-397.100
56099,-388.700
56100,-391.250
56101,-393.850
56102,-395.625
56103,-398.250
56104,-400.275
56105,-392.775
56106,-394.800
56107,-397.225
56108,-399.625
56109,-401.550
56110,-403.550
56111,-396.275
56112,-398.175
56113,-400.575
56114,-402.375
56115,-405.275
56116,-397.375
56117,-399.650
56118,-401.450
56119,-403.850
56120,-405.925
56121,-383.025
56122,-400.450
56123,-403.100
56124,-405.050
56125,-381.525
56126,-383.975
56127,-386.300
56128,-403.800
56129,-406.175
56130,-383.250
56131,-385.075
56132,-387.300
56133,-389.775
56134,-381.825
56135,-384.250
56136,-386.625
56137,-388.225
56138,-391.300
56139,-392.900
56140,-385.375
56141,-386.975
56142,-389.600
56143,-392.325
56144,-394.025
56145,-386.025
56146,-388.925
56147,-391.200
56148,-392.875
56149,-395.475
56150,-398.125
56151,-390.125
56152,-392.450
56153,-394.450
56154,-396.975
56155,-399.250
56156,-401.450
56157,-393.075
56158,-395.550
56159,-397.975
56160,-399.650
56161,-402.725
56162,-404.975
56163,-396.625
56164,-399.050
56165,-401.350
56166,-403.875
56167,-405.775
56168,-398.125
56169,-399.825
56170,-402.675
56171,-405.050
56172,-381.075
56173,-383.275
56174,-401.150
56175,-403.650
56176,-405.700
56177,-382.700
56178,-384.700
56179,-387.175
56180,-404.775
56181,-381.300
56182,-383.575
56183,-385.975
56184,-388.100
56185,-390.800
56186,-382.725
56187,-384.700
56188,-387.100
56189,-389.675
56190,-391.700
56191,-383.650
56192,-386.050
56193,-388.625
56194,-390.925
56195,-392.550
56196,-395.350
56197,-387.375
56198,-389.050
56199,-391.875
56200,-393.725
56201,-396.125
56202,-398.125
56203,-390.900
56204,-393.025
56205,-395.125
56206,-397.350
56207,-399.275
56208,-402.175
56209,-393.875
56210,-395.825
56211,-398.175
56212,-400.750
56213,-402.625
56214,-405.400
56215,-397.225
56216,-399.575
56217,-402.100
56218,-403.750
56219,-406.500
56220,-398.775
56221,-400.650
56222,-402.625
56223,-405.050
56224,-381.675
56225,-384.475
56226,-401.900
56227,-404.200
56228,-406.850
56229,-383.375
56230,-385.600
56231,-387.625
56232,-405.500
56233,-381.875
56234,-384.625
56235,-386.825
56236,-388.950
56237,-391.225
56238,-383.050
56239,-385.650
56240,-387.400
56241,-389.975
56242,-392.650
56243,-384.775
56244,-386.825
56245,-388.850
56246,-391.550
56247,-393.850
56248,-395.775
56249,-387.950
56250,-389.975
56251,-392.725
56252,-394.650
56253,-397.250
56254,-399.350
56255,-391.575
56256,-393.175
56257,-395.900
56258,-398.150
56259,-400.750
56260,-402.625
56261,-394.300
56262,-397.150
56263,-398.775
56264,-401.850
56265,-403.875
56266,-395.725
56267,-397.950
56268,-400.350
56269,-402.375
56270,-404.475
56271,-381.675
56272,-398.850
56273,-401.250
56274,-403.975
56275,-406.225
56276,-382.975
56277,-384.975
56278,-402.750
56279,-405.125
56280,-381.750
56281,-383.675
56282,-386.400
56283,-387.975
56284,-406.375
56285,-382.550
56286,-385.075
56287,-387.400
56288,-389.850
56289,-391.925
56290,-383.950
56291,-386.475
56292,-388.700
56293,-390.875
56294,-393.100
56295,-385.075
56296,-387.250
56297,-389.975
56298,-392.325
56299,-394.500
56300,-395.975
56301,-388.425
56302,-390.875
56303,-392.825
56304,-395.775
56305,-397.875
56306,-400.150
56307,-392.150
56308,-394.575
56309,-396.375
56310,-398.775
56311,-401.450
56312,-403.675
56313,-395.675
56314,-397.525
56315,-400.175
56316,-402.500
56317,-404.650
56318,-396.925
56319,-399.025
56320,-401.050
56321,-403.600
56322,-406.000
56323,-382.400
56324,-399.975
56325,-402.050
56326,-404.275
56327,-381.225
56328,-383.625
56329,-386.075
56330,-403.525
56331,-405.925
56332,-382.350
56333,-385.075
56334,-386.925
56335,-388.925
56336,-381.550
56337,-383.475
56338,-385.650
56339,-388.175
56340,-390.450
56341,-392.975
56342,-384.975
56343,-386.675
56344,-389.100
56345,-391.200
56346,-393.925
56347,-385.575
56348,-387.875
56349,-390.725
56350,-392.525
56351,-395.000
56352,-397.550
56353,-389.350
56354,-391.725
56355,-393.775
56356,-396.425
56357,-398.225
56358,-400.850
56359,-393.050
56360,-394.600
56361,-396.875
56362,-399.725
56363,-401.950
56364,-403.650
56365,-396.225
56366,-398.375
56367,-400.275
56368,-403.250
56369,-405.550
56370,-397.025
56371,-399.350
56372,-401.650
56373,-404.150
56374,-406.650
56375,-383.250
56376,-400.275
56377,-402.950
56378,-405.275
56379,-381.550
56380,-383.950
56381,-386.575
56382,-403.875
56383,-406.100
56384,-383.300
56385,-385.275
56386,-387.625
56387,-390.075
56388,-381.950
56389,-384.050
56390,-386.400
56391,-389.000
56392,-390.800
56393,-383.175
56394,-385.000
56395,-387.825
56396,-390.175
56397,-391.925
56398,-394.800
56399,-386.675
56400,-389.100
56401,-390.725
56402,-393.625
56403,-395.475
56404,-397.925
56405,-389.575
56406,-392.225
56407,-394.850
56408,-396.875
56409,-399.375
56410,-401.450
56411,-393.750
56412,-395.725
56413,-397.775
56414,-400.050
56415,-402.100
56416,-404.975
56417,-396.775
56418,-399.075
56419,-401.250
56420,-403.875
56421,-405.975
56422,-398.075
56423,-400.450
56424,-402.500
56425,-405.225
56426,-381.300
56427,-383.525
56428,-401.100
56429,-404.000
56430,-406.075
56431,-382.975
56432,-384.900
56433,-386.975
56434,-405.300
56435,-381.875
56436,-383.875
56437,-386.275
56438,-388.625
56439,-390.700
56440,-382.500
56441,-385.050
56442,-387.525
56443,-389.875
56444,-392.150
56445,-384.100
56446,-386.250
56447,-388.325
56448,-390.775
56449,-392.800
56450,-395.075
56451,-386.850
56452,-389.425
56453,-392.150
56454,-394.075
56455,-396.675
56456,-398.275
56457,-390.275
56458,-393.175
56459,-395.325
56460,-397.750
56461,-399.650
56462,-402.375
56463,-393.950
56464,-396.725
56465,-398.950
56466,-400.850
56467,-403.525
56468,-395.125
56469,-397.750
56470,-399.675
56471,-402.050
56472,-404.725
56473,-381.075
56474,-399.025
56475,-401.150
56476,-403.225
56477,-405.125
56478,-382.500
56479,-384.450
56480,-402.050
56481,-404.300
56482,-381.050
56483,-383.175
56484,-385.475
56485,-387.450
56486,-405.875
56487,-382.350
56488,-384.650
56489,-386.300
56490,-389.050
56491,-391.550
56492,-383.075
56493,-385.575
56494,-388.150
56495,-390.325
56496,-392.450
56497,-384.300
56498,-387.025
56499,-388.825
56500,-391.225
56501,-393.650
56502,-396.050
56503,-388.225
56504,-390.550
56505,-392.150
56506,-394.700
56507,-397.225
56508,-398.925
56509,-391.500
56510,-393.350
56511,-396.075
56512,-398.625
56513,-400.500
56514,-403.050
56515,-394.850
56516,-396.875
56517,-399.525
56518,-401.850
56519,-403.875
56520,-396.125
56521,-398.575
56522,-400.900
56523,-402.750
56524,-404.700
56525,-381.775
56526,-399.425
56527,-401.700
56528,-403.700
56529,-406.475
56530,-382.675
56531,-385.075
56532,-403.150
56533,-405.175
56534,-381.725
56535,-384.400
56536,-385.925
56537,-388.275
56538,-406.275
56539,-383.200
56540,-385.000
56541,-387.500
56542,-390.150
56543,-382.075
56544,-384.350
56545,-386.075
56546,-388.425
56547,-390.550
56548,-393.525
56549,-385.425
56550,-387.600
56551,-389.725
56552,-392.000
56553,-394.575
56554,-396.575
56555,-388.975
56556,-390.925
56557,-393.025
56558,-395.775
56559,-398.050
56560,-399.675
56561,-392.400
56562,-394.375
56563,-396.275
56564,-398.825
56565,-401.200
56566,-403.250
56567,-395.525
56568,-397.625
56569,-400.125
56570,-402.500
56571,-404.975
56572,-396.775
56573,-398.525
56574,-401.550
56575,-403.950
56576,-406.225
56577,-382.875
56578,-399.575
56579,-402.225
56580,-404.975
56581,-381.550
56582,-383.725
56583,-385.975
56584,-403.475
56585,-406.100
56586,-382.300
56587,-384.750
56588,-386.850
56589,-388.950
56590,-381.450
56591,-383.400
56592,-385.975
56593,-388.175
56594,-390.425
56595,-382.800
56596,-384.425
56597,-387.300
56598,-389.750
56599,-391.300
56600,-393.925
56601,-385.975
56602,-388.475
56603,-390.650
56604,-392.400
56605,-394.800
56606,-396.925
56607,-389.800
56608,-392.100
56609,-394.050
56610,-396.425
56611,-398.650
56612,-400.450
56613,-393.075
56614,-394.800
56615,-397.175
56616,-400.025
56617,-401.575
56618,-394.025
56619,-396.225
56620,-398.250
56621,-401.050
56622,-403.375
56623,-405.525
56624,-397.275
56625,-399.625
56626,-401.925
56627,-404.250
56628,-406.325
56629,-383.525
56630,-401.150
56631,-402.750
56632,-405.425
56633,-381.775
56634,-383.975
56635,-386.250
56636,-404.700
56637,-406.500
56638,-382.825
56639,-385.925
56640,-387.575
56641,-389.950
56642,-382.075
56643,-384.500
56644,-386.250
56645,-388.850
56646,-391.600
56647,-382.900
56648,-385.500
56649,-387.300
56650,-390.025
56651,-392.450
56652,-394.750
56653,-386.925
56654,-389.100
56655,-390.825
56656,-393.850
56657,-395.675
56658,-398.325
56659,-390.500
56660,-392.400
56661,-394.650
56662,-396.925
56663,-398.775
56664,-401.225
56665,-393.850
56666,-395.775
56667,-398.125
56668,-400.450
56669,-402.550
56670,-394.475
56671,-397.175
56672,-399.050
56673,-401.500
56674,-404.250
56675,-406.325
56676,-398.050
56677,-400.450
56678,-402.775
56679,-404.850
56680,-381.950
56681,-383.850
56682,-401.400
56683,-404.200
56684,-405.975
56685,-382.875
56686,-385.325
56687,-387.025
56688,-404.925
56689,-381.600
56690,-384.300
56691,-386.125
56692,-388.850
56693,-406.275
56694,-383.075
56695,-384.900
56696,-387.300
56697,-389.525
56698,-391.550
56699,-383.550
56700,-386.400
56701,-388.775
56702,-390.825
56703,-393.275
56704,-395.650
56705,-387.650
56706,-389.325
56707,-392.100
56708,-394.075
56709,-396.350
56710,-398.825
56711,-391.125
56712,-392.725
56713,-395.275
56714,-397.950
56715,-399.875
56716,-402.325
56717,-394.550
56718,-396.125
56719,-399.025
56720,-401.100
56721,-403.175
56722,-395.425
56723,-398.075
56724,-400.225
56725,-402.325
56726,-404.925
56727,-381.300
56728,-398.725
56729,-401.050
56730,-403.600
56731,-405.800
56732,-382.400
56733,-384.650
56734,-402.250
56735,-404.300
56736,-381.075
56737,-383.800
56738,-385.675
56739,-388.100
56740,-405.575
56741,-382.450
56742,-384.600
56743,-387.150
56744,-389.050
56745,-381.225
56746,-383.650
56747,-386.125
56748,-387.975
56749,-390.725
56750,-392.650
56751,-384.950
56752,-386.625
56753,-389.525
56754,-391.875
56755,-393.875
56756,-396.375
56757,-388.000
56758,-390.275
56759,-392.500
56760,-395.025
56761,-397.725
56762,-399.525
56763,-391.800
56764,-394.175
56765,-396.175
56766,-398.325
56767,-400.425
56768,-393.075
56769,-394.500
56770,-397.525
56771,-399.550
56772,-401.550
56773,-403.975
56774,-396.125
56775,-398.825
56776,-400.325
56777,-403.175
56778,-405.400
56779,-382.200
56780,-399.725
56781,-401.450
56782,-403.975
56783,-406.225
56784,-383.125
56785,-385.400
56786,-403.300
56787,-405.350
56788,-382.350
56789,-383.975
56790,-386.725
56791,-388.600
56792,-406.550
56793,-382.950
56794,-385.075
56795,-387.375
56796,-389.975
56797,-382.075
56798,-384.300
56799,-386.575
56800,-389.025
56801,-390.700
56802,-393.150
56803,-385.500
56804,-387.700
56805,-389.700
56806,-392.250
56807,-394.750
56808,-396.725
56809,-389.100
56810,-391.450
56811,-393.400
56812,-395.550
56813,-397.950
56814,-400.500
56815,-392.550
56816,-394.250
56817,-396.450
56818,-399.425
56819,-401.450
56820,-392.975
56821,-395.975
56822,-398.075
56823,-400.500
56824,-402.175
56825,-404.500
56826,-396.825
56827,-399.425
56828,-401.250
56829,-403.800
56830,-405.800
56831,-382.550
56832,-399.850
56833,-402.625
56834,-404.850
56835,-381.450
56836,-383.875
56837,-385.925
56838,-404.000
56839,-406.275
56840,-382.800
56841,-385.125
56842,-387.450
56843,-379.675
56844,-381.300
56845,-384.100
56846,-386.350
56847,-388.325
56848,-391.075
56849,-382.825
56850,-385.400
56851,-387.600
56852,-389.875
56853,-391.725
56854,-394.075
56855,-386.150
56856,-388.700
56857,-390.975
56858,-392.975
56859,-394.875
56860,-397.950
56861,-389.650
56862,-391.800
56863,-394.050
56864,-396.575
56865,-399.075
56866,-400.950
56867,-392.975
56868,-394.950
56869,-397.650
56870,-400.075
56871,-401.925
56872,-394.300
56873,-396.350
56874,-398.550
56875,-400.650
56876,-403.050
56877,-405.700
56878,-397.100
56879,-399.575
56880,-402.500
56881,-404.450
56882,-381.175
56883,-383.175
56884,-401.200
56885,-403.475
56886,-405.450
56887,-382.425
56888,-384.775
56889,-386.575
56890,-404.725
56891,-381.450
56892,-383.750
56893,-385.575
56894,-388.000
56895,-405.800
56896,-382.350
56897,-384.500
56898,-386.800
56899,-389.250
56900,-391.400
56901,-382.950
56902,-385.750
56903,-388.100
56904,-390.050
56905,-392.400
56906,-395.000
56907,-386.625
56908,-389.300
56909,-391.175
56910,-393.350
56911,-395.575
56912,-398.125
56913,-390.425
56914,-392.450
56915,-394.700
56916,-397.075
56917,-399.350
56918,-391.200
56919,-393.775
56920,-396.125
56921,-398.125
56922,-400.650
56923,-402.675
56924,-395.025
56925,-397.325
56926,-399.725
56927,-401.700
56928,-404.350
56929,-406.100
56930,-398.350
56931,-400.725
56932,-402.450
56933,-405.500
56934,-381.850
56935,-384.175
56936,-401.800
56937,-403.875
56938,-406.775
56939,-383.025
56940,-385.000
56941,-387.300
56942,-405.325
56943,-381.625
56944,-383.850
56945,-386.000
56946,-388.275
56947,-406.200
56948,-382.825
56949,-385.275
56950,-387.500
56951,-389.750
56952,-392.275
56953,-384.350
56954,-386.575
56955,-388.625
56956,-391.075
56957,-393.675
56958,-395.375
56959,-387.725
56960,-389.650
56961,-392.525
56962,-394.750
56963,-397.000
56964,-399.100
56965,-391.200
56966,-393.625
56967,-395.825
56968,-397.850
56969,-400.000
56970,-392.275
56971,-394.400
56972,-396.925
56973,-398.775
56974,-401.400
56975,-403.775
56976,-395.350
56977,-397.350
56978,-399.975
56979,-402.325
56980,-404.775
56981,-381.675
56982,-398.950
56983,-401.250
56984,-403.250
56985,-406.325
56986,-382.325
56987,-384.450
56988,-402.175
56989,-404.925
56990,-381.675
56991,-383.800
56992,-386.225
56993,-388.275
56994,-406.275
56995,-382.550
56996,-385.150
56997,-387.325
56998,-389.525
56999,-381.775
57000,-383.850
57001,-386.075
57002,-388.325
57003,-390.975
57004,-393.075
57005,-384.450
57006,-387.300
57007,-389.675
57008,-391.775
57009,-394.075
57010,-396.325
57011,-388.050
57012,-390.550
57013,-393.200
57014,-395.475
57015,-397.425
57016,-399.950
57017,-391.925
57018,-394.300
57019,-396.175
57020,-398.525
57021,-400.700
57022,-392.975
57023,-395.350
57024,-397.725
57025,-399.975
57026,-401.525
57027,-404.550
57028,-396.650
57029,-398.675
57030,-401.050
57031,-403.050
57032,-405.450
57033,-382.400
57034,-400.175
57035,-401.900
57036,-404.650
57037,-406.375
57038,-383.475
57039,-385.800
57040,-402.900
57041,-405.500
57042,-382.200
57043,-384.275
57044,-386.600
57045,-404.600
57046,-381.375
57047,-383.025
57048,-385.650
57049,-387.725
57050,-389.875
57051,-382.025
57052,-384.550
57053,-386.850
57054,-389.125
57055,-391.400
57056,-393.625
57057,-385.600
57058,-387.500
57059,-390.450
57060,-392.225
57061,-394.750
57062,-397.175
57063,-389.325
57064,-391.500
57065,-393.750
57066,-395.550
57067,-398.050
57068,-400.700
57069,-392.250
57070,-394.750
57071,-397.075
57072,-399.625
57073,-401.575
57074,-393.975
57075,-395.725
57076,-398.075
57077,-400.250
57078,-402.275
57079,-405.400
57080,-396.800
57081,-399.675
57082,-401.800
57083,-403.525
57084,-406.125
57085,-383.125
57086,-400.725
57087,-402.850
57088,-404.975
57089,-382.075
57090,-383.750
57091,-386.150
57092,-403.525
57093,-405.900
57094,-382.500
57095,-385.175
57096,-387.200
57097,-404.700
57098,-382.125
57099,-383.975
57100,-385.900
57101,-387.975
57102,-391.150
57103,-382.525
57104,-385.075
57105,-387.200
57106,-389.775
57107,-391.875
57108,-394.025
57109,-385.925
57110,-388.250
57111,-391.200
57112,-393.150
57113,-395.275
57114,-397.175
57115,-389.950
57116,-392.150
57117,-394.025
57118,-396.175
57119,-399.075
57120,-390.900
57121,-393.175
57122,-395.250
57123,-397.825
57124,-399.975
57125,-402.275
57126,-394.250
57127,-396.875
57128,-398.725
57129,-401.025
57130,-403.475
57131,-405.600
57132,-397.825
57133,-399.950
57134,-402.450
57135,-404.725
57136,-381.175
57137,-383.400
57138,-400.900
57139,-403.600
57140,-405.500
57141,-382.675
57142,-384.750
57143,-386.625
57144,-404.650
57145,-381.275
57146,-383.475
57147,-386.075
57148,-388.150
57149,-406.175
57150,-382.700
57151,-385.000
57152,-386.975
57153,-389.225
57154,-391.675
57155,-383.400
57156,-385.825
57157,-388.400
57158,-390.125
57159,-393.150
57160,-394.750
57161,-386.725
57162,-389.675
57163,-391.350
57164,-393.975
57165,-396.425
57166,-398.450
57167,-390.500
57168,-392.600
57169,-394.925
57170,-397.575
57171,-399.825
57172,-391.950
57173,-394.275
57174,-395.925
57175,-398.625
57176,-400.500
57177,-402.675
57178,-394.750
57179,-397.650
57180,-399.475
57181,-401.500
57182,-404.500
57183,-406.775
57184,-398.050
57185,-400.450
57186,-403.375
57187,-405.600
57188,-382.400
57189,-384.100
57190,-401.750
57191,-404.050
57192,-406.650
57193,-383.175
57194,-385.600
57195,-403.100
57196,-405.550
57197,-382.325
57198,-384.500
57199,-386.475
57200,-388.400
57201,-406.775
57202,-383.475
57203,-385.575
57204,-387.150
57205,-389.725
57206,-392.050
57207,-384.600
57208,-386.175
57209,-388.625
57210,-390.725
57211,-393.275
57212,-395.375
57213,-387.825
57214,-390.175
57215,-392.425
57216,-394.475
57217,-396.775
57218,-399.325
57219,-391.150
57220,-393.550
57221,-395.450
57222,-398.325
57223,-399.875
57224,-392.450
57225,-394.350
57226,-396.800
57227,-399.275
57228,-401.250
57229,-403.675
57230,-395.925
57231,-398.050
57232,-400.175
57233,-402.625
57234,-405.125
57235,-381.400
57236,-399.250
57237,-401.650
57238,-404.000
57239,-406.275
57240,-382.650
57241,-385.125
57242,-402.900
57243,-405.175
57244,-381.875
57245,-384.000
57246,-386.300
57247,-403.525
57248,-405.925
57249,-382.700
57250,-384.675
57251,-387.525
57252,-389.850
57253,-381.550
57254,-383.800
57255,-386.250
57256,-388.375
57257,-390.675
57258,-392.525
57259,-385.325
57260,-386.900
57261,-389.925
57262,-391.625
57263,-394.150
57264,-396.225
57265,-388.175
57266,-391.050
57267,-392.650
57268,-395.325
57269,-397.850
57270,-389.825
57271,-391.675
57272,-394.400
57273,-396.475
57274,-398.675
57275,-400.800
57276,-393.075
57277,-395.125
57278,-397.225
57279,-400.150
57280,-402.175
57281,-404.250
57282,-396.300
57283,-399.250
57284,-401.050
57285,-402.950
57286,-405.625
57287,-382.550
57288,-400.225
57289,-402.050
57290,-404.400
57291,-381.400
57292,-383.175
57293,-385.725
57294,-402.750
57295,-406.025
57296,-382.125
57297,-384.250
57298,-386.850
57299,-404.500
57300,-381.300
57301,-383.200
57302,-385.750
57303,-388.175
57304,-390.325
57305,-382.350
57306,-384.700
57307,-386.800
57308,-389.325
57309,-391.225
57310,-393.625
57311,-385.700
57312,-387.700
57313,-390.650
57314,-392.425
57315,-394.650
57316,-397.450
57317,-388.850
57318,-391.450
57319,-393.750
57320,-396.175
57321,-398.475
57322,-390.375
57323,-392.150
57324,-395.000
57325,-396.725
57326,-399.375
57327,-401.550
57328,-393.775
57329,-395.650
57330,-398.575
57331,-400.275
57332,-402.950
57333,-405.175
57334,-396.875
57335,-399.775
57336,-401.250
57337,-404.000
57338,-406.700
57339,-382.900
57340,-400.500
57341,-402.775
57342,-404.925
57343,-381.950
57344,-384.375
57345,-401.375
57346,-403.750
57347,-406.175
57348,-382.825
57349,-385.300
57350,-387.500
57351,-405.225
57352,-381.750
57353,-384.000
57354,-385.925
57355,-388.450
57356,-391.325
57357,-382.900
57358,-385.000
57359,-387.775
57360,-390.125
57361,-392.000
57362,-394.600
57363,-386.700
57364,-389.000
57365,-391.325
57366,-393.150
57367,-395.250
57368,-397.675
57369,-389.725
57370,-392.000
57371,-394.300
57372,-397.000
57373,-398.750
57374,-391.025
57375,-393.275
57376,-395.550
57377,-398.075
57378,-400.500
57379,-402.750
57380,-394.700
57381,-396.875
57382,-398.950
57383,-401.150
57384,-403.900
57385,-406.100
57386,-397.875
57387,-400.450
57388,-402.650
57389,-404.825
57390,-381.375
57391,-383.725
57392,-401.100
57393,-403.750
57394,-406.075
57395,-382.825
57396,-384.975
57397,-402.000
57398,-404.350
57399,-381.150
57400,-383.650
57401,-386.125
57402,-388.175
57403,-405.625
57404,-382.700
57405,-384.950
57406,-387.300
57407,-389.525
57408,-391.450
57409,-384.050
57410,-386.300
57411,-387.825
57412,-390.500
57413,-392.800
57414,-395.350
57415,-386.975
57416,-389.625
57417,-391.925
57418,-394.025
57419,-396.550
57420,-388.325
57421,-390.325
57422,-392.775
57423,-395.250
57424,-397.675
57425,-399.975
57426,-392.100
57427,-393.975
57428,-396.450
57429,-398.525
57430,-400.950
57431,-403.300
57432,-395.125
57433,-397.375
57434,-399.675
57435,-402.250
57436,-403.850
57437,-406.575
57438,-398.925
57439,-400.950
57440,-403.150
57441,-405.550
57442,-382.300
57443,-384.400
57444,-402.275
57445,-404.575
57446,-406.375
57447,-383.300
57448,-385.650
57449,-403.000
57450,-405.400
57451,-382.200
57452,-384.600
57453,-386.525
57454,-389.225
57455,-406.975
57456,-383.375
57457,-385.375
57458,-387.650
57459,-390.400
57460,-392.700
57461,-384.375
57462,-386.625
57463,-388.900
57464,-391.075
57465,-393.275
57466,-395.775
57467,-387.800
57468,-390.425
57469,-392.050
57470,-394.650
57471,-396.900
57472,-388.850
57473,-391.150
57474,-393.775
57475,-396.175
57476,-398.525
57477,-400.450
57478,-392.725
57479,-394.800
57480,-397.325
57481,-399.150
57482,-401.750
57483,-404.300
57484,-396.125
57485,-398.650
57486,-400.175
57487,-403.000
57488,-405.275
57489,-381.750
57490,-399.425
57491,-401.150
57492,-403.800
57493,-406.600
57494,-383.175
57495,-375.100
57496,-402.625
57497,-404.975
57498,-382.075
57499,-384.175
57500,-385.925
57501,-403.700
57502,-406.375
57503,-383.025
57504,-385.225
57505,-387.400
57506,-389.250
57507,-382.025
57508,-383.775
57509,-386.475
57510,-388.875
57511,-390.600
57512,-393.150
57513,-384.950
57514,-387.275
57515,-389.525
57516,-391.925
57517,-394.500
57518,-396.575
57519,-388.900
57520,-390.800
57521,-393.275
57522,-394.950
57523,-397.975
57524,-389.975
57525,-392.200
57526,-394.175
57527,-396.725
57528,-398.975
57529,-400.950
57530,-393.375
57531,-395.350
57532,-397.675
57533,-400.175
57534,-402.350
57535,-404.850
57536,-396.575
57537,-398.775
57538,-401.100
57539,-403.775
57540,-406.075
57541,-382.725
57542,-400.150
57543,-402.150
57544,-404.450
57545,-381.500
57546,-383.850
57547,-401.050
57548,-403.775
57549,-405.975
57550,-382.400
57551,-384.475
57552,-387.200
57553,-404.550
57554,-381.050
57555,-383.475
57556,-386.150
57557,-388.075
57558,-390.125
57559,-382.600
57560,-385.000
57561,-387.050
57562,-389.650
57563,-391.425
57564,-393.550
57565,-385.700
57566,-387.975
57567,-390.700
57568,-392.900
57569,-394.875
57570,-387.200
57571,-389.250
57572,-391.875
57573,-393.575
57574,-395.850
57575,-398.450
57576,-390.425
57577,-392.725
57578,-395.250
57579,-397.250
57580,-399.825
57581,-401.525
57582,-394.200
57583,-395.875
57584,-398.225
57585,-400.350
57586,-402.725
57587,-405.400
57588,-397.375
57589,-399.875
57590,-401.650
57591,-404.575
57592,-406.875
57593,-383.050
57594,-400.750
57595,-402.900
57596,-405.425
57597,-381.975
57598,-384.375
57599,-401.450
57600,-403.775
57601,-406.500
57602,-383.350
57603,-385.750
57604,-387.875
57605,-405.075
57606,-382.250
57607,-384.375
57608,-386.400
57609,-388.475
57610,-391.300
57611,-383.175
57612,-385.800
57613,-388.050
57614,-389.525
57615,-391.950
57616,-394.500
57617,-386.775
57618,-389.025
57619,-391.300
57620,-393.550
57621,-395.825
57622,-388.050
57623,-390.275
57624,-392.325
57625,-394.375
57626,-397.125
57627,-399.525
57628,-390.925
57629,-392.925
57630,-395.650
57631,-397.925
57632,-400.075
57633,-402.950
57634,-394.375
57635,-397.025
57636,-399.175
57637,-401.650
57638,-403.475
57639,-405.975
57640,-398.350
57641,-400.075
57642,-402.575
57643,-404.600
57644,-381.450
57645,-384.150
57646,-401.800
57647,-403.600
57648,-406.075
57649,-382.600
57650,-385.200
57651,-402.550
57652,-405.225
57653,-381.775
57654,-383.950
57655,-386.300
57656,-388.275
57657,-406.025
57658,-382.650
57659,-384.600
57660,-387.325
57661,-389.700
57662,-392.050
57663,-384.050
57664,-386.000
57665,-388.175
57666,-391.025
57667,-393.350
57668,-394.850
57669,-387.500
57670,-389.825
57671,-392.000
57672,-394.075
57673,-396.350
57674,-388.600
57675,-390.975
57676,-393.200
57677,-395.425
57678,-397.575
57679,-399.675
57680,-392.150
57681,-394.300
57682,-396.375
57683,-398.725
57684,-401.250
57685,-403.325
57686,-395.375
57687,-397.550
57688,-400.050
57689,-401.950
57690,-404.450
57691,-380.900
57692,-398.325
57693,-400.750
57694,-403.650
57695,-405.800
57696,-382.450
57697,-399.850
57698,-402.450
57699,-404.700
57700,-381.100
57701,-383.475
57702,-385.375
57703,-403.300
57704,-405.425
57705,-382.325
57706,-384.475
57707,-386.400
57708,-389.225
57709,-381.150
57710,-383.725
57711,-385.525
57712,-387.625
57713,-389.975
57714,-392.500
57715,-384.800
57716,-386.925
57717,-388.975
57718,-391.125
57719,-394.075
57720,-396.175
57721,-388.275
57722,-390.150
57723,-392.925
57724,-395.075
57725,-397.325
57726,-389.100
57727,-391.400
57728,-393.950
57729,-396.075
57730,-398.275
57731,-400.700
57732,-392.650
57733,-394.600
57734,-397.350
57735,-399.575
57736,-402.050
57737,-404.400
57738,-395.750
57739,-398.550
57740,-400.325
57741,-403.050
57742,-405.225
57743,-381.825
57744,-399.375
57745,-401.900
57746,-404.200
57747,-406.000
57748,-382.975
57749,-400.550
57750,-403.125
57751,-405.125
57752,-381.775
57753,-384.400
57754,-386.525
57755,-403.700
57756,-406.025
57757,-382.800
57758,-385.575
57759,-387.600
57760,-390.175
57761,-382.075
57762,-383.850
57763,-386.375
57764,-388.950
57765,-391.425
57766,-393.375
57767,-385.275
57768,-387.400
57769,-390.275
57770,-391.875
57771,-394.150
57772,-386.400
57773,-388.700
57774,-391.400
57775,-393.075
57776,-395.675
57777,-398.150
57778,-389.925
57779,-392.375
57780,-394.575
57781,-396.525
57782,-398.950
57783,-401.225
57784,-393.725
57785,-395.650
57786,-398.075
57787,-400.050
57788,-402.550
57789,-404.300
57790,-396.300
57791,-399.225
57792,-401.350
57793,-403.850
57794,-406.275
57795,-382.825
57796,-399.875
57797,-402.350
57798,-404.600
57799,-381.350
57800,-383.475
57801,-401.650
57802,-403.950
57803,-405.975
57804,-382.925
57805,-385.075
57806,-386.975
57807,-405.025
57808,-381.600
57809,-383.850
57810,-385.850
57811,-388.325
57812,-390.400
57813,-382.325
57814,-384.875
57815,-387.325
57816,-389.475
57817,-392.150
57818,-394.300
57819,-385.650
57820,-388.500
57821,-390.650
57822,-393.075
57823,-395.450
57824,-387.450
57825,-389.650
57826,-391.700
57827,-394.150
57828,-396.125
57829,-398.525
57830,-390.675
57831,-392.825
57832,-395.075
57833,-397.750
57834,-399.925
57835,-401.925
57836,-394.200
57837,-396.075
57838,-398.525
57839,-400.750
57840,-402.725
57841,-405.350
57842,-397.425
57843,-399.775
57844,-402.000
57845,-404.100
57846,-406.175
57847,-398.675
57848,-401.100
57849,-403.025
57850,-405.450
57851,-382.550
57852,-384.375
57853,-401.650
57854,-404.700
57855,-381.300
57856,-383.375
57857,-385.925
57858,-388.150
57859,-405.300
57860,-382.200
57861,-384.750
57862,-386.925
57863,-388.750
57864,-391.675
57865,-383.350
57866,-385.400
57867,-387.875
57868,-390.325
57869,-392.450
57870,-394.500
57871,-386.925
57872,-388.850
57873,-391.250
57874,-393.850
57875,-396.125
57876,-387.600
57877,-390.125
57878,-392.150
57879,-394.625
57880,-397.375
57881,-399.550
57882,-391.725
57883,-393.950
57884,-396.050
57885,-397.925
57886,-400.225
57887,-402.450
57888,-395.025
57889,-397.025
57890,-399.575
57891,-401.625
57892,-403.975
57893,-406.575
57894,-398.375
57895,-400.750
57896,-403.050
57897,-405.400
57898,-381.950
57899,-399.550
57900,-401.800
57901,-404.050
57902,-406.550
57903,-382.975
57904,-385.300
57905,-403.000
57906,-405.350
57907,-381.875
57908,-383.950
57909,-386.225
57910,-388.825
57911,-406.200
57912,-383.075
57913,-385.125
57914,-387.650
57915,-390.050
57916,-392.150
57917,-384.375
57918,-386.025
57919,-388.525
57920,-390.575
57921,-393.475
57922,-385.125
57923,-387.400
57924,-389.725
57925,-392.100
57926,-394.575
57927,-396.525
57928,-388.825
57929,-390.725
57930,-393.250
57931,-395.775
57932,-397.675
57933,-399.875
57934,-392.550
57935,-394.400
57936,-396.875
57937,-398.750
57938,-400.800
57939,-403.650
57940,-395.350
57941,-398.125
57942,-399.550
57943,-402.125
57944,-404.625
57945,-381.150
57946,-398.875
57947,-400.825
57948,-403.450
57949,-406.200
57950,-382.525
57951,-400.325
57952,-402.575
57953,-404.700
57954,-381.650
57955,-383.625
57956,-385.850
57957,-403.625
57958,-406.125
57959,-382.825
57960,-384.675
57961,-386.975
57962,-389.250
57963,-381.000
57964,-383.300
57965,-386.050
57966,-388.100
57967,-390.700
57968,-393.100
57969,-384.475
57970,-386.575
57971,-389.475
57972,-391.875
57973,-393.825
57974,-385.825
57975,-388.500
57976,-390.900
57977,-393.025
57978,-395.275
57979,-396.975
57980,-389.150
57981,-391.875
57982,-394.300
57983,-396.350
57984,-398.375
57985,-401.050
57986,-392.775
57987,-395.125
57988,-397.225
57989,-399.950
57990,-402.050
57991,-404.375
57992,-396.550
57993,-398.250
57994,-400.525
57995,-403.375
57996,-405.750
57997,-397.325
57998,-399.875
57999,-401.850
58000,-404.150
58001,-406.350
58002,-382.775
58003,-400.425
58004,-403.375
58005,-405.225
58006,-381.975
58007,-384.050
58008,-386.775
58009,-404.150
58010,-406.700
58011,-382.925
58012,-385.425
58013,-388.000
58014,-390.275
58015,-382.025
58016,-384.150
58017,-386.825
58018,-388.425
58019,-390.825
58020,-393.750
58021,-385.450
58022,-387.275
58023,-390.500
58024,-392.525
58025,-394.550
58026,-386.725
58027,-388.600
58028,-391.175
58029,-393.075
58030,-395.900
58031,-397.950
58032,-390.325
58033,-392.525
58034,-394.925
58035,-397.225
58036,-399.325
58037,-401.375
58038,-393.675
58039,-395.475
58040,-397.750
58041,-399.975
58042,-402.650
58043,-404.875
58044,-397.150
58045,-399.525
58046,-401.850
58047,-403.950
58048,-406.100
58049,-397.750
58050,-400.225
58051,-402.375
58052,-405.200
58053,-381.725
58054,-384.075
58055,-401.150
58056,-403.800
58057,-406.000
58058,-383.075
58059,-385.275
58060,-387.400
58061,-404.875
58062,-381.450
58063,-384.150
58064,-386.175
58065,-388.500
58066,-390.725
58067,-383.125
58068,-385.425
58069,-387.575
58070,-389.575
58071,-392.250
58072,-383.950
58073,-386.375
58074,-388.700
58075,-390.825
58076,-392.800
58077,-394.925
58078,-387.150
58079,-389.625
58080,-392.275
58081,-394.200
58082,-396.050
58083,-398.750
58084,-390.775
58085,-393.475
58086,-395.625
58087,-397.775
58088,-400.175
58089,-402.525
58090,-393.975
58091,-396.175
58092,-398.650
58093,-401.300
58094,-403.375
58095,-405.225
58096,-397.825
58097,-399.875
58098,-402.375
58099,-404.875
58100,-381.500
58101,-398.650
58102,-401.450
58103,-403.350
58104,-406.000
58105,-382.425
58106,-384.750
58107,-402.325
58108,-404.175
58109,-381.550
58110,-383.800
58111,-386.125
58112,-388.175
58113,-405.925
58114,-382.550
58115,-384.850
58116,-386.725
58117,-388.825
58118,-391.350
58119,-383.625
58120,-385.650
58121,-388.325
58122,-389.875
58123,-392.375
58124,-384.300
58125,-387.175
58126,-389.000
58127,-391.425
58128,-394.200
58129,-396.025
58130,-387.775
58131,-390.375
58132,-392.600
58133,-394.725
58134,-397.075
58135,-399.675
58136,-391.725
58137,-393.725
58138,-395.925
58139,-398.525
58140,-400.275
58141,-402.900
58142,-394.700
58143,-397.225
58144,-399.425
58145,-402.125
58146,-404.100
58147,-395.850
58148,-398.025
58149,-400.800
58150,-402.850
58151,-405.125
58152,-382.175
58153,-399.775
58154,-401.550
58155,-403.900
58156,-406.425
58157,-382.825
58158,-385.375
58159,-402.950
58160,-405.400
58161,-381.925
58162,-384.200
58163,-386.625
58164,-388.825
58165,-406.600
58166,-383.400
58167,-384.900
58168,-387.925
58169,-390.125
58170,-391.625
58171,-384.050
58172,-386.375
58173,-388.925
58174,-391.250
58175,-393.200
58176,-385.225
58177,-387.450
58178,-389.975
58179,-392.100
58180,-394.250
58181,-396.350
58182,-388.750
58183,-391.400
58184,-393.300
58185,-395.375
58186,-397.475
58187,-400.350
58188,-391.875
58189,-394.825
58190,-397.000
58191,-399.025
58192,-401.550
58193,-403.875
58194,-395.900
58195,-397.625
58196,-400.525
58197,-402.775
58198,-404.750
58199,-396.600
58200,-399.250
58201,-401.700
58202,-403.525
58203,-406.275
58204,-382.600
58205,-400.025
58206,-402.525
58207,-404.725
58208,-381.150
58209,-383.250
58210,-386.300
58211,-403.800
58212,-406.275
58213,-382.250
58214,-385.150
58215,-386.625
58216,-389.750
58217,-381.625
58218,-383.550
58219,-385.825
58220,-388.625
58221,-390.500
58222,-392.825
58223,-384.775
58224,-387.375
58225,-388.950
58226,-391.800
58227,-394.075
58228,-386.275
58229,-388.250
58230,-390.325
58231,-393.025
58232,-394.850
58233,-397.425
58234,-389.425
58235,-391.425
58236,-393.925
58237,-396.450
58238,-398.475
58239,-400.825
58240,-393.075
58241,-395.475
58242,-397.150
58243,-399.550
58244,-402.225
58245,-404.075
58246,-396.625
58247,-398.925
58248,-401.100
58249,-403.475
58250,-405.600
58251,-397.450
58252,-400.225
58253,-401.850
58254,-404.750
58255,-406.225
58256,-383.625
58257,-400.800
58258,-403.475
58259,-405.275
58260,-382.550
58261,-384.700
58262,-386.325
58263,-404.700
58264,-407.000
58265,-383.250
58266,-385.575
58267,-387.725
58268,-390.550
58269,-382.600
58270,-384.425
58271,-387.000
58272,-388.875
58273,-390.925
58274,-383.400
58275,-385.150
58276,-388.075
58277,-390.425
58278,-392.725
58279,-394.800
58280,-386.625
58281,-388.975
58282,-391.500
58283,-393.525
58284,-395.675
58285,-398.125
58286,-390.375
58287,-392.925
58288,-394.500
58289,-396.925
58290,-399.675
58291,-401.200
58292,-393.775
58293,-396.275
58294,-398.250
58295,-400.500
58296,-403.050
58297,-405.025
58298,-396.875
58299,-399.075
58300,-401.950
58301,-403.850
58302,-406.550
58303,-398.225
58304,-400.650
58305,-402.675
58306,-404.600
58307,-381.675
58308,-384.000
58309,-401.500
58310,-403.900
58311,-406.375
58312,-382.550
58313,-384.900
58314,-386.925
58315,-404.600
58316,-381.775
58317,-383.975
58318,-386.700
58319,-388.875
58320,-391.250
58321,-382.825
58322,-385.200
58323,-387.375
58324,-389.475
58325,-392.200
58326,-384.375
58327,-386.300
58328,-389.000
58329,-390.700
58330,-393.150
58331,-395.450
58332,-387.250
58333,-389.975
58334,-391.775
58335,-394.700
58336,-397.025
58337,-399.100
58338,-390.775
58339,-392.975
58340,-395.550
58341,-397.650
58342,-400.350
58343,-402.175
58344,-394.575
58345,-397.025
58346,-398.575
58347,-401.000
58348,-403.225
58349,-395.375
58350,-397.725
58351,-400.325
58352,-402.500
58353,-404.700
58354,-381.625
58355,-398.725
58356,-401.125
58357,-403.800
58358,-406.175
58359,-382.350
58360,-385.050
58361,-401.950
58362,-404.450
58363,-381.500
58364,-383.875
58365,-385.975
58366,-388.050
58367,-405.450
58368,-382.825
58369,-384.500
58370,-386.825
58371,-389.325
58372,-391.875
58373,-383.725
58374,-385.700
58375,-388.375
58376,-390.675
58377,-392.425
58378,-385.050
58379,-387.275
58380,-389.350
58381,-391.700
58382,-393.825
58383,-396.125
58384,-388.225
58385,-390.825
58386,-392.675
58387,-395.325
58388,-397.150
58389,-399.825
58390,-391.925
58391,-394.125
58392,-396.225
58393,-398.875
58394,-401.100
58395,-402.850
58396,-395.125
58397,-397.350
58398,-399.350
58399,-402.225
58400,-404.350
58401,-396.075
58402,-398.425
58403,-400.650
58404,-403.125
58405,-405.550
58406,-381.675
58407,-399.475
58408,-402.175
58409,-404.650
58410,-406.175
58411,-382.950
58412,-385.000
58413,-403.325
58414,-405.800
58415,-382.200
58416,-384.175
58417,-386.850
58418,-388.850
58419,-406.450
58420,-383.200
58421,-385.475
58422,-388.025
58423,-389.675
58424,-382.550
58425,-384.750
58426,-386.675
58427,-388.575
58428,-391.300
58429,-393.450
58430,-385.900
58431,-387.300
58432,-390.325
58433,-392.050
58434,-394.925
58435,-396.975
58436,-389.025
58437,-391.400
58438,-393.850
58439,-396.050
58440,-398.275
58441,-399.825
58442,-392.275
58443,-394.575
58444,-397.275
58445,-399.525
58446,-401.250
58447,-403.425
58448,-395.425
58449,-398.175
58450,-400.250
58451,-402.450
58452,-405.300
58453,-397.250
58454,-399.175
58455,-401.450
58456,-404.100
58457,-406.425
58458,-382.725
58459,-400.275
58460,-402.775
58461,-405.025
58462,-381.675
58463,-384.100
58464,-385.800
58465,-403.325
58466,-406.075
58467,-382.975
58468,-384.775
58469,-387.050
58470,-389.100
58471,-381.875
58472,-383.800
58473,-385.850
58474,-388.575
58475,-390.975
58476,-383.025
58477,-385.200
58478,-387.625
58479,-389.525
58480,-392.325
58481,-394.350
58482,-386.025
58483,-388.575
58484,-390.500
58485,-392.775
58486,-395.125
58487,-397.875
58488,-389.800
58489,-391.875
58490,-394.350
58491,-396.375
58492,-398.425
58493,-401.250
58494,-393.400
58495,-395.425
58496,-397.575
58497,-399.925
58498,-402.500
58499,-394.575
58500,-396.625
58501,-398.775
58502,-401.200
58503,-403.300
58504,-406.025
58505,-397.925
58506,-399.950
58507,-402.450
58508,-404.475
58509,-381.500
58510,-383.525
58511,-401.375
58512,-403.775
58513,-405.400
58514,-382.175
58515,-384.700
58516,-387.200
58517,-404.875
58518,-381.050
58519,-383.775
58520,-385.325
58521,-388.275
58522,-390.775
58523,-382.250
58524,-384.550
58525,-386.625
58526,-389.050
58527,-391.825
58528,-383.675
58529,-385.975
58530,-388.475
58531,-389.975
58532,-392.375
58533,-394.825
58534,-386.700
58535,-389.400
58536,-391.875
58537,-393.575
58538,-396.275
58539,-398.450
58540,-390.025
58541,-392.975
58542,-394.575
58543,-397.475
58544,-399.725
58545,-402.100
58546,-393.750
58547,-395.650
58548,-398.225
58549,-400.500
58550,-403.325
58551,-394.825
58552,-397.375
58553,-399.050
58554,-401.850
58555,-404.475
58556,-406.475
58557,-398.450
58558,-401.000
58559,-402.850
58560,-405.125
58561,-381.750
58562,-384.100
58563,-401.525
58564,-404.175
58565,-406.675
58566,-383.025
58567,-385.450
58568,-387.975
58569,-405.125
58570,-382.250
58571,-384.200
58572,-386.700
58573,-388.750
58574,-406.425
58575,-382.975
58576,-385.000
58577,-387.600
58578,-389.575
58579,-392.375
58580,-384.150
58581,-386.300
58582,-388.750
58583,-391.400
58584,-393.750
58585,-395.450
58586,-387.925
58587,-389.850
58588,-392.250
58589,-394.750
58590,-396.625
58591,-399.050
58592,-390.825
58593,-393.275
58594,-395.575
58595,-398.350
58596,-400.550
58597,-402.675
58598,-394.350
58599,-397.075
58600,-399.475
58601,-401.500
58602,-403.550
58603,-395.675
58604,-398.250
58605,-400.225
58606,-402.725
58607,-404.925
58608,-381.600
58609,-398.975
58610,-401.350
58611,-403.475
58612,-406.225
58613,-382.925
58614,-384.900
58615,-402.750
58616,-404.850
58617,-381.725
58618,-383.950
58619,-386.175
58620,-388.225
58621,-406.275
58622,-382.975
58623,-384.800
58624,-387.050
58625,-389.325
58626,-381.675
58627,-383.750
58628,-386.400
58629,-388.575
58630,-390.800
58631,-393.025
58632,-385.000
58633,-387.400
58634,-389.325
58635,-391.950
58636,-393.875
58637,-395.975
58638,-388.700
58639,-390.650
58640,-393.200
58641,-395.525
58642,-397.275
58643,-400.050
58644,-392.100
58645,-394.550
58646,-396.425
58647,-398.850
58648,-400.800
58649,-392.875
58650,-395.375
58651,-397.950
58652,-399.475
58653,-402.350
58654,-404.650
58655,-396.125
58656,-398.850
58657,-401.300
58658,-403.175
58659,-405.650
58660,-382.450
58661,-399.650
58662,-402.275
58663,-404.750
58664,-406.600
58665,-383.650
58666,-385.850
58667,-403.350
58668,-405.925
58669,-382.125
58670,-384.750
58671,-386.375
58672,-388.850
58673,-381.000
58674,-383.375
58675,-385.700
58676,-387.800
58677,-390.525
58678,-382.400
58679,-384.750
58680,-386.450
58681,-389.050
58682,-391.050
58683,-393.550
58684,-385.325
58685,-388.175
58686,-390.450
58687,-392.900
58688,-395.050
58689,-397.025
58690,-389.425
58691,-391.625
58692,-393.525
58693,-395.925
58694,-397.925
58695,-400.825
58696,-392.500
58697,-394.750
58698,-397.425
58699,-399.275
58700,-402.050
58701,-393.875
58702,-395.875
58703,-398.225
58704,-400.700
58705,-403.000
58706,-405.175
58707,-397.325
58708,-399.575
58709,-401.500
58710,-404.300
58711,-406.000
58712,-382.950
58713,-400.650
58714,-402.650
58715,-405.225
58716,-382.075
58717,-383.675
58718,-386.350
58719,-403.950
58720,-406.200
58721,-383.075
58722,-385.525
58723,-387.625
58724,-379.275
58725,-381.600
58726,-384.200
58727,-386.675
58728,-388.175
58729,-391.175
58730,-382.975
58731,-385.425
58732,-387.625
58733,-389.950
58734,-391.775
58735,-394.650
58736,-386.475
58737,-388.950
58738,-391.050
58739,-392.875
58740,-395.825
58741,-397.525
58742,-390.025
58743,-391.975
58744,-394.700
58745,-396.575
58746,-399.150
58747,-401.150
58748,-392.975
58749,-395.450
58750,-397.725
58751,-399.950
58752,-402.275
58753,-394.450
58754,-396.775
58755,-399.250
58756,-401.250
58757,-403.350
58758,-405.800
58759,-398.150
58760,-399.675
58761,-402.650
58762,-404.575
58763,-381.225
58764,-383.200
58765,-401.525
58766,-403.300
58767,-405.600
58768,-382.725
58769,-385.075
58770,-387.200
58771,-404.925
58772,-381.625
58773,-383.475
58774,-385.925
58775,-388.325
58776,-405.850
58777,-382.825
58778,-384.975
58779,-387.150
58780,-389.500
58781,-392.050
58782,-383.625
58783,-385.825
58784,-387.775
58785,-390.275
58786,-393.175
58787,-394.800
58788,-386.825
58789,-389.625
58790,-391.925
58791,-393.750
58792,-395.925
58793,-398.375
58794,-390.425
58795,-392.925
58796,-395.425
58797,-397.725
58798,-399.375
58799,-392.000
58800,-394.250
58801,-396.175
58802,-398.750
58803,-401.000
58804,-403.375
58805,-394.800
58806,-397.575
58807,-399.850
58808,-402.175
58809,-404.250
58810,-406.650
58811,-398.450
58812,-401.150
58813,-403.350
58814,-405.350
58815,-382.350
58816,-384.775
58817,-401.925
58818,-404.100
58819,-406.825
58820,-383.025
58821,-385.000
58822,-388.075
58823,-405.700
58824,-382.250
58825,-384.075
58826,-386.725
58827,-388.425
58828,-381.225
58829,-383.575
58830,-385.500
58831,-387.975
58832,-390.425
58833,-392.725
58834,-384.150
58835,-386.825
58836,-389.100
58837,-391.450
58838,-393.300
58839,-396.125
58840,-387.375
58841,-390.375
58842,-392.000
58843,-394.750
58844,-396.575
58845,-399.525
58846,-391.450
58847,-393.825
58848,-395.750
58849,-398.250
58850,-400.800
58851,-392.650
58852,-394.350
58853,-396.725
58854,-399.475
58855,-401.725
58856,-403.450
58857,-395.825
58858,-398.225
58859,-400.800
58860,-402.850
58861,-405.125
58862,-381.600
58863,-399.625
58864,-401.500
58865,-403.775
58866,-406.375
58867,-383.125
58868,-385.200
58869,-403.000
58870,-405.225
58871,-381.375
58872,-384.075
58873,-386.350
58874,-388.375
58875,-406.125
58876,-383.175
58877,-385.050
58878,-387.600
58879,-389.575
58880,-381.950
58881,-384.000
58882,-386.175
58883,-388.500
58884,-391.050
58885,-393.250
58886,-385.050
58887,-387.400
58888,-389.675
58889,-391.875
58890,-394.300
58891,-396.225
58892,-388.750
58893,-390.450
58894,-393.275
58895,-395.150
58896,-397.475
58897,-400.175
58898,-392.275
58899,-394.450
58900,-396.550
58901,-398.450
58902,-401.400
58903,-393.200
58904,-395.325
58905,-397.550
58906,-400.025
58907,-402.250
58908,-404.400
58909,-396.825
58910,-399.175
58911,-401.000
58912,-403.675
58913,-405.225
58914,-382.125
58915,-399.675
58916,-402.150
58917,-404.650
58918,-381.100
58919,-383.525
58920,-385.800
58921,-403.100
58922,-405.700
58923,-382.300
58924,-384.450
58925,-386.525
58926,-404.875
58927,-381.375
58928,-383.800
58929,-385.650
58930,-388.325
58931,-390.175
58932,-382.600
58933,-385.000
58934,-386.625
58935,-389.150
58936,-391.775
58937,-394.250
58938,-386.075
58939,-388.375
58940,-390.575
58941,-392.875
58942,-395.125
58943,-397.250
58944,-389.225
58945,-391.125
58946,-394.125
58947,-395.975
58948,-398.475
58949,-400.850
58950,-392.525
58951,-395.150
58952,-396.825
58953,-399.725
58954,-401.950
58955,-393.950
58956,-396.025
58957,-398.325
58958,-400.600
58959,-403.350
58960,-405.225
58961,-397.150
58962,-399.350
58963,-401.325
58964,-404.250
58965,-406.325
58966,-382.925
58967,-401.150
58968,-403.050
58969,-404.825
58970,-381.825
58971,-384.350
58972,-386.025
58973,-404.150
58974,-406.500
58975,-383.125
58976,-385.725
58977,-387.600
58978,-405.225
58979,-382.075
58980,-384.200
58981,-386.625
58982,-388.950
58983,-391.325
58984,-382.875
58985,-385.725
58986,-387.125
58987,-389.775
58988,-391.875
58989,-394.750
58990,-386.300
58991,-388.600
58992,-391.075
58993,-393.625
58994,-395.475
58995,-397.675
58996,-389.975
58997,-392.050
58998,-394.750
58999,-397.150
59000,-399.275
59001,-391.225
59002,-393.200
59003,-395.925
59004,-398.025
59005,-400.525
59006,-402.550
59007,-394.875
59008,-396.875
59009,-399.175
59010,-401.350
59011,-403.375
59012,-406.100
59013,-397.875
59014,-400.600
59015,-402.250
59016,-404.650
59017,-381.225
59018,-383.675
59019,-401.300
59020,-404.000
59021,-406.000
59022,-382.650
59023,-384.900
59024,-387.100
59025,-404.950
59026,-381.625
59027,-383.875
59028,-386.025
59029,-388.025
59030,-406.100
59031,-382.350
59032,-384.850
59033,-387.050
59034,-389.925
59035,-392.000
59036,-383.750
59037,-386.025
59038,-388.700
59039,-390.675
59040,-393.300
59041,-395.175
59042,-386.975
59043,-389.875
59044,-392.225
59045,-394.550
59046,-396.375
59047,-398.575
59048,-390.500
59049,-393.175
59050,-395.325
59051,-397.275
59052,-400.125
59053,-392.000
59054,-394.475
59055,-396.525
59056,-398.725
59057,-401.000
59058,-403.300
59059,-395.225
59060,-397.375
59061,-399.625
59062,-401.750
59063,-404.650
59064,-381.350
59065,-398.450
59066,-401.250
59067,-403.150
59068,-405.850
59069,-382.400
59070,-384.675
59071,-402.500
59072,-404.150
59073,-381.275
59074,-383.200
59075,-385.675
59076,-402.900
59077,-405.525
59078,-381.850
59079,-384.550
59080,-386.525
59081,-388.675
59082,-381.050
59083,-383.350
59084,-385.575
59085,-388.250
59086,-390.500
59087,-392.775
59088,-384.250
59089,-386.475
59090,-389.325
59091,-390.975
59092,-393.300
59093,-396.050
59094,-387.950
59095,-390.550
59096,-392.675
59097,-394.875
59098,-396.775
59099,-399.125
59100,-391.675
59101,-393.975
59102,-395.925
59103,-398.075
59104,-400.500
59105,-392.425
59106,-395.025
59107,-397.350
59108,-399.375
59109,-401.700
59110,-403.900
59111,-396.075
59112,-398.275
59113,-400.825
59114,-402.625
59115,-404.975
59116,-381.875
59117,-399.425
59118,-401.800
59119,-403.800
59120,-406.125
59121,-383.300
59122,-385.200
59123,-402.750
59124,-405.125
59125,-382.175
59126,-383.675
59127,-385.925
59128,-404.300
59129,-406.650
59130,-382.975
59131,-384.975
59132,-387.725
59133,-390.025
59134,-382.125
59135,-384.050
59136,-386.275
59137,-388.525
59138,-391.175
59139,-393.175
59140,-385.525
59141,-387.625
59142,-389.925
59143,-391.700
59144,-394.475
59145,-396.675
59146,-388.950
59147,-391.300
59148,-393.075
59149,-395.425
59150,-398.075
59151,-389.925
59152,-392.275
59153,-394.025
59154,-396.925
59155,-399.350
59156,-401.525
59157,-393.500
59158,-395.375
59159,-397.425
59160,-399.750
59161,-401.950
59162,-404.700
59163,-396.800
59164,-399.050
59165,-401.025
59166,-403.875
59167,-405.775
59168,-382.500
59169,-400.025
59170,-402.725
59171,-404.700
59172,-381.450
59173,-383.750
59174,-385.900
59175,-403.100
59176,-405.975
59177,-382.925
59178,-385.075
59179,-387.050
59180,-404.875
59181,-381.350
59182,-383.975
59183,-386.250
59184,-388.275
59185,-390.775
59186,-382.600
59187,-385.000
59188,-387.375
59189,-389.775
59190,-392.050
59191,-393.925
59192,-386.000
59193,-388.100
59194,-390.875
59195,-393.100
59196,-395.325
59197,-397.750
59198,-389.775
59199,-391.450
59200,-393.875
59201,-395.875
59202,-398.675
59203,-390.550
59204,-392.525
59205,-395.425
59206,-397.725
59207,-399.175
59208,-401.850
59209,-394.275
59210,-396.075
59211,-398.850
59212,-400.700
59213,-403.375
59214,-405.650
59215,-397.625
59216,-400.050
59217,-402.100
59218,-404.350
59219,-406.900
59220,-383.200
59221,-401.250
59222,-403.250
59223,-405.800
59224,-382.450
59225,-384.100
59226,-402.325
59227,-404.350
59228,-381.300
59229,-383.650
59230,-385.800
59231,-388.000
59232,-405.450
59233,-382.400
59234,-384.500
59235,-386.525
59236,-388.700
59237,-391.450
59238,-383.200
59239,-385.750
59240,-387.975
59241,-389.925
59242,-392.275
59243,-394.875
59244,-386.300
59245,-389.250
59246,-390.975
59247,-393.625
59248,-396.075
59249,-397.825
59250,-390.075
59251,-392.425
59252,-394.600
59253,-397.125
59254,-399.100
59255,-391.225
59256,-393.575
59257,-396.075
59258,-398.325
59259,-400.800
59260,-402.900
59261,-395.050
59262,-396.675
59263,-399.550
59264,-401.800
59265,-404.200
59266,-406.100
59267,-398.150
59268,-400.500
59269,-402.950
59270,-405.225
59271,-381.925
59272,-383.950
59273,-401.575
59274,-404.075
59275,-406.225
59276,-382.700
59277,-384.950
59278,-402.375
59279,-404.925
59280,-381.300
59281,-384.175
59282,-385.925
59283,-388.575
59284,-405.850
59285,-383.050
59286,-384.975
59287,-387.325
59288,-389.975
59289,-392.225
59290,-384.150
59291,-386.400
59292,-388.825
59293,-391.150
59294,-392.825
59295,-395.650
59296,-387.200
59297,-389.775
59298,-392.200
59299,-394.475
59300,-396.225
59301,-388.875
59302,-391.200
59303,-393.450
59304,-394.875
59305,-397.750
59306,-400.250
59307,-392.250
59308,-394.450
59309,-396.875
59310,-398.925
59311,-400.850
59312,-403.775
59313,-395.375
59314,-397.350
59315,-400.250
59316,-402.175
59317,-404.175
59318,-381.450
59319,-399.125
59320,-401.050
59321,-403.475
59322,-405.700
59323,-382.725
59324,-384.600
59325,-402.175
59326,-404.300
59327,-381.300
59328,-383.850
59329,-386.125
59330,-403.700
59331,-405.350
59332,-382.650
59333,-385.050
59334,-386.850
59335,-389.100
59336,-381.550
59337,-383.725
59338,-386.225
59339,-387.725
59340,-390.675
59341,-392.875
59342,-384.900
59343,-386.975
59344,-389.525
59345,-391.600
59346,-394.050
59347,-396.225
59348,-388.050
59349,-390.700
59350,-392.425
59351,-394.950
59352,-396.875
59353,-389.475
59354,-391.875
59355,-393.650
59356,-395.775
59357,-398.250
59358,-401.150
59359,-392.975
59360,-395.275
59361,-397.025
59362,-399.675
59363,-401.850
59364,-404.050
59365,-396.375
59366,-398.175
59367,-400.650
59368,-402.525
59369,-405.275
59370,-382.200
59371,-399.750
59372,-401.525
59373,-403.950
59374,-406.650
59375,-383.475
59376,-375.200
59377,-403.000
59378,-405.400
59379,-382.125
59380,-384.250
59381,-386.725
59382,-404.100
59383,-406.700
59384,-383.275
59385,-385.650
59386,-387.275
59387,-389.825
59388,-381.775
59389,-384.300
59390,-386.725
59391,-388.625
59392,-391.025
59393,-393.650
59394,-385.600
59395,-387.725
59396,-390.175
59397,-392.550
59398,-394.925
59399,-396.925
59400,-388.850
59401,-390.925
59402,-393.650
59403,-395.550
59404,-398.375
59405,-389.875
59406,-391.875
59407,-394.400
59408,-396.725
59409,-399.250
59410,-401.700
59411,-393.750
59412,-396.125
59413,-397.975
59414,-400.325
59415,-402.675
59416,-404.750
59417,-396.800
59418,-399.125
59419,-401.150
59420,-403.850
59421,-405.975
59422,-382.675
59423,-400.650
59424,-402.275
59425,-405.125
59426,-381.350
59427,-383.950
59428,-401.850
59429,-404.050
59430,-406.325
59431,-382.650
59432,-385.225
59433,-387.150
59434,-404.850
59435,-381.975
59436,-383.850
59437,-386.125
59438,-388.275
59439,-390.825
59440,-382.800
59441,-385.075
59442,-387.500
59443,-389.400
59444,-391.925
59445,-394.450
59446,-386.000
59447,-388.325
59448,-390.450
59449,-392.725
59450,-395.175
59451,-387.525
59452,-389.700
59453,-392.250
59454,-394.475
59455,-396.675
59456,-398.925
59457,-390.725
59458,-392.525
59459,-395.650
59460,-397.725
59461,-399.725
59462,-402.000
59463,-394.600
59464,-396.525
59465,-398.375
59466,-400.950
59467,-403.450
59468,-405.450
59469,-397.650
59470,-399.975
59471,-401.850
59472,-404.475
59473,-381.150
59474,-383.650
59475,-401.250
59476,-403.325
59477,-405.800
59478,-381.825
59479,-384.700
59480,-402.100
59481,-404.350
59482,-381.100
59483,-383.625
59484,-386.025
59485,-388.225
59486,-405.650
59487,-382.225
59488,-384.800
59489,-387.125
59490,-388.925
59491,-391.500
59492,-383.475
59493,-385.925
59494,-387.800
59495,-390.250
59496,-392.875
59497,-394.825
59498,-387.100
59499,-389.000
59500,-391.200
59501,-393.625
59502,-395.850
59503,-388.275
59504,-390.150
59505,-392.525
59506,-395.175
59507,-397.025
59508,-399.025
59509,-391.575
59510,-393.300
59511,-396.325
59512,-397.875
59513,-400.750
59514,-403.150
59515,-395.175
59516,-397.025
59517,-399.550
59518,-402.050
59519,-403.775
59520,-406.200
59521,-398.625
59522,-400.600
59523,-402.575
59524,-405.075
59525,-381.850
59526,-384.375
59527,-401.900
59528,-404.075
59529,-406.275
59530,-382.800
59531,-385.300
59532,-403.000
59533,-405.350
59534,-382.250
59535,-383.800
59536,-385.975
59537,-388.950
59538,-406.575
59539,-382.600
59540,-384.950
59541,-387.850
59542,-389.975
59543,-392.050
59544,-384.450
59545,-386.450
59546,-388.875
59547,-390.975
59548,-393.075
59549,-395.650
59550,-387.400
59551,-389.825
59552,-391.875
59553,-394.350
59554,-396.775
59555,-388.425
59556,-391.050
59557,-393.550
59558,-395.725
59559,-397.875
59560,-400.075
59561,-392.425
59562,-394.575
59563,-396.725
59564,-399.375
59565,-400.800
59566,-403.950
59567,-395.675
59568,-397.725
59569,-400.075
59570,-402.750
59571,-404.350
59572,-381.400
59573,-398.975
59574,-401.650
59575,-403.875
59576,-405.925
59577,-382.825
59578,-400.150
59579,-402.125
59580,-404.950
59581,-381.450
59582,-383.900
59583,-386.175
59584,-403.650
59585,-405.875
59586,-382.650
59587,-385.075
59588,-386.925
59589,-389.225
59590,-381.450
59591,-383.675
59592,-386.125
59593,-388.400
59594,-390.425
59595,-393.150
59596,-385.150
59597,-387.450
59598,-389.325
59599,-391.625
59600,-393.750
59601,-395.875
59602,-387.725
59603,-390.675
59604,-392.800
59605,-395.325
59606,-397.825
59607,-389.225
59608,-391.875
59609,-394.050
59610,-396.350
59611,-398.425
59612,-400.500
59613,-393.200
59614,-395.250
59615,-397.225
59616,-400.125
59617,-401.900
59618,-404.150
59619,-396.225
59620,-398.875
59621,-400.600
59622,-402.650
59623,-405.500
59624,-381.825
59625,-399.625
59626,-401.800
59627,-404.600
59628,-406.225
59629,-383.250
59630,-400.600
59631,-403.525
59632,-405.650
59633,-382.175
59634,-384.100
59635,-386.700
59636,-404.350
59637,-406.675
59638,-382.975
59639,-385.700
59640,-387.725
59641,-390.025
59642,-382.500
59643,-384.200
59644,-386.400
59645,-389.000
59646,-390.975
59647,-393.675
59648,-385.525
59649,-388.075
59650,-389.975
59651,-392.050
59652,-394.200
59653,-386.800
59654,-388.625
59655,-391.550
59656,-393.750
59657,-395.725
59658,-398.225
59659,-390.025
59660,-392.425
59661,-395.050
59662,-396.650
59663,-399.275
59664,-401.350
59665,-393.575
59666,-395.675
59667,-398.025
59668,-400.650
59669,-402.775
59670,-405.275
59671,-397.350
59672,-399.250
59673,-401.375
59674,-403.650
59675,-406.075
59676,-383.025
59677,-400.700
59678,-402.650
59679,-405.075
59680,-381.825
59681,-384.350
59682,-401.525
59683,-404.275
59684,-406.075
59685,-383.075
59686,-385.275
59687,-387.500
59688,-405.125
59689,-381.650
59690,-383.800
59691,-386.475
59692,-388.675
59693,-390.650
59694,-383.025
59695,-385.525
59696,-388.000
59697,-389.825
59698,-392.150
59699,-394.475
59700,-386.250
59701,-388.925
59702,-391.075
59703,-393.100
59704,-395.225
59705,-387.300
59706,-389.525
59707,-391.950
59708,-394.400
59709,-396.475
59710,-398.550
59711,-391.225
59712,-393.075
59713,-395.325
59714,-398.050
59715,-399.675
59716,-402.100
59717,-394.550
59718,-396.925
59719,-399.250
59720,-401.300
59721,-403.375
59722,-405.800
59723,-397.375
59724,-400.050
59725,-402.225
59726,-404.650
59727,-381.100
59728,-399.125
59729,-401.250
59730,-403.700
59731,-405.600
59732,-382.650
59733,-384.625
59734,-402.500
59735,-404.400
59736,-381.400
59737,-383.725
59738,-386.125
59739,-388.475
59740,-406.075
59741,-382.175
59742,-385.125
59743,-387.000
59744,-389.125
59745,-391.175
59746,-383.475
59747,-385.600
59748,-388.275
59749,-390.325
59750,-392.725
59751,-394.850
59752,-386.850
59753,-389.050
59754,-391.975
59755,-393.775
59756,-396.375
59757,-388.350
59758,-390.275
59759,-392.875
59760,-395.225
59761,-397.625
59762,-399.375
59763,-391.500
59764,-394.175
59765,-396.050
59766,-398.525
59767,-400.925
59768,-403.325
59769,-395.325
59770,-397.625
59771,-399.425
59772,-401.550
59773,-404.000
59774,-406.775
59775,-398.225
59776,-400.375
59777,-403.250
59778,-405.450
59779,-382.425
59780,-399.425
59781,-402.000
59782,-404.550
59783,-406.550
59784,-383.025
59785,-385.325
59786,-402.950
59787,-405.050
59788,-382.200
59789,-383.950
59790,-386.850
59791,-388.850
59792,-406.775
59793,-383.075
59794,-385.125
59795,-387.875
59796,-390.275
59797,-392.000
59798,-384.300
59799,-386.725
59800,-389.025
59801,-390.975
59802,-393.075
59803,-385.400
59804,-387.625
59805,-390.375
59806,-392.250
59807,-394.500
59808,-396.975
59809,-388.950
59810,-390.825
59811,-393.275
59812,-395.525
59813,-397.825
59814,-400.500
59815,-392.325
59816,-394.550
59817,-396.650
59818,-399.100
59819,-401.700
59820,-403.700
59821,-395.575
59822,-398.250
59823,-400.050
59824,-402.525
59825,-405.275
59826,-381.075
59827,-399.350
59828,-401.900
59829,-403.375
59830,-406.275
59831,-382.925
59832,-400.600
59833,-402.625
59834,-405.125
59835,-381.525
59836,-383.475
59837,-386.450
59838,-403.875
59839,-405.900
59840,-382.650
59841,-384.750
59842,-387.525
59843,-390.025
59844,-381.775
59845,-384.150
59846,-385.750
59847,-388.775
59848,-390.775
59849,-393.200
59850,-384.950
59851,-387.500
59852,-389.575
59853,-391.925
59854,-394.375
59855,-386.175
59856,-388.525
59857,-391.025
59858,-392.625
59859,-395.675
59860,-397.550
59861,-390.025
59862,-392.050
59863,-394.550
59864,-396.725
59865,-398.750
59866,-401.150
59867,-393.300
59868,-395.350
59869,-397.525
59870,-399.850
59871,-401.950
59872,-404.450
59873,-396.825
59874,-398.550
59875,-401.250
59876,-403.125
59877,-405.875
59878,-372.350
59879,-400.175
59880,-402.250
59881,-404.400
59882,-381.500
59883,-383.550
59884,-400.750
59885,-403.125
59886,-405.275
59887,-382.250
59888,-384.425
59889,-386.900
59890,-404.825
59891,-381.400
59892,-383.400
59893,-385.650
59894,-388.100
59895,-390.275
59896,-382.300
59897,-384.625
59898,-386.900
59899,-389.000
59900,-391.500
59901,-393.950
59902,-385.825
59903,-387.575
59904,-390.275
59905,-392.500
59906,-394.800
59907,-386.775
59908,-389.425
59909,-391.400
59910,-394.150
59911,-396.375
59912,-397.950
59913,-389.925
59914,-392.925
59915,-394.800
59916,-397.275
59917,-399.825
59918,-401.825
59919,-393.925
59920,-396.050
59921,-398.050
59922,-400.450
59923,-403.250
59924,-405.225
59925,-397.075
59926,-399.475
59927,-402.050
59928,-403.975
59929,-405.975
59930,-398.350
59931,-401.000
59932,-402.625
59933,-405.425
59934,-381.825
59935,-384.050
59936,-401.450
59937,-404.375
59938,-406.500
59939,-382.700
59940,-385.125
59941,-387.500
59942,-405.550
59943,-382.175
59944,-384.250
59945,-386.300
59946,-388.400
59947,-390.925
59948,-382.975
59949,-384.950
59950,-387.125
59951,-389.750
59952,-392.225
59953,-384.400
59954,-386.375
59955,-388.825
59956,-390.800
59957,-393.575
59958,-395.850
59959,-387.650
59960,-389.775
59961,-392.375
59962,-394.375
59963,-396.525
59964,-399.175
59965,-391.300
59966,-393.450
59967,-395.675
59968,-398.150
59969,-400.450
59970,-402.250
59971,-394.850
59972,-396.825
59973,-399.025
59974,-401.650
59975,-403.975
59976,-405.650
59977,-398.150
59978,-400.025
59979,-402.500
59980,-404.875
59981,-381.400
59982,-399.375
59983,-401.350
59984,-403.675
59985,-405.700
59986,-382.875
59987,-385.125
59988,-402.850
59989,-404.775
59990,-381.500
59991,-383.750
59992,-385.650
59993,-388.600
59994,-406.375
59995,-382.775
59996,-385.125
59997,-387.000
59998,-389.500
59999,-391.700
60000,-384.075
60001,-386.075
60002,-388.600
60003,-390.875
60004,-392.775
60005,-384.800
60006,-387.250
60007,-389.675
60008,-391.325
60009,-394.125
60010,-396.375
60011,-388.275
60012,-390.675
60013,-392.800
60014,-395.525
60015,-397.250
60016,-400.050
60017,-391.875
60018,-393.925
60019,-396.600
60020,-398.925
60021,-401.200
60022,-403.125
60023,-395.225
60024,-397.375
60025,-399.925
60026,-402.375
60027,-404.650
60028,-370.725
60029,-398.950
60030,-400.950
60031,-402.900
60032,-405.350
60033,-382.450
60034,-399.350
60035,-402.325
60036,-404.650
60037,-406.875
60038,-383.475
60039,-385.800
60040,-403.050
60041,-405.800
60042,-382.075
60043,-384.350
60044,-386.900
60045,-389.000
60046,-406.650
60047,-383.300
60048,-385.450
60049,-387.500
60050,-390.250
60051,-392.275
60052,-384.150
60053,-386.525
60054,-388.800
60055,-391.500
60056,-393.525
60057,-385.750
60058,-387.875
60059,-390.225
60060,-392.325
60061,-394.750
60062,-397.275
60063,-389.325
60064,-391.400
60065,-393.950
60066,-395.825
60067,-398.450
60068,-400.750
60069,-392.525
60070,-395.125
60071,-397.350
60072,-399.650
60073,-401.200
60074,-403.625
60075,-396.275
60076,-398.225
60077,-400.750
60078,-402.750
60079,-405.325
60080,-396.925
60081,-399.350
60082,-401.575
60083,-404.200
60084,-406.375
60085,-382.650
60086,-400.575
60087,-402.750
60088,-405.075
60089,-382.075
60090,-383.850
60091,-385.900
60092,-403.975
60093,-406.125
60094,-382.975
60095,-384.775
60096,-387.600
60097,-390.075
60098,-381.350
60099,-383.900
60100,-386.400
60101,-388.500
60102,-390.550
60103,-392.725
60104,-385.525
60105,-386.975
60106,-389.400
60107,-391.725
60108,-394.700
60109,-386.625
60110,-388.700
60111,-391.200
60112,-393.300
60113,-395.350
60114,-397.875
60115,-389.925
60116,-392.275
60117,-394.400
60118,-396.325
60119,-398.575
60120,-401.050
60121,-393.200
60122,-395.175
60123,-397.925
60124,-400.350
60125,-402.050
60126,-404.450
60127,-396.325
60128,-399.150
60129,-401.200
60130,-403.950
60131,-405.850
60132,-397.775
60133,-400.075
60134,-402.100
60135,-404.650
60136,-381.350
60137,-383.725
60138,-401.150
60139,-403.750
60140,-405.400
60141,-382.700
60142,-384.800
60143,-386.975
60144,-404.775
60145,-381.500
60146,-383.725
60147,-385.850
60148,-388.000
60149,-390.450
60150,-382.250
60151,-385.000
60152,-387.200
60153,-389.150
60154,-391.450
60155,-383.375
60156,-386.175
60157,-388.425
60158,-390.275
60159,-392.775
60160,-394.650
60161,-386.675
